462 168 235 407 96
288 193 416 15 311 228 308 307 357 155 203 322 134
1 2 3 4 5 6 7 8 9 10 192 483 370 162 36 448 355 303 239
201 202 203 204 205 1 219 239 382 446 49 400 328 304 285 310 355 108 253 475 365
403 168 459 495 90
201 202 203 204 205 360 398 10 232 299 170 24 282 294 235 52 335 266 468 106
162 357 457 272 58 377 453 453 249 203 162 208 432
1 2 3 4 5 6 7 8 9 10 101 102 103 104 105 106 107 108 109 110 111 112 113 114 115 316 109 241 478 121 183 115 279 59 421 477 335 428 75 177 64
101 102 103 104 105 106 107 108 109 110 111 112 113 114 115 201 202 203 204 205 236 225 6 383 134 214 16
1 2 3 4 5 6 7 8 9 10 201 202 203 204 205 379 390 221 187 156 34 468 80 454
101 102 103 104 105 106 107 108 109 110 111 112 113 114 115 201 202 203 204 205 92 105 455 320 204 114 411 224 285 106
20 251 207 451 195
201 202 203 204 205 316 286 202 133 412 118 65 24 6 349 259 201 298 309 1 279
314 79 155 252 186
255 341 442 36 476 158 136 370 389 364 167 258
201 202 203 204 205 244 168 402 168 360 387 207 283 89 326
131 455 354 357 454 270 309
201 202 203 204 205 417 418 151 300 125 317 179 13 427 422 425
462 271 245 426 53 448 371 64 278 65 437 490
105 213 381 225 186 412 170 241 118 411
76 156 122 195 301 167 229 228 32 263 399 454 341 50 329 44
1 2 3 4 5 6 7 8 9 10 344 455 172 367 21 266 318 378 36 22 206 447 418 156 22
35 262 315 402 494 319 168 345
71 459 82 379 453 76 492
422 119 112 52 357 169 72 207 392 69
201 202 203 204 205 179 481 160 357 193 333 495 165 98 202 354 330 168 440 189
201 202 203 204 205 388 105 456 404 423 360 494 21 379 396 425 165
108 499 21 42 161 4 182 366 362
284 483 258 10 220 427 354 192 68 94 202 416 188 194
344 208 339 149 37 352
201 202 203 204 205 459 237 289 463 36
201 202 203 204 205 206 140 302 359 415 91 128
239 391 462 249 110 337 267 153 446 461 382 160 70 118 252
238 76 344 305 359 391 112 373 191 420 130 151 437 123 423
1 2 3 4 5 6 7 8 9 10 417 152 96 399 331 26 270 260 335
28 392 283 373 186 175 41 27 125 100 457
296 395 484 216 322
101 102 103 104 105 106 107 108 109 110 111 112 113 114 115 201 202 203 204 205 43 287 57 73 485 416 301 90 295 308 405 369 240
1 2 3 4 5 6 7 8 9 10 152 133 407 37 132 74 313 187 364 102 423
51 152 323 240 66 215 68 83 271 250 122 369 19 454 39
426 351 414 218 493 493 47 41 475 145 388 135 17 306 275
201 202 203 204 205 314 391 481 391 396 215 29 445 143 20 195 403 458
207 280 396 355 91 317 330 32 264 77 135 276
277 383 55 133 62 396 148
101 102 103 104 105 106 107 108 109 110 111 112 113 114 115 415 483 212 399 401 487
187 368 146 87 194 487 299 36 139 262
101 102 103 104 105 106 107 108 109 110 111 112 113 114 115 201 202 203 204 205 197 3 174 403 273 305 193 254 90 106 402 183 293 82
471 2 477 459 275 165 35 305
201 202 203 204 205 368 68 222 316 490 63 163 226 158 211 363 498 325
1 2 3 4 5 6 7 8 9 10 201 202 203 204 205 95 260 118 385 325 140 119 79 51 246 407 454
13 466 125 145 266 289 279 371 33 137
1 2 3 4 5 6 7 8 9 10 101 102 103 104 105 106 107 108 109 110 111 112 113 114 115 201 202 203 204 205 327 468 8 457 31 270 411 12 319 243 375 178
270 466 9 146 201 17 473 433 145 327 60 393 339 184 293 400
101 102 103 104 105 106 107 108 109 110 111 112 113 114 115 64 64 281 329 52 153 91 144 375
418 384 265 44 12 440 249 83 2 64 483 272
1 2 3 4 5 6 7 8 9 10 207 120 94 428 357 35
1 2 3 4 5 6 7 8 9 10 201 202 203 204 205 163 49 426 407 499 349 124 34 264 251 201 303 497 498 120 161
355 84 166 338 406 360 140 392 492 128 363 186 476
1 2 3 4 5 6 7 8 9 10 201 202 203 204 205 436 11 334 451 326 416 197 339 481 330 74 155 217 103 136
201 202 203 204 205 349 147 301 26 327 310 63
201 202 203 204 205 435 465 342 111 190 310 235
1 2 3 4 5 6 7 8 9 10 58 445 398 94 203 349 57 142 256 139 201 49
201 202 203 204 205 407 362 124 277 319 420 206 330 380 20 128 129 261
240 342 160 411 52 107 228 247 98 408
264 357 51 394 161 358 499 97 165 122 406 314 285 266
1 2 3 4 5 6 7 8 9 10 357 64 336 76 173 490 421 295 64
75 179 451 421 350 438 314 36 71 462 498 366 279 325 58
438 224 289 192 64 233 348 16 473 297 277
227 431 80 493 349 450 224 481 83 182 413
302 201 405 169 260 229 457 286 485 479 489 103 25 260 482 486
201 202 203 204 205 401 345 31 468 239 185 224 342 496 85 445
109 292 158 347 402 134 226 148
201 202 203 204 205 133 41 139 348 240 171 409 42 162 403 108 197
331 46 421 336 69 101 3 220
201 202 203 204 205 402 492 7 421 205 386 101 490 27 206 454 478 347
412 83 482 90 117 452 265 256 380 409 78
201 202 203 204 205 264 387 46 335 89 440 42 148 383 487
446 353 439 297 114 408 130 372 218 155 496 248 198 447 350
332 478 448 310 474
159 53 221 130 345 11 274 282 223
101 102 103 104 105 106 107 108 109 110 111 112 113 114 115 201 202 203 204 205 46 346 446 92 281 445 82 357 252 429 346 338 181 336 409
1 2 3 4 5 6 7 8 9 10 368 304 110 376 413
101 102 103 104 105 106 107 108 109 110 111 112 113 114 115 477 327 343 64 210 134
218 126 70 177 59 243 158 338 312 354 354 174 494 337
339 333 225 152 111 221
454 296 236 262 125 465 410 185 383 134 127
1 2 3 4 5 6 7 8 9 10 101 102 103 104 105 106 107 108 109 110 111 112 113 114 115 393 252 454 151 364 328 32 158 404 428 375 201 223 476 422 157
1 2 3 4 5 6 7 8 9 10 201 202 203 204 205 461 334 93 5 249 83 300 60 220 111 186 47
1 2 3 4 5 6 7 8 9 10 201 202 203 204 205 253 265 472 360 458 251 261 331 418 101 344
395 202 142 22 100
201 202 203 204 205 341 452 494 108 228 181 117 169 305 421 100 441 228
459 321 320 421 477 300
1 2 3 4 5 6 7 8 9 10 49 431 372 194 102 318 316 42 205 401 236 7 381 203 207 130
47 54 181 158 128 209 23 263 5 273 492 76 397 298 34
201 202 203 204 205 137 295 327 152 225 459 140 216 185 195 144 51 159 28
487 147 250 417 355 15 56 176 188 440
201 202 203 204 205 244 282 242 429 11 67 328 83 278 141 457
82 128 100 306 112 337 271 235 320
233 440 289 261 321
125 31 124 183 393
1 2 3 4 5 6 7 8 9 10 239 302 110 224 419 343 344 347 214 432 345 439
477 192 58 379 22 449 220 69 236
78 17 105 274 393 299 140 458 75 444 345 291 186 241
201 202 203 204 205 182 469 403 441 149 43 299 158 67 232 314 89 267 199 352 50
218 402 305 56 220 271 275 67 86 499 112 336 438 134 415 332
1 2 3 4 5 6 7 8 9 10 201 202 203 204 205 259 182 367 226 312 387 58 189 24
352 448 176 174 78 406 469 475 92 251 205 355
201 202 203 204 205 77 27 500 336 228 326 449
101 102 103 104 105 106 107 108 109 110 111 112 113 114 115 201 202 203 204 205 18 260 364 394 359 340 48 128 266 464 303
201 202 203 204 205 300 407 159 447 112
201 202 203 204 205 488 80 56 468 276 354 44 18 195 26 477 324 11 346 446 380
468 352 466 210 15 58
201 202 203 204 205 105 91 57 450 72 85 242 301 368 316
400 221 286 433 259
368 15 326 27 258 301
403 461 380 211 6 115 31 48 104 374
94 134 202 68 149 362 352 152 236 336 460 160 382 74
207 462 308 12 361 471 30 79 434 191 451 376 133 417 248 33
452 368 3 384 308 20 420 444 441 264 270 28 415
1 2 3 4 5 6 7 8 9 10 310 280 462 15 232 40 492 96 209
1 2 3 4 5 6 7 8 9 10 20 427 166 380 494 23 231 448 70
58 39 323 132 241 103 4 418
251 386 386 231 453 365 372 170 39 381 354 432 438
201 202 203 204 205 307 484 376 156 407 490 356 322 201 8
123 12 351 448 170 336 327 366 278 378 493 223 315 492
201 202 203 204 205 434 63 462 285 456 91 83 496 281 344 424 294 277
235 252 112 284 397 325 99 218 132 37 69
1 2 3 4 5 6 7 8 9 10 461 407 221 46 245 298 248 57 474
1 2 3 4 5 6 7 8 9 10 201 202 203 204 205 500 281 101 326 390 135
1 2 3 4 5 6 7 8 9 10 202 477 139 226 406 54 88 16 421 403 144 122 294 358 296
210 354 13 52 461 95 461 135 243 444 468 449 476 264 132 33
1 2 3 4 5 6 7 8 9 10 201 202 203 204 205 114 338 444 259 428 458 303 131 451 215 127
1 2 3 4 5 6 7 8 9 10 437 26 449 195 192 214 388 11 254 135 212 485 326 117 259
201 202 203 204 205 225 30 441 44 312 315 40 240 196 76 478
201 202 203 204 205 243 500 347 442 394 85 333 285 151 247 358 14 342 373 427 167
8 422 338 125 307 201
201 202 203 204 205 138 390 318 452 446 412 433 344
201 202 203 204 205 161 342 81 417 450 410 3 299 350 50
201 202 203 204 205 80 224 420 365 372 396 475 153 425 447 239 451
101 102 103 104 105 106 107 108 109 110 111 112 113 114 115 472 407 354 498 435 347 442 66
107 326 98 225 76 172 496 312 208 178 3 152 149 218 488
1 2 3 4 5 6 7 8 9 10 178 234 316 271 58 317 379 25 283 172 190 407 34
201 202 203 204 205 230 193 104 274 329 307 64 224 173
201 202 203 204 205 449 124 299 414 59 279 42 438 354 445 101
201 202 203 204 205 400 158 137 84 459 404 98
1 2 3 4 5 6 7 8 9 10 201 202 203 204 205 49 481 260 265 479 136 272 396
201 202 203 204 205 273 6 383 348 115 243 198 271 397 194 72 254 238 126
450 456 83 402 13 405 62 447
1 2 3 4 5 6 7 8 9 10 92 103 276 110 309 231 398 447 377 333 121 470 239 404
44 75 293 361 85 100 480 230 462 370 260
324 122 362 418 218 341 184 291 375 203 156 318 185 429 355
201 202 203 204 205 122 81 188 154 290
282 376 324 382 283 84 373 458 405 266 245
65 355 471 322 389 424 155 182 210 77 471 348 292 431 346
209 143 493 234 499 487 316 367 455 188 67 156 459 268
201 202 203 204 205 445 12 439 115 37
1 2 3 4 5 6 7 8 9 10 201 202 203 204 205 215 434 124 196 179 24 373 167 148 205 299 471 140 433 495
201 202 203 204 205 62 434 6 59 201 108 48 135
1 2 3 4 5 6 7 8 9 10 201 202 203 204 205 276 66 276 476 428 30 370 364 471 45 178 357 266
1 2 3 4 5 6 7 8 9 10 163 164 67 106 136 276 89 367 128 132 253 277 138 201 220
499 85 474 184 86 50 26 149 425 450 174 320 138
193 460 49 149 432 363 389 253
201 202 203 204 205 400 51 46 487 289 140 206 228 263 366 395 368
461 83 239 100 392 423
1 2 3 4 5 6 7 8 9 10 201 202 203 204 205 127 377 176 78 436 432
73 145 364 261 279 454 207 47 458
1 2 3 4 5 6 7 8 9 10 59 239 482 374 376 29 17 487 316 392 312
201 202 203 204 205 389 309 252 149 311 312 108 221 319 425 350 354
2 84 148 18 150
133 362 116 488 256 453
158 480 246 305 496 159
201 202 203 204 205 494 243 92 351 462 172 24 409 237
339 199 489 358 244 212 333 115 363 318
47 149 241 171 363 243 193 436 273 454
263 221 87 399 74 391
296 363 49 440 90 245 327 143
1 2 3 4 5 6 7 8 9 10 190 376 334 85 286 83 50 477 264
1 2 3 4 5 6 7 8 9 10 391 423 463 137 435 260 384 196 156
201 202 203 204 205 63 191 329 195 238 144 38 286 250 222
135 438 442 63 254 374 363 410 277 174 57 53 238
201 202 203 204 205 129 225 154 271 339 291 406 78 144 329 377 123 30 68
240 460 417 68 101 109 74
201 202 203 204 205 112 337 368 271 208 95 173 158 239 480 160
1 2 3 4 5 6 7 8 9 10 201 202 203 204 205 484 450 62 350 331
44 469 365 318 56 242 198 132 386 223 141
201 202 203 204 205 341 325 163 170 286 350 393 500 419 199 388 325 108 185 183
230 66 58 270 45 355 113 238 301 486 246 467
184 234 214 267 488
351 342 29 110 58 42 295 36 499 116 103 206 159 136 351
70 193 391 219 323 14 43 161 167 366 463 396 196 404
201 202 203 204 205 117 50 315 448 156 13 452 465 427 375 336
201 202 203 204 205 283 52 437 51 319 142 5
71 280 204 30 462 299 373 17
201 202 203 204 205 492 60 331 432 388 237 493 280 367 131 10 251
201 202 203 204 205 37 258 52 273 413
201 202 203 204 205 286 88 360 318 84
1 2 3 4 5 6 7 8 9 10 201 202 203 204 205 446 451 7 190 339 259 284 100 407 337 137 261
198 32 314 211 274 287 284 29 13 87 335 11
394 288 16 205 30 333 96 247 254 139 135 363 67 304
101 102 103 104 105 106 107 108 109 110 111 112 113 114 115 209 171 301 275 27 271 224 206 476 166 407 262 438
410 111 186 179 110 19 29 130 325 327 315
201 202 203 204 205 291 332 277 279 358 465 301 305 78 177 99 209 465 62 246 152
383 77 415 402 238 164 318 159 85 31 447 297 468 464
1 2 3 4 5 6 7 8 9 10 197 387 417 305 347 196
1 2 3 4 5 6 7 8 9 10 63 140 131 9 102 231 284 188 382 75 52 292 107 195 203
155 142 371 362 346 356 458 498 389
227 97 87 203 237 336 64 2 6 182 446 70 279 193 166 445
487 307 50 109 425 390 152 310 499 294 207
1 2 3 4 5 6 7 8 9 10 201 202 203 204 205 356 259 201 322 415
141 4 218 44 51 351 253 467 189 86 36 439 333
101 102 103 104 105 106 107 108 109 110 111 112 113 114 115 201 202 203 204 205 28 68 172 99 350 147 300 341 289
19 141 208 432 494 473 278 229 467 221 278
237 90 160 144 208 433 467 131 274 339 203 107 285 380 266
1 2 3 4 5 6 7 8 9 10 201 202 203 204 205 473 58 2 319 425 349 90 290 490 452
1 2 3 4 5 6 7 8 9 10 250 376 140 354 430 331 213
201 202 203 204 205 24 161 320 20 229 436 72 352 109
231 402 235 329 431 442 280 186 357 445 299 485 296 442 99 153
379 313 389 39 338 450 312 346 199 410
201 202 203 204 205 299 499 498 33 159 225 415 335 175 89 309 2 335
1 2 3 4 5 6 7 8 9 10 308 224 270 381 189 114 290 494 268 32 487 284 248 103 499
88 172 248 42 349 487 463 365 225 402 97
1 2 3 4 5 6 7 8 9 10 335 367 52 358 194 490 83 480 393 249 351
246 13 249 108 329 58 73 194
1 2 3 4 5 6 7 8 9 10 422 377 35 398 9 9 317 147 77 96
344 467 456 264 29 255
61 203 278 255 3 416 19 85 457 209 107 279 52 134 72 46
267 372 63 206 106 159 244 118 443 201 365
413 185 332 221 154 289 336 71 442
217 365 55 430 20 448 292 287 158 245
112 446 258 156 138 480 364
419 2 406 465 84 184
412 378 246 291 251 339
249 467 340 179 400 304 377 95 470
201 202 203 204 205 145 300 467 377 257 419 58 27 414 286 395 7
306 16 267 263 316 434 95 272 368
332 244 64 176 414 252
1 2 3 4 5 6 7 8 9 10 13 420 106 109 321
240 376 83 81 113 493 479 170
101 102 103 104 105 106 107 108 109 110 111 112 113 114 115 201 202 203 204 205 363 191 433 399 442 60 58 462 229 38 415 208
101 102 103 104 105 106 107 108 109 110 111 112 113 114 115 291 209 468 22 13 309 233 166 42 19 486 208 145
201 202 203 204 205 172 334 269 488 321 451 423
201 202 203 204 205 184 31 458 366 117 358 425 198 230 220 270 300
46 240 35 46 198 52 97 58 470 61 349 391
1 2 3 4 5 6 7 8 9 10 251 496 157 282 111
1 2 3 4 5 6 7 8 9 10 201 202 203 204 205 155 169 170 276 15 25
1 2 3 4 5 6 7 8 9 10 24 296 378 238 158 476 341
201 202 203 204 205 357 375 128 1 239 440 230 177 220 56
220 23 185 246 213 189 7 340 356 59 71 129 185 44 61
30 198 277 110 4 445 473 469
1 2 3 4 5 6 7 8 9 10 153 472 132 313 144 11 456 163 150
390 158 459 289 232 118 318 25 258 153 153 90 138 41
201 202 203 204 205 451 158 441 477 407 379 259 469 139 181 172 323 121
9 246 234 307 398 148 464 53 341 78 314 74 137 366
1 2 3 4 5 6 7 8 9 10 101 102 103 104 105 106 107 108 109 110 111 112 113 114 115 390 165 95 489 243 279 11
142 442 204 374 81 75 4 352 183 155 268
175 185 238 260 225 90 300 490 236 500 70
201 202 203 204 205 321 337 58 283 136 154 105 284 195 366 208 88 284
201 202 203 204 205 284 171 14 168 202
201 202 203 204 205 473 267 85 232 325 126 76 359 390 279 146 46 338 285
132 208 194 330 84 64 14 29 210 31 221 157 334 245 259
201 202 203 204 205 221 160 351 333 319 134
201 202 203 204 205 486 187 347 172 243 245 481 120 439 424 108 206 124 466 369 477
201 202 203 204 205 416 373 31 418 107 364 187 84 182 5 18
436 348 306 111 65 132 58 98 393 437 367 489
108 472 378 279 413 285 154 89 313 370
201 202 203 204 205 189 251 160 388 18 336 251 349 175 171
76 304 189 241 106
101 102 103 104 105 106 107 108 109 110 111 112 113 114 115 450 349 23 60 182 495 432 486 333
293 418 431 9 416 156 409 35 88
201 202 203 204 205 405 215 488 458 103 102 238 127 189 265 418
282 361 122 204 347
201 202 203 204 205 372 194 44 219 122 348 138 414 442 333 285 360 58
1 2 3 4 5 6 7 8 9 10 201 202 203 204 205 92 274 316 197 362 342 163 140 303 313
201 202 203 204 205 54 496 449 261 63 476 150 487 210
1 2 3 4 5 6 7 8 9 10 284 321 412 434 403 457 122 133 5 452 240 437
133 29 290 146 247 6 170 32 302 388 280 377 317
41 373 135 122 5 209 95 442 44 183 226 291 305 137 175 66
201 202 203 204 205 438 358 53 208 309 363 17 159 360 288 17 411 311 357
18 108 196 51 343 270 423 208 47 453 167 152 29
1 2 3 4 5 6 7 8 9 10 431 89 330 11 398 79 373 302 264 223 132
70 270 122 56 307 123 132 449 162
45 316 107 238 398 328 347 310 475 41 224 165 196
285 348 350 344 136 102 332 497 198 75 360 450 198 149 496
170 151 460 147 405 64 120 307 158 201 238 104 392 117
165 311 73 352 376 328 460 347 109 278 463 383 8
201 202 203 204 205 274 208 196 443 256 254 447 198 292 277 256 303 188 55
403 95 431 233 470 87
283 283 390 29 19
101 102 103 104 105 106 107 108 109 110 111 112 113 114 115 433 135 320 111 50 112 486
201 202 203 204 205 174 189 485 471 284 408 469 316 251
1 2 3 4 5 6 7 8 9 10 467 106 345 165 399 119 198 301 322 409 146 366 470 203 89 41
257 284 470 401 322 2
101 102 103 104 105 106 107 108 109 110 111 112 113 114 115 493 338 213 353 410
201 202 203 204 205 49 50 307 259 248 249 192 433 469 187 362
182 440 190 496 111 138 142 130 153 157 303 232 388 66 460
1 2 3 4 5 6 7 8 9 10 427 474 262 20 219 364 265 416 267 385 500 146
211 109 423 20 41 125 269 293 61 3 257 383
407 252 480 350 153
101 102 103 104 105 106 107 108 109 110 111 112 113 114 115 201 202 203 204 205 437 101 74 401 465 198 45 48 102 200 61
270 71 110 83 3 100 12 204
101 102 103 104 105 106 107 108 109 110 111 112 113 114 115 201 202 203 204 205 153 354 496 200 251 406 372 444 296 191 369 364 393 145 328 41
101 102 103 104 105 106 107 108 109 110 111 112 113 114 115 201 202 203 204 205 434 112 9 201 415 360 31 378 80 274 255 473 386 81 94
327 500 219 271 318 76 236 316 185 21 49 220 343 473 46 405
201 202 203 204 205 346 457 245 188 314
201 202 203 204 205 155 396 266 136 420 289 87 46 472 378 380 313 429
88 55 336 473 462 42 488 70
201 202 203 204 205 211 201 268 52 328
86 213 117 42 348 51 51 389 1 475 209 436 211
101 102 103 104 105 106 107 108 109 110 111 112 113 114 115 457 37 68 53 457
101 102 103 104 105 106 107 108 109 110 111 112 113 114 115 280 277 216 265 200 199 480 310 291 6 35 393 111 349 357 52
101 102 103 104 105 106 107 108 109 110 111 112 113 114 115 139 344 412 300 225 444 85 8 163 44 358 140 148
201 202 203 204 205 219 209 177 150 193 102 323 338 240 158 161 74
101 102 103 104 105 106 107 108 109 110 111 112 113 114 115 418 364 298 278 75 277 343 168 199
1 2 3 4 5 6 7 8 9 10 80 321 281 273 56 427 71 382 280 404 87 224 11 463
1 2 3 4 5 6 7 8 9 10 186 134 8 126 88 121 329 124
280 346 430 441 370 97 266 396 89 94
201 202 203 204 205 249 89 88 280 179 408 296
1 2 3 4 5 6 7 8 9 10 470 88 234 316 184 270 451 217 203 235 238
308 358 249 105 375 223 103 148 53 236 327 377 10 31
1 2 3 4 5 6 7 8 9 10 475 14 164 262 2 389 293 136 361 269 272 126 18 160
1 2 3 4 5 6 7 8 9 10 75 86 282 223 242 309 181 119 272 445 115 361
105 493 42 239 345 175
101 102 103 104 105 106 107 108 109 110 111 112 113 114 115 111 407 145 209 420 487 276 478 66 295 254 295
1 2 3 4 5 6 7 8 9 10 201 202 203 204 205 117 51 53 138 11 294 405 375 155 494 135 175
196 434 400 49 149 425 160 457 239 151 337
94 22 60 101 375 177 293 231 425
1 2 3 4 5 6 7 8 9 10 201 202 203 204 205 241 350 380 257 231 378 428 440 377 211 354 412 308 119 391
109 426 206 142 30 91 51 495
201 202 203 204 205 113 409 206 98 372 257 77 409 154 418 292 62 99 154
464 15 215 104 272
389 281 195 1 274 391 380 168 416
447 430 492 460 402 436 185 186 89 335 317
72 90 297 378 229 207 459
1 2 3 4 5 6 7 8 9 10 444 214 169 489 434 262 191 150 88 325 209 436
52 121 139 269 337 149 470 37 67 100 365
201 202 203 204 205 346 8 281 230 72 469 439
500 336 81 432 352 173 333 449
70 418 487 349 7 101 448
367 49 72 442 148 335 472 199 216 315 464 220 131 129 148
345 163 172 254 299 336 277 247
334 438 63 80 297 35
201 202 203 204 205 334 434 195 224 494 265 402 133 103 396 274 363
1 2 3 4 5 6 7 8 9 10 323 274 108 434 97 353 327 5 90 86 390 487 136
201 202 203 204 205 124 490 185 145 428 79 181 200 450
324 12 393 129 339 497 349 114 182
201 202 203 204 205 433 490 232 4 452 156 495 42 189 68 292 193 265 283
340 430 310 159 233 154 44 202 140 226 92 442
458 228 474 126 198 355 104 441 314 493 253 436
1 2 3 4 5 6 7 8 9 10 403 276 82 92 278 78 333 464 480 368
3 432 215 261 34 365 446 288 362 426
238 444 457 483 137 292 140 162 435 402 278 491 298 106 207
420 337 424 56 32 319 373 83 69 388 189
407 7 47 273 32 395
1 2 3 4 5 6 7 8 9 10 201 202 203 204 205 205 179 39 82 237 111 93 386 34 419 468 186 400 42 72
230 155 58 371 302 201 244 442
464 126 60 463 489 31 315 417 179 114 489 198 488
201 202 203 204 205 32 78 73 187 146 148 160 3
180 392 263 497 245 456 343 93 116 110
175 475 385 199 206 317 262 257 78 425 23 377 146 472 416
6 249 172 37 396 260 312 80 363 307 378 203 444 350 253 257
201 202 203 204 205 498 164 350 391 425 21
337 497 472 26 368 359 462 220 160 314 459 257 384 350
93 418 354 172 171
381 22 237 217 81 210
211 10 89 403 479 469 53 393
1 2 3 4 5 6 7 8 9 10 201 202 203 204 205 214 189 90 198 332 267 144 353 123
310 142 351 313 2 221 378 204 115 118 255 87 405
335 432 216 370 450 383 185 351 182 311 115 13 241
208 180 281 187 404 307 333 495 337 105
124 3 122 50 438 117 377 132
201 202 203 204 205 122 357 431 89 70 59
127 388 73 433 262 246 5 440
352 449 460 43 200
1 2 3 4 5 6 7 8 9 10 155 458 2 309 184
201 202 203 204 205 118 149 256 487 286 206 420 422 325 145 327 260
437 56 271 31 222 381 402 479 72 21 395 403 496
1 2 3 4 5 6 7 8 9 10 89 345 143 153 156 376 196 475 451 310 250 325 203 195 97
316 464 8 302 488 332 451 74 362 121 140
201 202 203 204 205 353 105 386 274 10 196 210
201 162 250 228 210 265 488 151 176 344 363 401 466 16 23
130 402 204 271 84 402 221 331 26 218
1 2 3 4 5 6 7 8 9 10 201 202 203 204 205 392 101 335 364 380 6 363 186 36 496 451 176 26 236 88
201 202 203 204 205 10 189 330 283 28 124 412 136 71 198 218 418 385 202 416
218 318 327 412 270 173 8 393 475 286 228 450 260 331 476 286
214 26 406 373 141 254 469 4 46 360 200 64
2 241 254 100 144 66 12 169 164 245 281 196 164 58
95 339 414 156 1 220 498 417 16
183 167 140 439 143 255 459 169
67 239 393 352 148 455 106 475 413 245 449 458 305 202 56
1 2 3 4 5 6 7 8 9 10 103 166 286 237 360 286 4 91 495
101 102 103 104 105 106 107 108 109 110 111 112 113 114 115 201 202 203 204 205 224 250 491 93 123 381 406 130 347 434 19 419 334 465 367
325 315 70 222 88 164 404 356 82
150 205 139 245 417 125 313 322 436 234 224 417 395
1 2 3 4 5 6 7 8 9 10 318 174 53 331 67 2 52
258 103 354 356 398
201 202 203 204 205 117 452 37 428 124
192 271 247 219 322 436 446 121
376 445 11 66 500
397 375 67 173 131 123 128 50 307 236 136 390 468 120 487 191
101 102 103 104 105 106 107 108 109 110 111 112 113 114 115 440 143 280 300 361 417
300 193 49 292 298 353 294 123 126 20
201 202 203 204 205 42 166 44 355 142 90 189 206 35
201 202 203 204 205 395 479 400 272 434 368 180
1 2 3 4 5 6 7 8 9 10 160 97 370 185 31 494 378 409 451 434 241 468 245 375 238
61 285 193 133 385 491 223 229 118 197
201 202 203 204 205 295 417 310 276 498 324
463 231 263 393 388 345 213 475 93 383 432
157 5 321 94 266 282 467 417 385 403
328 389 428 64 227 130 317 393
7 4 433 419 192
285 49 442 352 409 484 300 213 274 417 370 58 117 162 299 410
29 443 17 75 107 304 103 35 172
1 2 3 4 5 6 7 8 9 10 418 85 157 222 141 356
13 255 492 301 456 58
98 104 431 364 342 308 120 255 367 246 81 309 84 158
9 25 431 55 93
324 125 407 56 434 55 296 449 40
173 249 240 395 24 395 118
175 73 164 84 14
142 260 345 206 203 316 119 334 379 177 7 429 418 178 329 36
174 247 343 293 162 423 160 195 255 487 170 139 468 100 270
201 202 203 204 205 215 479 305 117 81 363
201 202 203 204 205 141 201 473 256 223 29 212 446 478 226 407 137 152 398
216 404 19 25 129 342 30 432 86 293 446 453 256 401
236 272 239 126 198 489 119 396 219 442 88 155 44 334 250 415
256 377 52 487 445 462 116 73 398 420 396 478
476 298 101 255 144 303 426 477
394 110 138 25 243 36 412
1 2 3 4 5 6 7 8 9 10 101 102 103 104 105 106 107 108 109 110 111 112 113 114 115 374 329 250 88 26 101 455 79 298 258 237 365 462 258
101 102 103 104 105 106 107 108 109 110 111 112 113 114 115 201 202 203 204 205 310 237 453 377 444 150 241 442 429 217 468 496 149
412 101 221 436 108 387 61 30 330 358 387 259 441
1 2 3 4 5 6 7 8 9 10 86 145 254 54 397 491
51 334 332 497 127 471 354 117 178 325 19 29 436
471 69 481 72 46 17 116 153 490
201 202 203 204 205 345 251 403 368 400 333 216 310 465 221 12 418
1 2 3 4 5 6 7 8 9 10 201 202 203 204 205 241 126 170 398 263 313 346 453
201 202 203 204 205 353 175 393 61 84 375 90 168 22 380 466 404 434 470
397 265 369 144 485 105 463 81 288 292 101 242
33 200 243 366 8 350 274
66 287 334 299 267 184 264 249 17 23 317 40 427
130 73 43 399 390 261 130 366 264 451 314 455 356
201 202 203 204 205 297 223 339 125 224 254 395 112 32 81 313
395 259 198 204 277 394 29 136
188 479 350 182 16 268
1 2 3 4 5 6 7 8 9 10 250 459 452 430 437 249 109 265 488 15 478 333 81
1 297 348 54 73
101 102 103 104 105 106 107 108 109 110 111 112 113 114 115 201 202 203 204 205 46 376 23 53 128 56 191 437 166 314 245 248 342 470
335 270 419 262 353 267 54 396
201 202 203 204 205 388 194 84 332 493 60 326 413 292 281 210 456 454 350
1 2 3 4 5 6 7 8 9 10 201 202 203 204 205 116 227 292 174 307 180 393 83 477 99 311 63 236
1 2 3 4 5 6 7 8 9 10 292 279 60 118 455 105 295 206 137 5 343
201 202 203 204 205 413 439 168 483 165 492 429 61
1 2 3 4 5 6 7 8 9 10 31 243 199 381 55 141 352 96 284 246 370
101 102 103 104 105 106 107 108 109 110 111 112 113 114 115 201 202 203 204 205 363 43 184 73 430 354 447 319 453 40 229 73 241
1 2 3 4 5 6 7 8 9 10 366 205 210 285 119 287 312 462 123 155 63 273 265
1 2 3 4 5 6 7 8 9 10 310 18 129 336 420 414 412 373 420 458 314 222 233 365 499
300 160 59 428 471 349 329 217
203 316 125 200 150 253 459 400 55 71 42 398 156 286 283 235
1 2 3 4 5 6 7 8 9 10 78 223 469 235 378 396 363 319
238 245 258 466 293 194 44 364 328
1 2 3 4 5 6 7 8 9 10 489 190 334 449 14 299 455 413 353
101 102 103 104 105 106 107 108 109 110 111 112 113 114 115 201 202 203 204 205 213 135 76 418 396
125 461 136 233 166 482 371 40 60 444 102 366 397
356 364 119 429 216 68 75
371 283 322 115 299 446 179 156 213 33 284 50 169 126
1 2 3 4 5 6 7 8 9 10 201 202 203 204 205 500 428 298 344 160 235 255 403 52 293 436 261 379 269 349 341
89 54 161 51 473 91 425
1 2 3 4 5 6 7 8 9 10 497 323 196 189 32 352 110 374 17 385
101 102 103 104 105 106 107 108 109 110 111 112 113 114 115 73 266 335 213 280 231 225 289 492 137 402 20
214 461 409 204 486 21 153 244 45 330 263 108
101 102 103 104 105 106 107 108 109 110 111 112 113 114 115 201 202 203 204 205 58 13 61 499 296 310 59 244 453 155 174 233 15 470
94 345 126 120 215 45 210 419 468 112 138
204 294 449 355 188
101 102 103 104 105 106 107 108 109 110 111 112 113 114 115 213 39 361 367 81 193 129 256 414
1 2 3 4 5 6 7 8 9 10 201 202 203 204 205 219 283 285 186 314 453 2 453 211 41
270 210 169 168 448 333 370
1 2 3 4 5 6 7 8 9 10 60 48 278 122 193 118 241 264 163
91 269 105 373 57 76 147 62 148 195 254 123
201 202 203 204 205 308 198 11 129 255 121 77 123 161 217 446 298 488
201 202 203 204 205 276 86 484 221 468 171
20 46 358 245 428 135 323
212 40 464 162 45 16 92 395
353 263 31 408 499 262 60 150 317
1 2 3 4 5 6 7 8 9 10 7 172 118 415 113
201 202 203 204 205 207 411 144 361 498 360 223 463 102 265 458
201 202 203 204 205 331 190 437 411 9 223 210 202 190 459 224 168 466 213
17 452 114 373 211 360 11 39 475
312 430 127 441 106 197 31
201 202 203 204 205 277 217 75 179 224 470 276 492 64 476 270 388
156 396 260 335 398 350 180 373 29 1
300 43 293 71 269 109 98 326 82 123 359 348 129
195 232 29 152 17 37 307 15 251 169 393 289 426 201 82 100
5 287 130 462 437 60 53 91 234 257 387 393 446
101 102 103 104 105 106 107 108 109 110 111 112 113 114 115 201 202 203 204 205 411 80 153 480 411 97 317 149 395 405
422 240 29 102 468 268 372 374 28 4 39 218 202 235 180
201 202 203 204 205 472 33 58 273 161 229 381 246 169 76 311 411 489
476 298 482 492 169
1 2 3 4 5 6 7 8 9 10 213 100 38 395 144 191 348
1 2 3 4 5 6 7 8 9 10 404 102 195 431 320 226
158 51 14 113 492 218 461 212 463 271 460 210 394 164 116 150
283 199 435 443 10 222 228 455 479 364 27 44 495
56 476 233 121 474 177 153
1 2 3 4 5 6 7 8 9 10 270 193 3 278 472 493 4 338 254 143 212
1 2 3 4 5 6 7 8 9 10 195 99 10 470 213
369 178 211 193 240 333 353 418 175 235 328
101 102 103 104 105 106 107 108 109 110 111 112 113 114 115 218 468 229 405 478
330 435 15 44 383
48 264 264 190 175 109 233 307 281 47 252 262 322 293 138
478 159 276 294 302 123 478 22
159 407 402 240 172 275
201 202 203 204 205 120 413 280 201 256 355 185 178 75 105
1 2 3 4 5 6 7 8 9 10 349 418 183 408 253 267 359 231 32 16 353 202 132 161
144 2 279 185 234 478 68 452 72 371 20 394 163 413
201 202 203 204 205 228 100 242 353 143 346 331 175 22 358 494 222 299 318
312 385 41 436 238
347 258 36 180 392 255 17 148 416 164 214 33 17 472
201 202 203 204 205 261 65 476 179 65 252 357 444 353 431 385 396 67 347
234 166 230 225 363 78 135 136 129 128 372 433
201 202 203 204 205 185 244 282 392 379 268 140 185 389 359 161
382 372 299 124 274 116 362 105 107 311 43
1 2 3 4 5 6 7 8 9 10 201 202 203 204 205 105 459 58 122 83 191 105 382 96 207 471 20 318 224 482 388
1 2 3 4 5 6 7 8 9 10 127 141 442 496 489 218 171 468
201 202 203 204 205 431 470 371 480 241 189 192 1 29 185
387 149 332 85 403 61 50 128 360 359 278 389
201 202 203 204 205 55 108 272 94 168 488 451
204 81 422 159 314 336 310 484 162 113 112 325
201 202 203 204 205 445 281 223 492 434 56 190 92 197
401 169 121 338 241 264 75 180 3 426 211
201 202 203 204 205 135 248 263 149 204 215 185 222 286
285 188 157 15 407 378 187 81 395 35
37 338 48 155 189 4 457 163 315 288 415
101 102 103 104 105 106 107 108 109 110 111 112 113 114 115 437 35 345 449 117 468 450 453 308 302 488 27 174 18
413 366 163 322 487 236 485 458 416 104 320
1 2 3 4 5 6 7 8 9 10 282 194 414 427 188 292 465 52 263 191 108 419 373 87
299 40 335 38 399 81 194 340 92 373
100 82 294 433 112 178 230 302 33 102
1 2 3 4 5 6 7 8 9 10 10 246 433 106 228 342 121 432 143 379 416 5 206 70 443
201 202 203 204 205 399 22 213 237 270 71 97 237 30 454 78 199 463
90 301 227 489 488 286 68 353 45 109 346 413
201 202 203 204 205 467 152 430 282 254 6 482 53 321 95 321
56 243 124 293 461
1 2 3 4 5 6 7 8 9 10 391 238 183 260 201 58 375 253 223 77
201 202 203 204 205 148 37 226 271 422 408 257 42 436 262 76 268 176
415 422 415 6 357 329 5 119 418 187 458
101 102 103 104 105 106 107 108 109 110 111 112 113 114 115 201 202 203 204 205 188 37 410 322 62
454 17 393 259 147 337 374
201 202 203 204 205 315 3 292 388 190 348 159 484 64 40 491 200 434 413
1 2 3 4 5 6 7 8 9 10 201 202 203 204 205 346 266 89 33 254 102 99 361 122 128
101 102 103 104 105 106 107 108 109 110 111 112 113 114 115 368 366 407 355 177 181 335 379 291 268 486
19 496 128 59 175 106 97 323 132 355
201 202 203 204 205 95 28 244 410 158 56 29 187 455 35
1 2 3 4 5 6 7 8 9 10 49 337 202 100 370 19 236 491 380
101 102 103 104 105 106 107 108 109 110 111 112 113 114 115 108 475 442 153 322 405 255
1 2 3 4 5 6 7 8 9 10 201 202 203 204 205 459 160 240 359 426 91 43 193 108 426 307 95
445 367 481 313 246
383 47 408 421 326 421 187 289 305 448 79 91 375 113 118 473
1 2 3 4 5 6 7 8 9 10 201 202 203 204 205 20 435 271 350 59 205 430 422 270 133 219 348
1 2 3 4 5 6 7 8 9 10 201 202 203 204 205 156 249 121 170 110 445 138 304 168
101 102 103 104 105 106 107 108 109 110 111 112 113 114 115 201 202 203 204 205 233 99 415 178 462 216
101 102 103 104 105 106 107 108 109 110 111 112 113 114 115 123 492 278 40 235 30 43 56 224 409
1 2 3 4 5 6 7 8 9 10 469 138 310 17 159 367
201 202 203 204 205 476 174 58 459 278 77 2 155
201 202 203 204 205 123 96 417 207 342 435 320 38 252 389 186
51 258 156 324 203 272 401 452 398 245 27 379 480 90
201 202 203 204 205 59 184 172 87 140
201 202 203 204 205 338 445 397 208 29 272 405 268 246 11 487 298
201 202 203 204 205 140 80 297 24 491 166 136 412 419
1 2 3 4 5 6 7 8 9 10 201 202 203 204 205 79 356 410 164 345 245 191 239 182 490 3 396
415 68 281 134 37 457 192 222 160 217 266 66 235 168 214
377 496 90 114 120 437 453 394 286 279 105 53 464 70 266 106
201 202 203 204 205 183 394 16 341 21 366 129 435
295 172 423 241 136
317 384 41 162 449 29 178 185
1 2 3 4 5 6 7 8 9 10 101 102 103 104 105 106 107 108 109 110 111 112 113 114 115 37 361 158 281 146 448 293 440 202 171 193 480 119 37 25 276
201 202 203 204 205 186 462 456 186 498 495 345 222 190 315 278 500 57 475 181
101 102 103 104 105 106 107 108 109 110 111 112 113 114 115 25 388 26 493 351 286 160 301 23 375 109 10 249 104 350
256 476 70 478 319 132 150 295
201 202 203 204 205 467 188 208 312 301 120 493
101 102 103 104 105 106 107 108 109 110 111 112 113 114 115 154 164 308 389 189 142 117 265 38
201 202 203 204 205 305 190 408 196 266 376 16 6 37 295 160 454 132 375 489 148
1 2 3 4 5 6 7 8 9 10 123 95 251 143 368 408
201 202 203 204 205 226 20 43 404 51 332 312 16 116
96 42 136 368 53 260 386 133 123 163
201 202 203 204 205 448 375 480 436 338
323 108 236 444 262 209 129 390 212
91 290 189 94 2 41 6
201 202 203 204 205 415 348 261 174 330 93
1 2 3 4 5 6 7 8 9 10 201 202 203 204 205 378 53 79 216 226 89 416
201 202 203 204 205 105 41 332 252 346 264 446 450 268 374 52 154 352 97
1 2 3 4 5 6 7 8 9 10 64 253 223 181 93 221 286 398 381 271 440 145 294
201 202 203 204 205 416 16 157 277 240 312 318 476 392 156
201 202 203 204 205 181 338 376 17 137
201 202 203 204 205 159 441 145 265 20 275 424 407 427 488 356 31 461 316 311 177
101 102 103 104 105 106 107 108 109 110 111 112 113 114 115 201 202 203 204 205 2 218 256 53 340 352 445 239 243 351 2
49 376 458 396 410 23 353 434 87 30 238 129 90
201 202 203 204 205 331 229 392 150 341
101 102 103 104 105 106 107 108 109 110 111 112 113 114 115 267 21 233 89 450 121 80 275 61 269 146 410 195
101 102 103 104 105 106 107 108 109 110 111 112 113 114 115 82 46 131 326 350 454
201 202 203 204 205 345 446 34 175 362 21 109 382 182 241 417 318 336 375 347 111
430 452 181 260 80 312 396 231 214 29
101 102 103 104 105 106 107 108 109 110 111 112 113 114 115 30 193 364 445 141 62 8 495
101 102 103 104 105 106 107 108 109 110 111 112 113 114 115 322 76 483 46 148 346 255 120 63 244 373 72 491 284
201 202 203 204 205 398 235 97 229 398 238 215 225 160 480 208 421
201 202 203 204 205 192 218 313 355 352 25 295 315 392 307
1 2 3 4 5 6 7 8 9 10 201 202 203 204 205 190 30 248 244 293 194 160 206 264 122 380 456
189 79 140 468 147 122 353 213 115 136 121 118 266 175 478
1 2 3 4 5 6 7 8 9 10 201 202 203 204 205 497 95 61 270 76 332 454 38 158
145 338 435 299 242
224 158 255 120 482 372 486 241 169
201 202 203 204 205 376 427 126 23 477 128 139 321 68 192 278 453 346 390 116 120
65 267 389 140 347 466 294 393 304 106
201 202 203 204 205 315 208 89 301 309 224 50 282 356
1 2 3 4 5 6 7 8 9 10 101 102 103 104 105 106 107 108 109 110 111 112 113 114 115 487 94 128 80 98 344 54 334 94 309 221
74 37 334 260 207 407 319 464 75 367
224 460 384 380 324 111 330 413 29 68 414 391 434 360 221
229 405 74 73 200 109 435 336 4 216 238 350 307 316 479
101 102 103 104 105 106 107 108 109 110 111 112 113 114 115 201 202 203 204 205 63 203 271 157 66
1 2 3 4 5 6 7 8 9 10 468 324 245 433 31 356 381 142 12 353 444
82 424 348 110 114 41 260 472 387 299 483 225 450 224 456 170
201 202 203 204 205 381 466 407 162 38 70 166 36
201 202 203 204 205 263 325 474 211 300 18 310 205 317 249 187 16 377 51
111 392 163 318 258 17 12 226 472 344 438 447
101 102 103 104 105 106 107 108 109 110 111 112 113 114 115 84 312 211 216 461 440
356 470 256 404 179 90 393 296 58 312 326 427 465
14 131 86 74 84 265 246 493 240 420 197 301 453 284
123 381 9 371 242 23 488
1 2 3 4 5 6 7 8 9 10 201 202 203 204 205 296 63 482 161 53 372 445 6 5 441 231
263 112 358 462 22 260 58 427 5 11 121 34 484 310 23
201 202 203 204 205 237 272 468 54 468 169 488 437 328 11 494 293 248 7 185
201 202 203 204 205 221 2 1 47 472 46 327 418 390 469 413 24
231 216 396 478 30 466 91 381 412
354 68 358 215 389 333 22 197 464 350 227 23 225 409
69 129 357 52 188 108 338 69 309 137 61 70 159 270 328
201 202 203 204 205 62 312 138 140 476 164 129 443 465 221 369 101 460
201 202 203 204 205 153 427 364 372 164 464 366 394
201 202 203 204 205 347 320 346 243 42 484 258
6 64 353 187 268 455 460 365 464 285 439 207 328 56 285 430
138 452 79 107 185 86 160 213 274 249
1 2 3 4 5 6 7 8 9 10 101 102 103 104 105 106 107 108 109 110 111 112 113 114 115 201 202 203 204 205 131 73 396 170 190 499 189
201 202 203 204 205 216 259 200 176 377 361 446 429 50 405 158 95 18 432
1 2 3 4 5 6 7 8 9 10 187 125 16 217 499 431 294 227 283 127 150 181 291 5
1 2 3 4 5 6 7 8 9 10 458 457 439 174 419 68
201 202 203 204 205 96 183 420 448 52 210 318 498 92
1 2 3 4 5 6 7 8 9 10 272 132 148 363 458 85 95
463 296 109 370 284 80 471 439 456 499 254 329 280 33 257 9
201 202 203 204 205 12 123 276 235 397 312 458 187 159
1 2 3 4 5 6 7 8 9 10 316 250 24 372 420 188 314 474 121 419 303 303 51 354 216
201 202 203 204 205 2 497 500 476 181 43 211 350 472 141 18 415 422 413 446
362 306 440 157 147
201 202 203 204 205 198 189 142 268 40 68 311 77 234 484 76 274 408
1 2 3 4 5 6 7 8 9 10 201 202 203 204 205 404 147 176 435 384 260 75 303 349
1 2 3 4 5 6 7 8 9 10 101 102 103 104 105 106 107 108 109 110 111 112 113 114 115 318 62 61 426 341 13
297 215 241 200 74 452 117 18
225 477 411 497 122 391 318 126 215 191 22 181 305 333
475 383 338 366 462 368 115 94 361 140 62 401 276 124 280 42
84 296 208 50 331 43 200 228 107 191
1 2 3 4 5 6 7 8 9 10 369 92 472 395 315 101 89 64 188 3 184
101 102 103 104 105 106 107 108 109 110 111 112 113 114 115 99 265 43 359 96 220 392 189 88 475 43 229 16 392 417
406 47 389 444 447 320
416 334 215 316 449 262 118 335
1 2 3 4 5 6 7 8 9 10 201 202 203 204 205 498 441 117 373 478 46 498 379 279 358 348 365 327
201 202 203 204 205 57 250 102 9 48 375 294 319 158 101 459 333
383 443 201 132 72 269 98 414
101 102 103 104 105 106 107 108 109 110 111 112 113 114 115 327 427 472 385 306 313 412 223 419 341 476 330 147 336
250 11 451 96 482 451 286
201 202 203 204 205 488 131 265 25 84 97 90 417 249 9 37 478 139 208 11
216 18 207 168 64 187 459 151 309 287 159 406
385 215 24 415 392 336 55 413 62 193
201 202 203 204 205 426 469 447 490 259 266 200 384 75 231 112 262 289 295 345
47 259 219 475 377 308 376 326 377 17 330
1 2 3 4 5 6 7 8 9 10 215 144 369 127 499 427 8 480 215 269 491 217 77
336 224 487 69 477 450 437 455
201 202 203 204 205 311 36 80 26 450 3 452 197 152 28
189 297 176 222 186 243 162 124 458 118 158 395 430 32 383
201 202 203 204 205 191 366 128 222 448 260 404 232 5 205 355 129 472 83 484
457 451 490 451 298 1 460 86 29
381 454 472 335 211 448 185 325 389 92 8 305
447 356 497 278 337 293
201 202 203 204 205 456 478 404 173 156 180 360 297 486 101 138 444 146 125
1 2 3 4 5 6 7 8 9 10 276 31 232 342 186
32 227 475 179 486 370 3 58 90 377 497 86 23 475
371 213 165 459 164 71
201 202 203 204 205 90 421 134 282 186 442 317 448 298 489 434 461 413 51 330 281
201 202 203 204 205 167 158 175 497 66 345 294 232
76 308 386 17 440 208 478 365 98 368 361 209 41 291 123
201 202 203 204 205 27 214 382 282 1 352 128 91 285 477 388 218 165 162 158
101 102 103 104 105 106 107 108 109 110 111 112 113 114 115 201 202 203 204 205 40 343 348 44 367 370 131 16 124 354 344 288 206 270
1 2 3 4 5 6 7 8 9 10 442 223 416 40 396
101 102 103 104 105 106 107 108 109 110 111 112 113 114 115 442 482 456 351 164 277 235 54 224 196
1 2 3 4 5 6 7 8 9 10 263 352 82 370 387 447 322 9 477 386
339 255 13 413 397 314 212 280 249 220 56 400 489 172
454 248 131 471 315 425 460 282
451 25 197 464 432 402 462 163 450 225
1 2 3 4 5 6 7 8 9 10 70 427 446 315 8 93 111 329 191 306 418 347 209 341 421 223
368 25 369 394 326 105
101 102 103 104 105 106 107 108 109 110 111 112 113 114 115 394 232 307 254 175 19 199 216 234 174 356 217 56 228 101 3
1 2 3 4 5 6 7 8 9 10 201 202 203 204 205 294 420 205 390 116 429 128 320 333 90 272 418 279
306 491 478 403 457 285 146 469 249 429 454 33
473 339 148 41 95 456 41 400 430 179 25 407 102
1 2 3 4 5 6 7 8 9 10 445 124 146 407 175 388
201 202 203 204 205 312 333 105 153 245 443 2 129 328 51 279 126
208 444 154 389 482 116 32
108 68 434 276 116 188 188 79 112
201 202 203 204 205 297 42 109 1 32 229 162
152 430 275 445 286 414 303 428 304 382 422 466 330 283
1 2 3 4 5 6 7 8 9 10 347 421 149 315 27 356 149 52 256 335 358 1 354 69 287 64
76 222 366 395 210 431 122 491 285 357 159 279 114 193 207
131 150 219 422 185 338
1 2 3 4 5 6 7 8 9 10 410 124 141 269 283 108 71 426 212 453 486 491 52 148 270
101 102 103 104 105 106 107 108 109 110 111 112 113 114 115 86 299 337 493 297 387 313 34 427 158 486 5 184 227 119
273 413 341 342 389 93 88 247 159 166 329 436
67 259 439 33 30 197 399 226 53 410 485 279 280 38 147 49
1 2 3 4 5 6 7 8 9 10 201 202 203 204 205 325 488 332 66 424
101 102 103 104 105 106 107 108 109 110 111 112 113 114 115 240 240 33 327 489 345
485 34 126 357 399 281 443 203 80 151 274 144
496 203 159 239 449 42 479 408 455 470 278 59 21
1 2 3 4 5 6 7 8 9 10 101 102 103 104 105 106 107 108 109 110 111 112 113 114 115 20 11 182 375 255 470 61 95 55 417 387 69 379 428 290
1 2 3 4 5 6 7 8 9 10 201 202 203 204 205 268 453 321 202 258
455 22 21 429 251
101 102 103 104 105 106 107 108 109 110 111 112 113 114 115 201 202 203 204 205 396 498 108 109 346 401 82 414 493 315 73 59 348 434 291 21
1 2 3 4 5 6 7 8 9 10 424 166 434 267 34 55 86 51
173 341 66 354 492 243
1 2 3 4 5 6 7 8 9 10 149 104 271 332 79
1 2 3 4 5 6 7 8 9 10 101 102 103 104 105 106 107 108 109 110 111 112 113 114 115 416 48 410 438 271 215 70 210
101 102 103 104 105 106 107 108 109 110 111 112 113 114 115 201 202 203 204 205 42 49 242 85 351 221 152 444 16 177 492 403 82 167 11 210
1 2 3 4 5 6 7 8 9 10 101 102 103 104 105 106 107 108 109 110 111 112 113 114 115 201 202 203 204 205 27 224 254 264 482 401 398 425 473 158 122
481 10 434 113 496 451 288 183 1 229 457 172 122 81
201 202 203 204 205 460 21 236 410 423 250 428 84 429
1 2 3 4 5 6 7 8 9 10 497 431 224 399 37 426 298 103 230 54 422
201 202 203 204 205 90 499 152 213 440 336
1 2 3 4 5 6 7 8 9 10 297 263 140 192 374 398 339 381 494 377 247
201 202 203 204 205 126 274 347 195 249 270 463 420
1 2 3 4 5 6 7 8 9 10 370 7 298 354 128 202 428
477 453 313 81 468 143 73 259 205 290 446 57 430 98
449 419 478 76 309 202 350 469
201 202 203 204 205 229 288 122 490 338 52 415 98
408 260 123 101 471 305
481 297 370 85 163
101 102 103 104 105 106 107 108 109 110 111 112 113 114 115 158 19 340 421 147 457 150 59 11
326 387 137 265 364 209 241 94 32 1 371
97 68 479 112 30 400 50 480 497 364 315 346 317
101 102 103 104 105 106 107 108 109 110 111 112 113 114 115 331 320 194 466 117 339 386 237 439
101 102 103 104 105 106 107 108 109 110 111 112 113 114 115 200 360 24 345 252 56 95 250 321 445 70 433 107 353
191 39 362 108 113 486 459 29 366 443 183 150 105 422 152 235
201 202 203 204 205 373 9 59 320 242 170
168 413 65 306 225 43
201 202 203 204 205 422 168 204 236 360 311 219 479 398 382 411
1 2 3 4 5 6 7 8 9 10 231 412 229 375 333 113 142
201 202 203 204 205 388 245 487 257 388
1 2 3 4 5 6 7 8 9 10 25 374 171 62 423 482 89 158
201 202 203 204 205 404 208 374 3 279 432 388 476 56 439 435 133
1 2 3 4 5 6 7 8 9 10 267 49 443 415 302 24 377 317 152
61 320 140 39 59
284 442 282 431 392 314
345 196 428 201 2 209 361 193 170
201 202 203 204 205 214 391 469 362 216 245 385 322 428 46 385 130 303 380
138 38 253 434 478 162 97 296 48 437 289 233 253 172
201 202 203 204 205 104 257 363 487 429 467 355
363 332 213 89 137 9 145 418 342 241 212 467 404 407 197 64
274 202 178 59 208 414
201 202 203 204 205 245 425 41 424 343 243 31 3 265 496 1 393
216 240 338 115 141 309 369 182 52
231 432 373 163 446 56 79 410 490 156
372 392 13 317 351 167 196 93 421 309 210 354
98 145 233 42 67 268 112 106
111 350 351 351 74 63 7 194 422 396 130
182 359 304 426 360 173 42 174 96
201 202 203 204 205 459 391 226 33 381 6 322 210 4 224 58 232 350 305 184 129
1 2 3 4 5 6 7 8 9 10 135 370 342 219 27 274 176 120 276 475 83 113
317 139 309 16 57 104
104 89 295 173 421 221 1 232 89 294 165 475
1 2 3 4 5 6 7 8 9 10 348 355 230 126 450 450
105 329 100 11 238 359
1 2 3 4 5 6 7 8 9 10 201 202 203 204 205 146 361 310 40 231 185 431 391 275 61
1 2 3 4 5 6 7 8 9 10 201 202 203 204 205 199 433 223 188 256 201 207
101 102 103 104 105 106 107 108 109 110 111 112 113 114 115 395 15 378 234 43 156 354 329 424 393 458 152 263 131
1 2 3 4 5 6 7 8 9 10 480 345 325 482 433 285 441
201 202 203 204 205 293 123 421 187 104 23 208 293 211 435 450 481 146
417 83 452 363 260 469 36 107 29 50 220 497 408 141 86 100
201 202 203 204 205 495 123 148 315 476 208 465 150 200 262
201 202 203 204 205 95 240 383 329 317 380 385 385 139 346 159 478
243 116 19 396 37 384 165 313 471 257
276 373 323 394 257 63 92 8 353 205 312 352 52 86
201 202 203 204 205 494 327 18 497 415 463 431 136 257 314 330 125
379 295 275 50 368 16 74 4 51 226 165
346 162 110 368 371 311 416 240 184
201 202 203 204 205 43 67 255 152 260 438 168 245 18 486 79 369
101 102 103 104 105 106 107 108 109 110 111 112 113 114 115 171 214 306 301 378 21 66 58 77 261 414 486 207 147 418
1 2 3 4 5 6 7 8 9 10 201 202 203 204 205 69 381 392 75 58 258 50 23 39 411
201 202 203 204 205 494 33 303 451 249 486
371 425 99 247 36 232 181 108 366 367 79 311
1 2 3 4 5 6 7 8 9 10 201 202 203 204 205 11 6 484 113 452
201 202 203 204 205 436 145 482 235 490 477 374 337 473 314 158 61 59
201 202 203 204 205 119 333 154 446 273 154 322 449 154 68
201 202 203 204 205 243 191 174 73 185 21 155 300 269 151 263 446 284 303
201 202 203 204 205 335 82 453 3 465 303 286 254 340 371
201 202 203 204 205 101 474 39 387 399 314 347 27
114 14 416 417 121 298 195 215 117 414 70 133 224 78 132
404 319 293 473 196 27 248 344 2
201 202 203 204 205 339 365 299 251 490 407
193 471 348 364 18 350 365 22 38 150
201 202 203 204 205 360 28 10 497 450 208 1 257 23 152 397 319 3 177 229 446
498 101 286 485 176
139 409 128 413 86 142 480 342 69 240
101 102 103 104 105 106 107 108 109 110 111 112 113 114 115 385 104 4 71 140 276
101 102 103 104 105 106 107 108 109 110 111 112 113 114 115 125 129 417 29 265 227 61 440 381 104
27 188 65 201 255 17 477 427
201 202 203 204 205 241 296 72 358 297 48 3 159 126
26 335 275 13 343
300 109 495 402 138 75 196 385 54 152 418 65
245 415 45 465 471 218 88 295
101 102 103 104 105 106 107 108 109 110 111 112 113 114 115 145 254 38 82 174 315 87 21 448 139 469 134 367 135 426 214
1 2 3 4 5 6 7 8 9 10 441 409 277 347 171 184
170 369 417 68 270 237 110 147 72 312 413 278 400 434 340 82
465 302 203 410 130 25 47 50 80 254 106 160 38 251 384
201 202 203 204 205 334 271 190 226 29
1 2 3 4 5 6 7 8 9 10 201 202 203 204 205 67 305 146 148 480 151 420 281 156 221
1 2 3 4 5 6 7 8 9 10 201 202 203 204 205 240 421 221 243 75 220 194 455 351 224 431 111 186 303 73 307
304 278 452 143 60 311 363 88 154 437 409 341 221 99
30 224 107 144 160
347 392 375 237 319 283 70
101 102 103 104 105 106 107 108 109 110 111 112 113 114 115 108 22 77 381 423 330 136 405 336 416 128
101 102 103 104 105 106 107 108 109 110 111 112 113 114 115 201 202 203 204 205 198 134 449 386 186 283
470 52 75 399 272 372 74 222 351 420 440 191 184 191 291 340
149 275 11 293 290 398 242 381 424 96 270 75
1 2 3 4 5 6 7 8 9 10 73 224 339 457 199 170 216 341 441 243 470
113 385 288 138 254 155 97 290 153 176 193 348
31 349 351 194 221 270 184 178 326
1 104 184 242 486 223
269 336 60 487 335 411 351 98 87 291 442 260 180 294 460 374
1 2 3 4 5 6 7 8 9 10 109 340 262 330 149
201 202 203 204 205 114 77 431 160 448 200 250 274
201 202 203 204 205 263 145 24 132 381 469 423 366 277 16
309 403 261 163 181 298 98 286 209 102 479 312 177 9 483
170 47 443 140 201 96 34 152 325 382 134 93 266 223 439 442
201 202 203 204 205 170 339 404 368 176 309 437 498
38 101 28 425 351
201 202 203 204 205 473 267 325 370 322 425 184 83 58 371 38 413 73 81
101 102 103 104 105 106 107 108 109 110 111 112 113 114 115 492 494 207 339 318 211 293 324 491 73 346 370 236
201 202 203 204 205 274 310 179 230 422 58 477 206 59 182 165 181 407 327 430
315 330 340 446 70 17 442 34 350 111 486
201 202 203 204 205 368 477 119 185 157 79 288 139 445
301 275 434 361 40 262 29 434 443 33 26
429 182 90 453 461 299 326
1 2 3 4 5 6 7 8 9 10 220 180 6 43 484 145 121 227 20 365 478 97 149 101 465 243
417 368 126 138 15 473 66 499 124 93 168 311
101 102 103 104 105 106 107 108 109 110 111 112 113 114 115 201 202 203 204 205 500 447 88 188 227 162 136 250 88 111 215 177 205 64
306 338 358 145 72 13 411 404 44 405 404 489 92 14 416
1 2 3 4 5 6 7 8 9 10 201 202 203 204 205 136 97 41 362 31 379 357 264 9 473 33 348 414
368 450 453 470 498 210 60 483 184 77 53 268 43 312 44
1 2 3 4 5 6 7 8 9 10 201 202 203 204 205 345 281 408 54 101 322 306 396 467 62
101 102 103 104 105 106 107 108 109 110 111 112 113 114 115 213 26 395 249 241 500 128
1 2 3 4 5 6 7 8 9 10 3 412 136 373 194 288 233 174 103 158 409 441 232 206 361
16 2 201 33 30 393 108 427 37 147 80 340 395 186 145
411 225 383 231 463 400 337 390 98
1 2 3 4 5 6 7 8 9 10 262 362 344 247 375 42 478 86 17 246 359 379 483
201 202 203 204 205 319 215 175 394 115 400 353 103 336 47 117 326 158 214 201 482
201 202 203 204 205 16 410 128 432 419 454 171
201 202 203 204 205 129 210 268 314 418 361 295 362
307 225 176 22 471 417 491 327 453 488 170 447
1 2 3 4 5 6 7 8 9 10 309 464 244 24 24 409 374 368 433 404 308 3 311 101 327
282 490 6 471 197 218 96 192 492 81 496
5 17 301 100 150 424 282 221 97 336 16 498
201 202 203 204 205 399 255 190 382 73 330 201 310 417 438 263 356 4 34 252
16 341 295 277 342 61 144 380 174 207 356 100 447 47
101 102 103 104 105 106 107 108 109 110 111 112 113 114 115 249 326 49 406 31 348 125 482 268 63 167 180 284
487 277 72 488 184
255 113 214 182 3 272 483 250 430 397 368 173 93 385 399
201 202 203 204 205 406 335 443 213 443 229 57 156 147 200 411 432 363 437
1 2 3 4 5 6 7 8 9 10 201 202 203 204 205 128 156 21 71 275 401 1 300 112 275 97 149
411 460 289 126 166 32 194 354 175 12 32
201 202 203 204 205 49 390 347 18 390 108 97 364 284 187 487 85 42
201 202 203 204 205 429 78 118 128 50 203 276
101 102 103 104 105 106 107 108 109 110 111 112 113 114 115 179 372 289 428 250 38 254 341 6 56 410 423 63
239 191 361 79 13
74 14 85 278 168 50 15 269 288 97 416 176 278 219 187 307
201 202 203 204 205 202 125 288 349 248 207 404 231 454 416 388 266
101 102 103 104 105 106 107 108 109 110 111 112 113 114 115 333 44 199 352 304 367 441 455 198 351
201 202 203 204 205 390 319 397 222 213 45 318 451 293 442 12 16 434 274 419
238 57 367 319 374 323 29 12 265 440 390
101 102 103 104 105 106 107 108 109 110 111 112 113 114 115 201 202 203 204 205 304 464 266 186 67 373 474 368 68
79 250 113 101 213 290 303 11 139 233 105 45 186
1 2 3 4 5 6 7 8 9 10 201 202 203 204 205 175 296 500 470 406 376 85 299 111 476 64 264 257
1 2 3 4 5 6 7 8 9 10 201 202 203 204 205 152 64 52 419 9 433 330 91 358 153
41 424 154 224 36 50 123 88 340 484 374 234 140
201 202 203 204 205 143 295 112 443 195
1 2 3 4 5 6 7 8 9 10 90 131 444 226 18 443 149 408 236 449
101 102 103 104 105 106 107 108 109 110 111 112 113 114 115 201 202 203 204 205 97 406 209 214 394 253
1 2 3 4 5 6 7 8 9 10 101 102 103 104 105 106 107 108 109 110 111 112 113 114 115 201 202 203 204 205 227 73 191 118 402 414 307 68 332 460 280
1 2 3 4 5 6 7 8 9 10 118 463 147 130 334 407 97 300 431 271 178 119
341 306 430 376 489
101 102 103 104 105 106 107 108 109 110 111 112 113 114 115 387 288 455 319 126 411 478 42 285 258 102 499 484 434 205
201 202 203 204 205 146 154 110 366 481 393 112 261 454 195 441 294 446 32
1 2 3 4 5 6 7 8 9 10 300 324 420 223 53 190 415 395 372 339 187 463
1 2 3 4 5 6 7 8 9 10 78 279 463 224 183 250 439 153 255 496 93
201 202 203 204 205 26 81 201 492 373 453 314 62 166 480 462 433 51
201 202 203 204 205 302 283 436 431 118 304 343
201 202 203 204 205 85 107 126 258 426 478 450 123 83 178 123 385 106
38 53 260 197 69 478 231 2 254 330 490 431 405 79 368 96
1 2 3 4 5 6 7 8 9 10 201 202 203 204 205 186 6 56 1 195
85 378 83 114 330 317 463 488 417 348 341 146 209
236 13 134 65 80
101 102 103 104 105 106 107 108 109 110 111 112 113 114 115 123 277 222 215 274 487 273
101 102 103 104 105 106 107 108 109 110 111 112 113 114 115 201 202 203 204 205 284 308 95 216 15 388 452 128 365
288 382 299 356 409 310 105 152 145 368 157 375
351 452 187 488 479 2 53 284
396 316 370 116 98 385 287 178 129 169 447 47 67 359
493 419 268 193 419 114
201 202 203 204 205 109 261 383 182 128 324 360 420 120 198 329 337 168 484 117
165 58 312 85 91 155 32 198 36 179 50 235 141 480 104
201 202 203 204 205 8 428 437 218 30 225 90 451 470 209 42 132 474 294
201 202 203 204 205 100 335 438 164 260 336 103 185 247 212 312 387 98 438
137 114 27 317 123 27 363 278
101 102 103 104 105 106 107 108 109 110 111 112 113 114 115 201 202 203 204 205 337 22 347 311 202 377 391 365 403 291 337 497 113 400
201 202 203 204 205 209 61 478 492 222 107 163 227 149 480 131 107 391 381
201 202 203 204 205 80 259 77 166 210 163 396
327 128 471 448 265 234 56 37 369 147 297
1 2 3 4 5 6 7 8 9 10 201 202 203 204 205 423 170 259 170 230 45
92 26 50 397 281 417 480 304 9 408
1 2 3 4 5 6 7 8 9 10 201 202 203 204 205 7 447 414 150 16
101 102 103 104 105 106 107 108 109 110 111 112 113 114 115 201 202 203 204 205 257 254 446 75 306 63 466 311 311
101 102 103 104 105 106 107 108 109 110 111 112 113 114 115 216 67 69 202 136 37 295 381 262 239 20 344 496 328 17 398
319 235 205 494 44 56 330 451 443 121 315 83 359
201 202 203 204 205 219 135 373 389 42 243 29 58 197 394 51 121
1 2 3 4 5 6 7 8 9 10 167 218 228 271 234 208 7 384 430 293 427 70 35
201 202 203 204 205 390 380 35 378 486 25 212 196 144 433 3 95 108
1 2 3 4 5 6 7 8 9 10 201 202 203 204 205 241 61 282 61 38 172 441 159 16 6 447 498 428 313 19 438
1 2 3 4 5 6 7 8 9 10 86 365 441 461 15 335 254 101 140 453 261
101 102 103 104 105 106 107 108 109 110 111 112 113 114 115 397 285 55 258 421 454 102 147 91 73 98
1 2 3 4 5 6 7 8 9 10 201 202 203 204 205 218 179 150 181 45 18 142 54 136 384
201 202 203 204 205 143 1 386 408 376 38 434
217 88 364 75 457 80 55 362 255 121
201 202 203 204 205 186 282 315 36 360 316 199 32 258 277
201 202 203 204 205 169 387 352 420 71 429 480 390 483 161 318 360 177 20 148 270
251 103 245 38 145 308 382 210 50 468 159 96 375 495
201 202 203 204 205 361 364 315 409 36 258 82
67 491 34 144 3 236 407 466 359 236 244 454 142
1 2 3 4 5 6 7 8 9 10 201 202 203 204 205 408 358 448 55 479 395 485
1 2 3 4 5 6 7 8 9 10 101 102 103 104 105 106 107 108 109 110 111 112 113 114 115 298 96 365 353 397 481
1 2 3 4 5 6 7 8 9 10 201 202 203 204 205 9 204 444 236 279 265 152 449 422 275 60 342 249 101 245 99
142 269 121 442 395 246 95 362
428 220 355 100 175 402 137 41 324
201 202 203 204 205 316 428 388 486 167 390 349 292
415 230 60 417 386 329 404 446 110 282 461 185 447 230 221
1 2 3 4 5 6 7 8 9 10 254 223 309 291 413
340 124 383 146 103 426 491 41 238 484 85
201 202 203 204 205 443 498 323 188 384 256 204 172 15
201 202 203 204 205 157 470 403 227 428
1 2 3 4 5 6 7 8 9 10 246 278 485 308 9 95 447 291 207 91 51 104
201 202 203 204 205 475 133 332 365 20
201 202 203 204 205 399 296 23 319 254 494 105 16 213 336 127 463 214 494 391
201 202 203 204 205 151 424 32 427 144 157
105 103 105 311 439 193 168 457 428 289 29 373
1 2 3 4 5 6 7 8 9 10 101 102 103 104 105 106 107 108 109 110 111 112 113 114 115 201 202 203 204 205 277 277 3 39 118 238 162 41 230 172 141 102 478 331 314
40 203 470 4 195 35 329 104 370 235 140
201 202 203 204 205 351 61 114 341 410 490 113 2
101 102 103 104 105 106 107 108 109 110 111 112 113 114 115 201 202 203 204 205 160 130 149 188 355 36 52 345 148 128 133 26 207 458 260
90 97 221 310 475 105 218 463 179 233 94 261
347 386 278 182 56 320
201 202 203 204 205 228 288 352 489 214 76 1 3 4 36 116
365 380 497 302 488 462 159 305 148 243 185 65
496 225 383 315 292 248
423 112 274 61 409
409 183 432 487 384 492 106 106 410
201 202 203 204 205 137 347 485 364 177 492 480 134 217 24 47 343 220 196
443 433 331 48 181 361 419 20 60 449 274
201 202 203 204 205 262 150 85 239 330 408 387 303 318 72 5 106 354 340 295
201 202 203 204 205 145 249 54 369 181 264 366 380 273 156
370 79 114 440 60
354 39 159 245 440 409 490
259 134 129 59 195 481 187 126
230 483 276 277 93 324 478 209
1 2 3 4 5 6 7 8 9 10 101 102 103 104 105 106 107 108 109 110 111 112 113 114 115 428 113 259 327 54 394 246 100 189 357 385 135
446 174 93 428 69 475 363 474 114 463 267 114 131 44 17
201 202 203 204 205 356 466 38 321 61 167 222 278 195 286 80
1 2 3 4 5 6 7 8 9 10 86 296 95 112 340 29 59 244 335 66
392 227 127 162 225 42 446 352 13 377 487 417
1 2 3 4 5 6 7 8 9 10 126 430 115 65 448 374 378 378 260
201 202 203 204 205 394 262 463 101 312 159 380 306 184 128 116 471 54
1 2 3 4 5 6 7 8 9 10 25 353 106 49 149 150 412 445 139 24 277
201 202 203 204 205 210 494 490 277 488 185 238 159 150 296 246 318 201
206 4 20 493 480 476 228 381 17 23 243
201 202 203 204 205 56 262 432 319 41 283 25 383 162 482 381 396 102 68 49
128 33 303 130 155 338 4
201 202 203 204 205 309 326 438 97 33 479 353 238 344 279 314
488 473 277 120 282 29 122 264 391
343 286 486 140 473 26 54 340 474 37 462 133 280 469
73 298 291 26 117 226 27 218 436 388
201 202 203 204 205 398 80 459 385 495 79 205 274 151 117 70 497 492
201 202 203 204 205 185 352 478 79 185 328 270
178 254 422 253 304 59 190 299 392 141 491 65 187 500
225 258 496 129 69 77 362 69 439 109 24 445 62 356 346 22
1 2 3 4 5 6 7 8 9 10 138 253 327 93 312 163 430 489 43 444 345 84 125
101 102 103 104 105 106 107 108 109 110 111 112 113 114 115 201 202 203 204 205 147 223 2 41 396 492 236 286 219 450 36 136 264 194 80
201 202 203 204 205 92 185 81 280 99 414
202 356 36 340 255 296 65 474 260 61 137 442 439 10 479 249
220 63 259 266 411 285 295 209 425 482 176 29
417 176 429 221 134 412 288
357 479 446 363 358 55 395 237 415 444
408 411 337 46 180 78 117 182 353 467 31
1 2 3 4 5 6 7 8 9 10 286 28 243 106 235 129 400 287
1 2 3 4 5 6 7 8 9 10 129 30 255 429 238 125 63 94 354 481 445 82 277 375 448 452
488 275 404 313 469 424 462 46 179
201 202 203 204 205 154 363 266 221 57 3 160 96 25 25
101 102 103 104 105 106 107 108 109 110 111 112 113 114 115 309 388 199 117 228
408 368 90 71 269 107 157 148 378
1 2 3 4 5 6 7 8 9 10 201 202 203 204 205 152 293 137 59 186 215 436 67
331 40 383 377 68 9 215 233 116 72 176 21 371 230 248 13
101 102 103 104 105 106 107 108 109 110 111 112 113 114 115 201 202 203 204 205 38 360 51 439 435 147 53 189
141 423 90 356 165 197 71 399 52 224 127 400
201 202 203 204 205 22 303 381 397 88 167 462 329 320 101 472 322
442 13 399 236 81 86 225 407 336 190 257 73 182 459 495 298
201 202 203 204 205 453 336 344 93 157 201 298 349 142 151 192 351 148 336
201 202 203 204 205 492 216 376 34 257 500 446 241 238 319 209 146
55 349 95 379 479 115 231 330 143
201 202 203 204 205 325 207 55 269 58 233 448 344 374 382 134 281 160 486
232 144 415 460 163 319 323 89
81 424 250 93 275 244 406 214
1 2 3 4 5 6 7 8 9 10 101 102 103 104 105 106 107 108 109 110 111 112 113 114 115 201 202 203 204 205 67 335 141 449 25 388 195 66 495 194 411 238
1 2 3 4 5 6 7 8 9 10 201 202 203 204 205 13 430 92 233 124
101 102 103 104 105 106 107 108 109 110 111 112 113 114 115 201 202 203 204 205 284 419 174 218 147 161 263 86 437 237 22 321 159 494 152 223
1 2 3 4 5 6 7 8 9 10 90 475 241 388 89 433 392 258 183 393 194 134
201 202 203 204 205 166 307 367 440 270 172 461 220 366
201 202 203 204 205 455 218 402 101 398 43 307 463 293 282 285 280 175 233 413 177
201 202 203 204 205 202 369 462 72 43 95 416 290
1 2 3 4 5 6 7 8 9 10 101 102 103 104 105 106 107 108 109 110 111 112 113 114 115 438 109 261 428 120 290 53 449 252 294 23 141 102 24 240
1 2 3 4 5 6 7 8 9 10 181 488 151 170 477 225 471 259 190 241 44 166 185 144
350 65 199 251 392 45 59 441 201 377 458 147
201 202 203 204 205 47 217 322 119 197
201 202 203 204 205 130 372 139 450 154 432 471 11 9 133
441 202 198 75 8 214 299 106 120
1 2 3 4 5 6 7 8 9 10 369 165 373 370 71 251 396 91
146 367 98 59 486 329 397 145
308 209 399 117 242 300 438 253 47
201 202 203 204 205 97 282 316 428 183 440 144 174 257 167 265 386 212 381 25 122
1 2 3 4 5 6 7 8 9 10 104 98 313 454 63 158 417 56 16 123
201 202 203 204 205 112 103 360 231 494 135 413 464 353 333 190 377 202 192
201 202 203 204 205 353 340 420 322 490
101 102 103 104 105 106 107 108 109 110 111 112 113 114 115 201 202 203 204 205 487 443 459 391 316 88 115 252 210 27
466 439 379 68 482 222 330 312 115 344
201 202 203 204 205 321 303 495 237 168 386 41 52 319 94 155 185 259 174 380 150
57 22 6 380 264 268 114 294 84 407 239 37 235
201 202 203 204 205 1 203 90 52 342 426 112 99 335 176 84 328 332
201 202 203 204 205 350 263 442 89 245 493 415 313
12 483 171 476 319 272 447 126 194 113 209 11 330 408 387
71 102 431 63 383 260 258
484 416 207 294 382 440 315 220 255 141 487 164 366 253 433
423 471 34 48 388 489 207
78 468 438 61 497 152 490 128 390 224 453 276
1 2 3 4 5 6 7 8 9 10 253 217 261 254 43 100 200 113 402 290
421 437 470 257 232 49 37 143 478 277 340 158 301
401 286 173 391 11 388 430 305 261
201 202 203 204 205 103 480 174 432 135 240 329 332 379 274 127 415 294 484 323 4
473 97 481 115 53 207 51
201 202 203 204 205 272 111 465 378 282 129 262 66 83 495
327 126 156 10 179 458
1 2 3 4 5 6 7 8 9 10 201 202 203 204 205 51 75 233 166 427 186 309 139 206 275 144 372 146 332 348
101 102 103 104 105 106 107 108 109 110 111 112 113 114 115 346 90 306 232 487 302
5 54 213 6 419 26 38 264 384
260 293 165 400 328 463 435 450 85 353 197 137 361 285 377
63 438 298 392 226 35 438 298 417 138 334 314 36 475
499 409 41 151 377 252 219
303 46 73 174 438 459 470 483 429 411
101 102 103 104 105 106 107 108 109 110 111 112 113 114 115 172 176 435 79 101 57 9 163 169 46 357 273
201 202 203 204 205 399 16 385 224 395 455 349
152 187 410 478 392 295
101 102 103 104 105 106 107 108 109 110 111 112 113 114 115 201 202 203 204 205 305 114 14 89 265 235 226 407 453 58 79 206 478 26 78
344 295 347 283 358 213 427 373
156 242 458 141 197 430 122 291 251 404 263
201 202 203 204 205 490 314 223 138 260 289 51 136 417 257 483 281
482 367 148 45 180 488 190 452
423 441 322 164 28 491 223 246 7 244 368 125 105
101 102 103 104 105 106 107 108 109 110 111 112 113 114 115 201 202 203 204 205 322 45 281 259 392 480 374 62 10 447 434 269 333
201 202 203 204 205 273 443 302 131 16 36 270 371 92 366 317 322 157 77 260 88
236 371 101 116 179 228 116 339
1 2 3 4 5 6 7 8 9 10 19 143 358 489 18
447 495 306 185 430 452
174 482 11 254 174
7 352 374 92 62 465 197 9 402
348 384 100 352 364 310
1 2 3 4 5 6 7 8 9 10 201 202 203 204 205 107 469 45 160 334 334 439 450 419 314 109 300 200 245
1 2 3 4 5 6 7 8 9 10 201 202 203 204 205 204 415 50 149 461 379 373 414 183 21
190 453 495 453 447 460
60 307 437 136 391 130 389 52 278
201 202 203 204 205 474 76 188 419 55 271 43 339 333 383 39 363 118
426 439 423 496 152 316
1 2 3 4 5 6 7 8 9 10 399 382 407 468 318 241 122 484 28 353 195 125 239 398 3
1 2 3 4 5 6 7 8 9 10 148 384 241 54 404 316 323 80 420 100 39 159 211
201 202 203 204 205 30 222 113 12 246 454 409 264 229 246 90 117 81
53 450 13 81 319 193 475 36 335 344 37 254 141 346
487 173 204 145 367
101 102 103 104 105 106 107 108 109 110 111 112 113 114 115 107 23 318 424 43 273 222 412 491 458 360 227 142 222
52 293 83 209 304 17 469 392 281 42 70 125 90 125
425 363 280 179 39
152 172 295 449 418 83 465 144 155 321
1 2 3 4 5 6 7 8 9 10 401 254 113 407 384 438 362 264
101 102 103 104 105 106 107 108 109 110 111 112 113 114 115 461 439 367 115 332 43 220 472 288 316 202 168 167
367 221 51 173 91 160 199 357 44 273 252
482 168 390 262 177 247 183
1 2 3 4 5 6 7 8 9 10 101 102 103 104 105 106 107 108 109 110 111 112 113 114 115 201 202 203 204 205 349 34 16 23 399 327 30 22 396 44
101 102 103 104 105 106 107 108 109 110 111 112 113 114 115 421 408 204 79 224 6 314 246 138 3 307 177 156 288
1 2 3 4 5 6 7 8 9 10 361 160 25 363 424 282
168 177 131 281 393 298 123 393 434 490 112 98 73 158 441 182
357 269 141 137 341 452 263 180 98 382
350 169 436 428 53 69 251 275
1 2 3 4 5 6 7 8 9 10 201 202 203 204 205 229 335 257 384 260 24
101 102 103 104 105 106 107 108 109 110 111 112 113 114 115 201 202 203 204 205 37 42 381 333 11 296 16 269 477 189 324 119 174 106 495
166 53 356 494 485 80 278 216 415 498 55 343 316 489 449
95 301 72 25 217 257 331
162 316 384 339 355 244 226 249 494
1 2 3 4 5 6 7 8 9 10 201 202 203 204 205 341 375 241 168 247
201 202 203 204 205 226 269 376 43 445 182 85 162 23 218 129 336 460 238 65
80 284 160 195 375 344 317 144 183 156 389 112 425
101 102 103 104 105 106 107 108 109 110 111 112 113 114 115 182 157 229 482 208
1 2 3 4 5 6 7 8 9 10 201 202 203 204 205 422 236 366 70 230 119 139 479 367 109 132
1 2 3 4 5 6 7 8 9 10 318 70 93 164 163 397 270 404 148 151 66
201 202 203 204 205 255 150 6 473 269 340 101 307 97 158 321 370 372 92 448 150
1 2 3 4 5 6 7 8 9 10 201 202 203 204 205 381 196 184 217 266 355 443 402 89 373 456 25
257 186 82 247 129 123 186 231 380 500 52 117 457 44 383
430 43 103 279 430
291 229 278 83 299 357 244 288 212 361
11 43 199 7 279
1 2 3 4 5 6 7 8 9 10 450 74 325 413 54 410 243 449
201 202 203 204 205 217 210 171 225 433 321
201 202 203 204 205 461 207 327 385 494 180 301 35 273 65 241 323 280 18
439 429 20 34 308 82
201 202 203 204 205 329 455 128 265 71 383 311 435 468 46 303 393 147
201 202 203 204 205 147 312 260 41 6 387 437 391 487 409 285 493
320 36 266 92 386 192 122 165 436 210
1 2 3 4 5 6 7 8 9 10 201 202 203 204 205 413 345 446 467 344 405 55 467 185 168 325 400 208 44 307
80 267 70 213 137 170 45 376 362 126 291 335 210 130 272
231 64 277 425 477 437 73 352 80 142 390 169 490 135 180 215
253 29 113 6 468
207 228 253 439 181 98 289 129 447 43 183 179 120
201 202 203 204 205 488 318 256 350 490 388
1 2 3 4 5 6 7 8 9 10 450 476 331 384 29 337 326 120 272 280 80 385 254
201 202 203 204 205 405 499 373 136 164 483 371
457 334 495 287 46 415 43 310 20 238
201 202 203 204 205 334 159 420 4 500 59 237 352 121 432 331 39 474 362 234
10 225 398 173 241 397 77 458 243 470 68 104
384 419 271 2 258 438 129 414 413 368 384
101 102 103 104 105 106 107 108 109 110 111 112 113 114 115 300 39 38 302 421 373 338 121 495 140 391
446 274 277 291 423 60 451 221 407 99 162 282 471 152 153
1 2 3 4 5 6 7 8 9 10 292 301 227 192 173 443
260 143 38 406 475
201 202 203 204 205 58 251 410 471 55 199 193 67 155 261 125 284
201 202 203 204 205 318 119 229 490 377 195 375 60
1 2 3 4 5 6 7 8 9 10 480 84 341 174 480 403 278 347 48 28 293 486 282
201 202 203 204 205 304 117 370 134 267 405 71 408 374 135 164 384 470 436 200 394
73 184 361 81 360 475 101 50 135
201 202 203 204 205 297 358 333 206 82 404 176 117 382 3 243 258 377 359
1 2 3 4 5 6 7 8 9 10 201 202 203 204 205 93 422 418 478 358 103 492 336
342 101 261 20 327 471 133 159 159 115 70 115 418 347 218 168
1 2 3 4 5 6 7 8 9 10 201 202 203 204 205 387 273 370 486 422 70 226 490 267 135 140 382
256 282 120 366 70 69 297 307
1 2 3 4 5 6 7 8 9 10 314 70 69 226 100 403 467 121 473
416 470 457 110 101 30 334 103 224
398 166 284 310 377 456
455 87 369 323 281 190
201 202 203 204 205 292 321 89 357 178 41 209 489 319
2 438 72 443 271 65 144 449 172 5 154 25 52
99 70 189 278 21 62 195 187 93 139 142 331 357 138
9 287 329 33 31 128 478
388 330 65 187 84 277 184 223 153 68 87 185 165 70 489
1 2 3 4 5 6 7 8 9 10 59 30 370 172 199 199 113 489 22
101 102 103 104 105 106 107 108 109 110 111 112 113 114 115 201 202 203 204 205 436 284 59 379 434 264 346 287 29
1 2 3 4 5 6 7 8 9 10 235 418 220 101 239 428 311 318 30 71 278 155 15 153 312 440
223 105 424 213 139 146 28 299 83 460 163 326
151 435 104 362 185 298 496 72 210 202 329
491 485 344 38 444 413 15 387 362 497 465 199 363
197 67 213 66 487 402 283 343 193
201 202 203 204 205 112 395 217 313 54 393 424 173
289 101 434 438 492 458 18
1 2 3 4 5 6 7 8 9 10 485 475 267 107 408 291 435 404 214 274 364
1 2 3 4 5 6 7 8 9 10 201 202 203 204 205 320 358 83 206 252 497 222 81 375 260 76 214
56 77 309 353 185 155 263 28 268 362
94 476 129 53 94 498 412 403 377 129 203 248
1 2 3 4 5 6 7 8 9 10 201 202 203 204 205 320 245 58 41 351 493 164 254 280 300 206 79 140 222 329 35
201 202 203 204 205 402 152 84 425 423 259 282 156 75 461 58
1 2 3 4 5 6 7 8 9 10 201 202 203 204 205 20 395 271 393 254 51 498 491
1 2 3 4 5 6 7 8 9 10 371 174 106 467 369
1 2 3 4 5 6 7 8 9 10 101 102 103 104 105 106 107 108 109 110 111 112 113 114 115 201 202 203 204 205 498 160 126 442 17 73 137 487
8 210 307 469 24 51
1 2 3 4 5 6 7 8 9 10 93 270 208 132 137 218
1 2 3 4 5 6 7 8 9 10 101 102 103 104 105 106 107 108 109 110 111 112 113 114 115 471 143 146 133 434 195 455 270 201 23 18 36 434 367 6
201 202 203 204 205 117 102 314 300 476 418 139
201 202 203 204 205 207 198 330 249 59 189 201 142 409 384 11
201 202 203 204 205 46 203 245 296 30 27 450 459 201 398 427 251 26 310 445 33
1 2 3 4 5 6 7 8 9 10 338 55 14 324 196 402 99
256 102 117 22 227 303 21 349
181 34 277 151 310 210 426 76 298
370 2 249 45 443
201 202 203 204 205 89 478 24 59 498 301 440 63 306 196 327 235 472
1 2 3 4 5 6 7 8 9 10 228 315 404 203 344 226 448 214 61 35 159 362 237 310 108
9 379 488 481 290 394 388 73 449
228 406 80 82 409 305 113 306 107 130 376 360 459 364
54 79 321 492 75 183 298 362
201 202 203 204 205 7 331 367 138 196 300
201 202 203 204 205 223 436 498 393 291
130 118 311 49 367 413 122 249 219 42 62 253
277 314 348 322 448 87 455 77 467 336 119 15 275 14 410 130
201 202 203 204 205 197 71 369 105 33 285 15 371 373
1 2 3 4 5 6 7 8 9 10 101 102 103 104 105 106 107 108 109 110 111 112 113 114 115 375 187 203 389 435 109 254 229 147 398 74 321 436 389
1 2 3 4 5 6 7 8 9 10 201 202 203 204 205 483 121 296 332 164 370
201 202 203 204 205 195 380 160 340 439 408 92 84 439 466 457 8 86 289 96 223
14 22 226 229 233 326 189 435 138 143
429 173 321 476 399 430
201 202 203 204 205 110 44 157 6 2 219 194 325 133 95
201 202 203 204 205 116 496 240 238 417 416 325 334 54 223 210 330 323 7 458
52 350 186 50 339 56 257
246 144 141 453 390
399 367 484 370 358 448 463 293 435 142
1 2 3 4 5 6 7 8 9 10 455 167 319 10 83 374 354 395 217 214
128 423 247 77 305 228 274 136 125 230 450 476 34
448 336 78 309 485 240 321 219 451 5 337 360 134
1 2 3 4 5 6 7 8 9 10 201 202 203 204 205 71 486 153 70 306 401 322 346
366 242 34 274 71 319 249 71 422 362 387 188 63 417 415
429 171 385 50 451
201 202 203 204 205 188 249 314 159 248 258 28 256 479 461 282 494 286 323 257
201 202 203 204 205 212 5 366 90 233 384
201 202 203 204 205 476 280 240 112 386 43 165 390
385 348 273 312 157 105 226 388 322 224 336 486 440 239 8 62
1 2 3 4 5 6 7 8 9 10 213 221 128 94 188 164 342 348 359 41
280 452 39 284 62 383 125 101 446 43 306 5
201 202 203 204 205 325 478 73 96 224 156 37 48 488 485 309 352 131 452 354
1 2 3 4 5 6 7 8 9 10 425 428 249 295 382 407 424
201 202 203 204 205 300 106 131 212 75
472 285 59 388 231 369
1 2 3 4 5 6 7 8 9 10 134 194 449 239 298 208 402
201 202 203 204 205 68 90 338 474 94 308 304 213 396
201 202 203 204 205 205 223 31 138 72 30 160 2 136 171 307
139 69 41 244 32 452 47 144 301 458 300 256 404 226
22 263 186 41 311 286 106 264 452 456 221 253 31 57
154 439 361 223 160 278 151 316 321 111 439 427 312 28 223 208
1 2 3 4 5 6 7 8 9 10 246 397 82 371 128 131 112 392 51
101 102 103 104 105 106 107 108 109 110 111 112 113 114 115 201 202 203 204 205 3 153 164 203 31 44 160 399 380 467 365 453 325
101 102 103 104 105 106 107 108 109 110 111 112 113 114 115 48 122 90 489 416 300 307 119 176 486 363 378 275 464
90 239 344 421 398 55 478 106 53 354
201 202 203 204 205 438 215 263 343 80 176 320 55 96 276 192
201 202 203 204 205 5 30 310 482 485 115 394 19 285 313
308 123 260 125 403
201 202 203 204 205 15 50 348 397 24 427 378 386 310 204 223 495 109 64 268
425 398 261 68 215 440 370 462 296 144 176 373
101 102 103 104 105 106 107 108 109 110 111 112 113 114 115 201 202 203 204 205 413 454 415 223 416 401 231 210
105 183 94 190 453 249 182 292 26 259 353 1
1 2 3 4 5 6 7 8 9 10 201 202 203 204 205 403 190 348 31 433 418 199 336 298 323 99 55 245
1 2 3 4 5 6 7 8 9 10 201 202 203 204 205 212 173 376 455 345 499 480 397 426
20 220 168 8 499 310
1 2 3 4 5 6 7 8 9 10 101 102 103 104 105 106 107 108 109 110 111 112 113 114 115 120 8 109 225 123 273
159 426 133 463 428 342 341 348 353
101 102 103 104 105 106 107 108 109 110 111 112 113 114 115 201 202 203 204 205 418 288 179 313 285 179 190 275 89 383 449 395 36 94 410 177
299 407 112 321 236 9 493 479 283 281 113 181
103 129 252 83 316 7 329
1 2 3 4 5 6 7 8 9 10 435 343 98 275 127 233 3 311 470 42
429 191 12 198 216 252 499 389 351 361 127 464 134 87 323 353
91 300 238 333 20 268 303 94
201 202 203 204 205 315 441 309 203 327 91 294
1 2 3 4 5 6 7 8 9 10 153 415 285 200 90 143 216
201 202 203 204 205 232 90 331 59 184 498 468 95 214 396
1 2 3 4 5 6 7 8 9 10 249 79 28 180 116 474 211 250
1 2 3 4 5 6 7 8 9 10 327 453 430 383 40 437 408 86 331
9 456 174 118 469 253
101 102 103 104 105 106 107 108 109 110 111 112 113 114 115 201 202 203 204 205 429 452 185 270 124
201 202 203 204 205 85 207 215 297 225 338 420 358 125
1 2 3 4 5 6 7 8 9 10 201 202 203 204 205 70 50 190 495 139 84 153 128 5 481 286 7 51 250 51 290
1 2 3 4 5 6 7 8 9 10 84 366 329 52 247 14 414 383 86
42 396 455 438 117 317
1 2 3 4 5 6 7 8 9 10 418 463 177 18 456 349
26 68 309 350 219 193 81 262 290 109
1 2 3 4 5 6 7 8 9 10 391 293 279 449 389 425 134 294 244 37 497 198 275 471 191
201 202 203 204 205 153 337 178 132 200
1 2 3 4 5 6 7 8 9 10 238 404 239 196 293 148 76 123 159 339 142 390
465 428 174 47 280 402 302
201 202 203 204 205 227 258 161 283 381 446 198 257 499 229 399
1 2 3 4 5 6 7 8 9 10 438 362 387 128 352 381 253 109 326 267 97 68 224
229 162 88 7 353
394 14 383 51 362 185 333 153 80 177 207 71 457 396 346 286
311 449 306 295 473 316
201 202 203 204 205 277 206 500 346 26 332 48 7 242 68 280 244 470 26 269
309 271 266 89 298 10 33 140 351 112 89 377 338 14 18 396
465 403 374 151 301 234 70 337 325 79 187
1 2 3 4 5 6 7 8 9 10 201 202 203 204 205 461 72 1 102 262 297 408 340 263
1 2 3 4 5 6 7 8 9 10 286 153 65 22 56 426 325 330 380 449 494 58 14
101 102 103 104 105 106 107 108 109 110 111 112 113 114 115 201 202 203 204 205 126 71 235 3 323 15 64 280 84 176 141 38 323 275 288
473 477 339 480 153 112
1 2 3 4 5 6 7 8 9 10 201 202 203 204 205 16 337 291 483 76 356 48 484 484 369 377 496 496 192
101 102 103 104 105 106 107 108 109 110 111 112 113 114 115 406 319 315 161 359 490 436 158
1 2 3 4 5 6 7 8 9 10 150 304 231 482 498 137 183 411 285 80 440 449 341 376
42 85 51 256 391 91 454
490 27 364 192 14 47 306 102 333 408 189 396 39 73 153
54 365 315 124 59 278 269 31 82 438 291 224 343 253 150
142 261 59 289 233
131 368 321 215 349 384 153 53 256 142 498 129 32 420 439 132
427 245 317 268 433 459 388 252 85 413
100 363 82 471 484 91 113 104 457 90 195 217 140 439 37 454
201 202 203 204 205 279 240 201 93 194 89 151 456 291 101
451 168 338 402 51 12 143 169
124 13 327 178 475 44
1 2 3 4 5 6 7 8 9 10 418 256 214 487 22 91 357 139 184 458 11 269 445
11 472 84 319 324 181 123 389
163 394 439 330 494 179 152 357 472 377 399
201 202 203 204 205 82 301 174 362 88 347 470 302 219 374 252 358 35 484 435 11
1 2 3 4 5 6 7 8 9 10 201 202 203 204 205 239 367 201 405 3 472 256 70 231 394 265 315 380 20 152
201 202 203 204 205 158 162 191 445 465
226 477 260 272 56 362 488 348 245 436 146 66
201 202 203 204 205 140 33 346 419 411 79 398
487 182 371 476 254 32 319 49 208 151 71 192 378 495 88 253
256 446 236 104 469 110 302
1 2 3 4 5 6 7 8 9 10 430 77 323 86 288 424 240 64
169 319 212 378 3 437 301 395 99 119 174
201 202 203 204 205 404 27 431 317 168
246 320 333 13 440 313 190 233 304 199 405 129
46 450 303 473 385 2 166 305 323 379 243
201 202 203 204 205 68 68 445 84 172 306 243 113 465 276
201 202 203 204 205 211 99 327 352 90 338 192 403 341 201 59 52
201 202 203 204 205 480 352 103 189 434 285 21 399 426 439 392 341 376 346 107
466 267 258 292 242 11 424 269
201 202 203 204 205 177 98 88 139 197 192 327
230 199 497 386 232 123 469 31 125 139 217 268 418 354 134 361
52 30 144 440 228 376 128 499 474 56 295
222 164 499 364 238
1 2 3 4 5 6 7 8 9 10 201 202 203 204 205 437 401 343 360 162 439 415 424 121 132 338 428
267 230 212 49 488 383 456 213 51 182 159 258 105
460 18 379 123 217 310 372 233 69
321 428 69 497 123 398 489 444
438 247 268 340 84 69 167 200 156 140 498
201 202 203 204 205 460 178 224 348 369 20 222 37
375 22 271 377 426 185 464 255
144 267 344 359 325 241 316
1 2 3 4 5 6 7 8 9 10 118 285 71 185 294 370 335 100 49 431
160 363 451 158 260 365 224
467 277 7 350 133 98 98 241 380 331 89
165 268 249 352 479 111 223 353
201 202 203 204 205 286 452 83 307 357 258 268 262 52
347 152 275 337 473 11 40 416
244 181 293 195 345 196 264 70
142 354 409 377 318 25
235 6 29 224 406 41 163 459 280 196
103 306 207 19 477 494 458 209
220 395 88 356 157 41
331 428 55 114 269 24 58 2 42 49 140 188 77 445 130
155 461 422 340 160
36 285 16 80 359 390 173 132
143 55 477 59 476 474 415 250 347 351 113 346 39
1 2 3 4 5 6 7 8 9 10 289 140 465 137 231 392 202 329 342
333 303 197 317 216 391 9 491 228 367 305 161 250
201 202 203 204 205 355 77 34 230 7 428 6 109 363 226 77 449 294 23 79
1 2 3 4 5 6 7 8 9 10 79 48 7 66 214 181 439 98 172 400 286
201 202 203 204 205 100 336 349 448 287 225 474 213 158
188 132 288 70 369 479 195 318 171 318 275 66 147 212 451 377
221 353 42 481 350 202 360 470 133 171
1 2 3 4 5 6 7 8 9 10 201 202 203 204 205 368 322 431 202 5 260 141 184 489 439
1 2 3 4 5 6 7 8 9 10 201 202 203 204 205 218 227 295 381 269 245 174
56 209 448 370 389
167 182 489 191 475
101 102 103 104 105 106 107 108 109 110 111 112 113 114 115 201 202 203 204 205 368 452 60 255 176 394 236 120 439
144 152 270 364 237 364 178 82 498 130 27 342 54
138 335 40 36 160 342 329 325 220 82 433 50 60 465 495
101 102 103 104 105 106 107 108 109 110 111 112 113 114 115 201 202 203 204 205 216 395 29 336 41 74 410 348 129 174 292 183 106 43
201 202 203 204 205 216 382 56 76 119 465 499 452 62 399 388 492 360 300 414 238
164 447 190 38 266 245 267 11 232 282 3 327 16 83 137 28
1 2 3 4 5 6 7 8 9 10 201 202 203 204 205 312 174 264 488 469
201 202 203 204 205 412 291 57 165 207 216 307
1 2 3 4 5 6 7 8 9 10 201 202 203 204 205 99 203 134 269 386 156 158 269 420
114 450 178 343 109 338 409 457 178 316
349 428 180 386 93 346 407 176
201 202 203 204 205 246 107 132 24 268 104 28
201 202 203 204 205 208 414 93 324 113 78 301 481 218 329 483
106 379 321 188 193 454 328 489 367 19 61
201 202 203 204 205 390 285 17 394 436 338 267 265 488 36
201 202 203 204 205 95 353 249 240 289 30
101 102 103 104 105 106 107 108 109 110 111 112 113 114 115 158 243 389 184 488 230 62 308 203 77
9 352 342 27 306 329 449
245 354 338 492 3 153 420 375
1 2 3 4 5 6 7 8 9 10 201 202 203 204 205 22 379 367 74 285 235 333 459 145 48 276 439 23 181 333
84 109 424 314 48 327 425 91 347 102 380
201 202 203 204 205 142 410 15 39 59 92 38 288 368 179 493
201 202 203 204 205 36 188 325 96 217 65 364
1 2 3 4 5 6 7 8 9 10 297 138 494 44 399 161 423 415 12 323 309 467 432 192
201 202 203 204 205 162 457 321 435 355 228 142 186 300 205 32 100 475 220 233 434
101 102 103 104 105 106 107 108 109 110 111 112 113 114 115 422 193 453 119 178 41 317 210 414 386
1 2 3 4 5 6 7 8 9 10 28 101 124 336 486 402 158 104 81 243 399 89 45
1 2 3 4 5 6 7 8 9 10 318 180 5 364 366 191 464 47 332 459 152 86
201 202 203 204 205 85 148 69 438 134 227
1 2 3 4 5 6 7 8 9 10 242 263 183 385 158 22 13 160 77 394 197 423
157 168 280 435 426 298 484 183 347 137 114 64 258
93 492 90 466 249 106 78 367 119
73 408 477 94 489 404 27 163 302 375 458 150 482
1 2 3 4 5 6 7 8 9 10 201 202 203 204 205 403 88 93 435 164 106 439 106 347 430
374 361 331 37 233 464 286 328
1 2 3 4 5 6 7 8 9 10 183 113 241 320 253 63 1
490 78 57 131 346 302 96 177 41 319 454 350
201 202 203 204 205 81 480 297 296 360 226 256 304 263 190
201 202 203 204 205 222 69 170 36 442 221 147 212 66 163 119 9 283 154 169
201 202 203 204 205 359 379 52 187 244 483 231 83 230 372
201 202 203 204 205 60 15 3 479 429 362 240 195 8 12 354 453 222 218
308 55 127 75 125 265 309 398
201 202 203 204 205 356 475 365 99 268 153 296 73 340 449 465 295
201 202 203 204 205 414 211 146 145 455 254
1 2 3 4 5 6 7 8 9 10 46 71 81 3 106 111 101 138 314 112 195
257 249 200 323 55 412 26 201 302 407 131
17 41 207 90 465 376 214 221 498 155 89 185 460 347 184
201 202 203 204 205 495 40 399 349 8
201 202 203 204 205 407 180 269 415 431 258 428 328 165
118 194 278 491 118 11 364 193
292 435 202 420 37 146 120 168 208
1 2 3 4 5 6 7 8 9 10 368 139 305 432 280 186 219 494 256 175 112
230 47 20 393 361 449 3 494 289
1 2 3 4 5 6 7 8 9 10 336 218 432 456 87 345 156 402 153
1 2 3 4 5 6 7 8 9 10 101 102 103 104 105 106 107 108 109 110 111 112 113 114 115 133 311 275 398 238 335 94
1 2 3 4 5 6 7 8 9 10 28 215 97 119 295 101 176 470
202 461 316 454 47 77 148 223 4 163 304 366
201 202 203 204 205 82 34 423 98 355
101 102 103 104 105 106 107 108 109 110 111 112 113 114 115 201 202 203 204 205 304 279 305 489 437 181 28 368 399 479 458 282
21 83 288 187 157 313 108 487 380 431 302
201 202 203 204 205 494 147 232 99 59 371 81 12 474 327 295
1 2 3 4 5 6 7 8 9 10 152 374 43 287 232 129 162 84 207 340 261 227 186 479 195 5
96 39 450 457 60 255 458 258 68 32 264 68 388 232
201 202 203 204 205 264 254 189 440 83 4 463 192 336 384 27 306 73 207
1 2 3 4 5 6 7 8 9 10 101 102 103 104 105 106 107 108 109 110 111 112 113 114 115 391 171 407 221 419 64 488 160 187 378 187 410
1 2 3 4 5 6 7 8 9 10 227 183 372 64 464 61 284
265 341 76 247 385
122 268 494 42 139 194 402 337 325
201 202 203 204 205 273 479 172 319 438
57 82 414 264 77 262 480 39 146 424 121 341 324 444 436 460
1 2 3 4 5 6 7 8 9 10 130 498 34 380 156 480 234 336 418 188 382
1 2 3 4 5 6 7 8 9 10 90 101 341 31 381 194 183 493 130
1 2 3 4 5 6 7 8 9 10 101 102 103 104 105 106 107 108 109 110 111 112 113 114 115 112 148 418 389 373 284 231 453 136 357 397 86 232 342 210
201 202 203 204 205 234 85 8 281 332 267 226
461 27 251 388 198 18 494 69
201 202 203 204 205 210 373 120 350 451 192 361 375 48 270 279 453 82
381 253 406 144 289 163 266 217
201 202 203 204 205 167 253 213 207 152 440 155 385 10 341 211 415 375 70 37 384
207 484 364 488 372 182 470 491 179 30
201 202 203 204 205 389 344 260 136 29 494 109 26 225 101 251
201 202 203 204 205 265 487 489 258 145 151 10 477 298 144 35 415 258 237 236
228 158 163 456 313 183 169 174 477 472 123
149 74 198 171 330 359 114 477 7 394
1 2 3 4 5 6 7 8 9 10 61 32 326 236 208
443 438 454 195 200 242 419 451
201 202 203 204 205 184 384 323 162 311 276 499
114 320 353 221 456 212 1
201 202 203 204 205 382 387 168 210 466 14 255 407
76 207 58 401 375 253 324
101 102 103 104 105 106 107 108 109 110 111 112 113 114 115 154 415 132 317 92 391 175 433 21 87 496 87 461 72 134 486
201 202 203 204 205 244 194 479 336 52
101 102 103 104 105 106 107 108 109 110 111 112 113 114 115 201 202 203 204 205 481 125 499 107 348
101 102 103 104 105 106 107 108 109 110 111 112 113 114 115 420 301 488 399 138 348 125 398 481
173 283 110 312 240 258 37 27 430 51 314 88 383 69
289 398 215 250 142 305 461 196 131 294 27 314 376 287 46
414 252 326 57 425 150
1 2 3 4 5 6 7 8 9 10 201 202 203 204 205 476 447 195 478 480
17 171 332 234 181 198
130 326 498 134 217
417 70 474 284 396
468 267 59 244 200 149 184 343 316 258 57 303 222 109 418
201 202 203 204 205 400 140 96 224 86 237 234 16 112
201 202 203 204 205 316 221 260 423 473 303 427 63 98 71 495 197 186
201 202 203 204 205 160 7 34 416 485 358 162 120 483 280 303 370 430 390 303
201 202 203 204 205 402 333 498 29 452 305 387
410 112 372 483 94 47 226 288 300 75 124
201 202 203 204 205 209 458 41 126 132
201 202 203 204 205 337 199 104 122 500 180 206 351 348 280 498 18 407
191 94 133 391 451 217 197 449 398 328 181 79 320 376 234 399
1 2 3 4 5 6 7 8 9 10 201 202 203 204 205 70 364 37 434 381 226 400 5 110 102 314 467 422 101 415 340
77 185 424 39 461 413 148 208 63 223 495 267 426 416 333 100
101 102 103 104 105 106 107 108 109 110 111 112 113 114 115 201 202 203 204 205 194 382 478 399 129 100 160 12 111 163 426 292
106 42 56 122 377 36 344 254 150 430 218 483 222 332 162
201 202 203 204 205 402 176 124 155 399 207 437 202 411 354 379 475 342
101 102 103 104 105 106 107 108 109 110 111 112 113 114 115 201 202 203 204 205 71 189 325 399 275 246 252
1 2 3 4 5 6 7 8 9 10 391 443 205 232 3 367 477 449 257 424 348
138 21 387 306 308 466 317 283 179 16 281 427
101 102 103 104 105 106 107 108 109 110 111 112 113 114 115 430 109 207 243 270 178 313 70
415 231 46 392 499 225 472 166 343
64 329 74 1 211 485 394 84 66
101 102 103 104 105 106 107 108 109 110 111 112 113 114 115 201 202 203 204 205 52 260 216 495 168 328 336 499 319 347 343 451 64 205 98
260 45 94 275 194 366 359 444 443 294 424 249 291 439 355 424
1 2 3 4 5 6 7 8 9 10 201 202 203 204 205 375 34 156 438 186 423 352 176 120 406 193
1 2 3 4 5 6 7 8 9 10 443 138 93 222 354 469 215 90 146 456 386 34 420 474 396 263
118 2 113 499 241 360 115 338 347 55 216 484 53 349 278 325
174 84 476 430 261 312 345 354 168 360 238 330 105 319 146 121
431 4 406 462 140 485 188 26 114 266 215 65 481 74 95 27
158 465 287 272 127 249 438 43 406 446 127 334
201 202 203 204 205 32 209 189 41 448 400 321 198 448
201 202 203 204 205 6 467 407 34 234 13 447 211
400 444 325 236 19
201 202 203 204 205 224 83 433 131 306 167 119 329 284
452 364 147 246 162 310 338 11 295 377 313 321 284 97 58
5 68 463 39 318 379 116 321 246 66 432 381 396
201 202 203 204 205 387 322 404 195 72 43 251 23 64 319 123 123 173
1 2 3 4 5 6 7 8 9 10 101 102 103 104 105 106 107 108 109 110 111 112 113 114 115 224 281 110 451 166 40 352 437 15 135 478 194
1 2 3 4 5 6 7 8 9 10 201 202 203 204 205 378 135 439 13 193 28 176 353 469 280 283
201 202 203 204 205 466 232 312 380 163 290 457 207 493 271 28 366
201 202 203 204 205 114 428 375 225 341 354 311 125 147 244 440 123 395 43 275 346
102 290 352 101 42 399 428 397 324
201 202 203 204 205 76 213 319 130 495 317 94
201 202 203 204 205 176 444 500 254 463 118 413 433 401 486 254 315 168
145 420 434 27 394 148 407 426 224 104 403 456 103
1 2 3 4 5 6 7 8 9 10 246 437 205 49 447 267
226 164 67 80 72 283 342 295 162 12 344 454 253
201 202 203 204 205 127 471 151 260 70 399 161 294
201 202 203 204 205 163 111 39 249 345 301
1 2 3 4 5 6 7 8 9 10 101 102 103 104 105 106 107 108 109 110 111 112 113 114 115 161 315 379 269 121 109 458 421 333
101 102 103 104 105 106 107 108 109 110 111 112 113 114 115 195 156 41 423 394 486 351
145 121 82 14 79 443 3 500 157 464 325
201 202 203 204 205 203 98 141 40 403 372 487 394 282
446 282 219 245 135
201 202 203 204 205 267 418 2 339 186 153 482 218 498 379 284
201 202 203 204 205 118 109 90 456 157 278 277 176 176 124 31 13 20 358
186 482 11 452 36 383 173 29 85
201 202 203 204 205 228 385 72 152 23 413 290 344 448 310 213 284 352 482 40
201 202 203 204 205 423 409 173 192 202 13 499 51
201 202 203 204 205 85 134 85 470 7 13 115 40 434 62 50 238
201 202 203 204 205 93 283 207 401 122 132 81
101 102 103 104 105 106 107 108 109 110 111 112 113 114 115 44 370 117 249 248 108 246 94 293 359 388 307
435 174 79 205 466 265 108 243 424 274 72 439 96 264
2 454 109 487 254 448
201 202 203 204 205 293 96 32 148 211 89 244 435 498
1 2 3 4 5 6 7 8 9 10 23 352 98 65 140
101 102 103 104 105 106 107 108 109 110 111 112 113 114 115 133 226 490 14 221 499 159 285 249 289 468 21 425
1 2 3 4 5 6 7 8 9 10 101 102 103 104 105 106 107 108 109 110 111 112 113 114 115 204 102 58 352 67 159 362 264 464 84 131
201 202 203 204 205 351 187 40 414 107 206 59
201 202 203 204 205 4 355 422 219 236
101 102 103 104 105 106 107 108 109 110 111 112 113 114 115 443 318 407 59 380 188 281 289 112 193 44
1 2 3 4 5 6 7 8 9 10 201 202 203 204 205 330 277 51 353 60 228
93 322 121 292 331 361 17 437 14 68 153 100 225 329 65
100 251 217 159 489 189 80 103 303 55 432
133 374 332 28 471 234 171 27 12
201 202 203 204 205 195 395 148 48 464 352 161 444 133 279 133 376 467 203 485
201 202 203 204 205 353 398 490 423 173 458 362 60
1 2 3 4 5 6 7 8 9 10 380 226 97 456 68 370
1 2 3 4 5 6 7 8 9 10 201 202 203 204 205 47 352 207 275 424 461 481 120 500 354 48 340
1 2 3 4 5 6 7 8 9 10 201 202 203 204 205 452 271 199 231 214 18 423 99 113 339
496 10 255 57 127 63 88 24 13 324 75
201 202 203 204 205 371 447 36 360 15 187 344 55 445 69 181 249 446 207 184 144
101 102 103 104 105 106 107 108 109 110 111 112 113 114 115 463 212 363 81 409 159 126 9 174 336 315 457 241
312 265 126 255 13
321 452 424 325 403 11 307 371 87 44 333 111 480 373
1 2 3 4 5 6 7 8 9 10 201 202 203 204 205 339 203 339 411 345 162
101 102 103 104 105 106 107 108 109 110 111 112 113 114 115 201 202 203 204 205 448 144 319 80 188 148 219 57 327 346 236
201 202 203 204 205 310 192 149 485 143 371 51 401 380 368 318 434 458 92 267 359
1 2 3 4 5 6 7 8 9 10 34 301 256 411 293
333 197 445 243 269
60 137 101 343 17 1 392 366 420 253 160 167 384 239 423 424
364 188 104 198 294 213 351 339 445 74 79 403 40 469 474 214
39 185 381 71 2 28 383 73 339 133 218 465 434 119 477 347
446 210 450 172 153 290
295 266 128 428 318 492 195 105
201 202 203 204 205 319 498 213 99 395 236 302 86 345 110 229
27 207 280 302 408 321 333 491 138 40 250 151 142 163
201 202 203 204 205 253 457 369 90 274 72 194 136
30 210 337 361 321 297 186 304 156 480 91 478 137 206 310
482 296 145 300 467 395 201 409 434
126 475 56 497 232 334 209 388
398 147 131 284 105
201 202 203 204 205 287 178 133 385 152 242 301 55 10 360 153 216 31 411
267 361 103 144 203 75
1 2 3 4 5 6 7 8 9 10 201 202 203 204 205 425 290 360 363 338 377 313 151 65
1 2 3 4 5 6 7 8 9 10 101 102 103 104 105 106 107 108 109 110 111 112 113 114 115 303 465 381 168 88
201 202 203 204 205 402 385 42 24 48
304 261 252 455 263 54 53 490 26 59
1 2 3 4 5 6 7 8 9 10 21 485 223 144 168 141 333 340 462 163 176 174 424 211 450
1 2 3 4 5 6 7 8 9 10 201 202 203 204 205 28 258 191 71 238 332 341 68
101 102 103 104 105 106 107 108 109 110 111 112 113 114 115 201 202 203 204 205 128 199 464 296 469 58
321 132 149 394 124 407 220 292 291 3 279 333
101 102 103 104 105 106 107 108 109 110 111 112 113 114 115 201 202 203 204 205 177 339 270 280 489 55 180 53 475 23 473 464 343 253 17 336
36 82 317 50 266 464
1 2 3 4 5 6 7 8 9 10 430 377 270 22 47 319 197
60 197 123 277 351
201 202 203 204 205 440 298 302 137 300 129 153
425 46 205 405 497
113 319 411 359 197 87 27 493 154 113 405 163 64 88 47 218
1 2 3 4 5 6 7 8 9 10 409 82 94 465 210
201 202 203 204 205 213 348 284 494 152
101 102 103 104 105 106 107 108 109 110 111 112 113 114 115 198 74 266 390 137 60 422
148 389 185 180 396 440 300 51
196 444 98 114 148 380 205 193 492 1 70 187
388 3 279 460 486 414
315 330 373 31 135 252 445 161 484 168 145 152 383 305 270
101 102 103 104 105 106 107 108 109 110 111 112 113 114 115 162 133 217 326 267 219 75 31 115
325 249 63 204 379 474 250 146 476
309 336 409 483 59 103 390
201 202 203 204 205 357 393 107 179 373 500
335 490 211 66 325 304 153 215 152
101 102 103 104 105 106 107 108 109 110 111 112 113 114 115 278 425 23 254 228 207 55 338 134 335 151
1 2 3 4 5 6 7 8 9 10 337 404 90 290 209 249 391 320 203 129 195 178 435 152 325
99 232 363 192 71 488 238 399 35 268 141 447 166 426
101 102 103 104 105 106 107 108 109 110 111 112 113 114 115 106 255 404 331 361 135 381 34 134 280 232 91 40 270 129 259
1 2 3 4 5 6 7 8 9 10 201 202 203 204 205 307 340 386 47 240 484 340 132 477
484 230 191 439 300 470 257 11 493 268 472 174 125
201 202 203 204 205 308 481 472 50 115 375 465 83 387 170 470
1 2 3 4 5 6 7 8 9 10 33 442 72 499 49 494 219 152 488
1 2 3 4 5 6 7 8 9 10 307 438 478 41 214 203 454 26 432 422 15
443 284 268 454 242 479 217 210 60 310 201 59 497 35 381 359
183 206 404 207 282 380 137
146 459 49 334 137 119 431 484 83
201 202 203 204 205 121 462 376 478 274 56 124 317 337 236 367
201 202 203 204 205 435 401 270 190 20 114 260
201 202 203 204 205 66 159 122 301 148 410 138 257 88 405 70 22 272
37 139 184 486 307 197
1 2 3 4 5 6 7 8 9 10 248 351 427 305 176 399 277 284 229 333 480 98 329
201 202 203 204 205 25 326 490 161 147 165 299 293 415 366 55 359 117
101 102 103 104 105 106 107 108 109 110 111 112 113 114 115 422 7 274 98 374 180
1 2 3 4 5 6 7 8 9 10 201 202 203 204 205 160 446 458 363 477 256 345 133 56 70 496 341 480 229 100 139
201 202 203 204 205 246 447 330 313 353 124 265
201 202 203 204 205 16 211 256 442 160 6 496 169 72 5 5 409 3 359 498
201 202 203 204 205 410 179 92 421 408 379 98 241 42 155 395 310 363 450 142
3 295 403 313 78 129 483 492 175 387 225 53
201 202 203 204 205 229 259 213 86 88 42 395 451 486 339 343 389
201 202 203 204 205 478 486 298 54 93 31 420 193 228 136 156 307 59 247 37
323 482 204 467 374 341 291 442 460 229 444 168 243 224 463 382
1 2 3 4 5 6 7 8 9 10 48 156 156 325 333 173 256 143 373 203 79 302 226 407
1 2 3 4 5 6 7 8 9 10 101 102 103 104 105 106 107 108 109 110 111 112 113 114 115 222 251 163 150 350 314 364 443 489
473 370 8 180 444 451 363 302 108 187
201 202 203 204 205 51 200 336 260 483 4 198 162 72 109 144 457 172 36 62
399 432 319 129 57 149 229 68 454 27 375 372 354 9
386 459 237 178 149 248
159 371 315 427 319 299 413 176 471 453 435 483 279 67
201 202 203 204 205 442 61 154 392 267 114
327 60 107 342 178 24 138 482 346 410 119 66 44 113 90 493
266 373 132 311 176 302 95
423 188 378 139 246 446 176 330 182
201 202 203 204 205 350 230 238 411 125 153 171 86 499 63
201 202 203 204 205 19 388 25 44 402 65 153 393 36 163 1 275 318 267 493 395
1 2 3 4 5 6 7 8 9 10 201 202 203 204 205 150 496 388 111 314 294 294 64 345 224 312 205 487 486 331
83 239 116 366 20 255 382 413 218 105 48 361 57 422 112 260
201 202 203 204 205 16 498 118 330 422 50 38
201 202 203 204 205 291 478 315 425 497 316 139
201 202 203 204 205 278 86 456 499 443 445 435 408 282 37 234 167 401
1 2 3 4 5 6 7 8 9 10 201 202 203 204 205 408 348 391 3 375 459 4 110 169
101 102 103 104 105 106 107 108 109 110 111 112 113 114 115 461 120 383 80 416 405 305 303 34
101 102 103 104 105 106 107 108 109 110 111 112 113 114 115 217 74 11 183 298 461 422 67 313 174 488
356 167 456 286 374 491 121 365 228 454 455 213
370 10 239 474 323 307 160 441 3 84 196 122 314 456 97 8
1 2 3 4 5 6 7 8 9 10 143 153 66 310 289 473
199 269 417 238 410 433 67 452 249 195
343 249 443 231 378 160 152 412 459 246 201 144 166
338 276 147 430 12 286 6 326 184 328 1 328 52 58 481 75
201 202 203 204 205 244 449 462 276 75 442 305 309 214 398 423 181 7 457 128 78
1 2 3 4 5 6 7 8 9 10 476 77 363 206 212 353 394 212 333
201 202 203 204 205 452 42 212 155 434 122 308
1 2 3 4 5 6 7 8 9 10 129 270 46 368 139 57 152 52 79 445 469 180 325
1 2 3 4 5 6 7 8 9 10 201 202 203 204 205 437 26 311 272 404 269 239 119 11 463 183
201 202 203 204 205 433 304 118 221 45
101 102 103 104 105 106 107 108 109 110 111 112 113 114 115 311 3 331 78 78 83 240 371 360 444 156 215 197
201 202 203 204 205 404 104 230 335 421 200 74 265 388 345 228 29 195 485 251
236 23 490 340 254 232 112 177 103 9 394 405
1 2 3 4 5 6 7 8 9 10 254 482 112 353 387 421 131
44 425 363 247 50 388
201 202 203 204 205 118 427 430 39 249
170 140 185 172 438 57 53 331 316
93 225 461 400 88 488 105 456 110 396 178 324
201 202 203 204 205 168 452 102 229 482 264 275 17 387 399 459 188 282 451 175
1 2 3 4 5 6 7 8 9 10 201 202 203 204 205 234 243 206 187 7 147 388 272 237 418 45 102 57 481
101 102 103 104 105 106 107 108 109 110 111 112 113 114 115 453 219 271 22 234 21 367 56
1 2 3 4 5 6 7 8 9 10 332 236 432 2 192 31 64 382 359
243 150 497 339 287 264 139 14
308 108 432 39 423 455 188 43
201 202 203 204 205 31 359 234 35 6 65 344 208 191 472
222 105 210 382 460 223 262 128
458 244 475 375 210 22 281 72 72 214 6
1 2 3 4 5 6 7 8 9 10 201 202 203 204 205 445 132 147 141 337 117
274 498 290 415 432 418 299
399 285 271 158 235 139 252 400 51 380 43 342
21 194 172 228 276 345 132 360 254 162 206
1 2 3 4 5 6 7 8 9 10 309 124 344 350 462 267
201 202 203 204 205 52 272 134 437 396
1 2 3 4 5 6 7 8 9 10 201 202 203 204 205 25 114 366 124 227 447 228 25 190 174 494 240 312 111 166 90
201 202 203 204 205 257 446 449 25 408 199 11 406 422 229 162
344 381 242 348 374 416
293 56 327 495 118 333 152 172 309 311 315 418 302
101 102 103 104 105 106 107 108 109 110 111 112 113 114 115 463 348 81 267 483 160 424 183 131 463 65 232 206
8 297 399 226 224 22 239 432 315 440 498 324 20 426
65 45 363 458 159 64 154 281 102 410 500 15 184
32 225 429 439 287 95 160 457 240 180 442 375 487 357
1 2 3 4 5 6 7 8 9 10 317 410 163 222 344 264 52
454 288 290 43 27 475 210 157
150 242 149 222 150 11 272 423 200 494 96 341 400 174 274
201 202 203 204 205 336 324 361 32 405 372
218 307 490 27 418 419 237 59 345 484 350 52 330 456 13 366
246 244 276 429 131 52 355 285
201 202 203 204 205 255 293 48 270 422 274 420 242 500 93 166 373 439 130 68 154
201 202 203 204 205 55 423 65 73 62 429 39 459 298 279
442 23 150 415 252 145 84 240 428 297 14 256 297 219 269
58 158 376 177 216 348 321 103
77 259 350 270 79 444 395 49 465 339 30 295 324 413 189
285 234 315 419 370 173 199 387 86 354 290 195 117 470 307
336 228 12 379 460
343 198 200 216 98 231 273 93
479 269 378 108 78
201 202 203 204 205 495 450 277 403 72
59 125 450 330 170 60 314 233
201 202 203 204 205 25 220 358 187 489 274 114 272 30 441 49
86 69 111 306 404 294
101 102 103 104 105 106 107 108 109 110 111 112 113 114 115 201 202 203 204 205 54 219 399 410 222 89 197 133 182 327 331 402
360 121 281 486 483 387 369 478 300
1 2 3 4 5 6 7 8 9 10 201 202 203 204 205 406 125 242 358 395 81 406 349 454
101 102 103 104 105 106 107 108 109 110 111 112 113 114 115 201 202 203 204 205 130 69 274 282 153 219 3 348 301 128 497 237 143 8
421 2 56 463 44 252 465 257 332 311 125 331
396 267 64 181 235 52 346
444 328 338 333 222 302 122 167 83 344
133 336 327 419 177 321 348 414 303 140 442 45 79 327
201 202 203 204 205 465 83 29 12 218 381 288 493 27 31
416 265 416 23 10 188
201 202 203 204 205 339 274 406 494 186 74 340 21 372 193 401 438 166 460 429
201 202 203 204 205 96 371 179 124 119 258 498 100 238 440 439 275 318
1 2 3 4 5 6 7 8 9 10 201 202 203 204 205 274 401 114 409 424 320 124 250 427 349 365 105 421
1 2 3 4 5 6 7 8 9 10 414 81 175 26 326 425 423 104 30 288 468 90
101 102 103 104 105 106 107 108 109 110 111 112 113 114 115 251 32 491 349 195 56 265
71 356 81 405 362 128
201 202 203 204 205 387 294 106 469 27 271 165 373 456 376 28 332 308 34
1 2 3 4 5 6 7 8 9 10 201 202 203 204 205 430 22 10 47 60 79 133
336 378 482 139 100 403
201 202 203 204 205 303 163 29 257 184 340 131 164 49 107 195
341 101 333 317 367 95 326 273 322 327 362 269 66 400 59 330
101 102 103 104 105 106 107 108 109 110 111 112 113 114 115 201 202 203 204 205 143 416 441 198 266 372 205
232 310 428 265 70 495 323 411 355 135 479
1 2 3 4 5 6 7 8 9 10 103 384 498 408 269 181 406
201 202 203 204 205 32 177 316 264 407 349
139 446 174 237 312 434 36 52 46
1 2 3 4 5 6 7 8 9 10 439 364 136 468 289 448 243 209 498
338 251 12 333 330 97 458 258 181 323 270 39
1 2 3 4 5 6 7 8 9 10 85 108 393 207 234 279 200 188 121 407
201 202 203 204 205 232 358 339 380 384 336 489 213 181 39 362 391 129 60 370
201 202 203 204 205 421 426 434 259 341 417 452 273 312 126 268
201 202 203 204 205 494 131 423 70 381 201 216 244 219 231 231 448 367 78 353
61 201 220 42 296 417
493 202 319 233 182 342 336 220
1 2 3 4 5 6 7 8 9 10 201 202 203 204 205 389 94 89 52 60 90 248 200 328 225 323
1 2 3 4 5 6 7 8 9 10 201 202 203 204 205 139 1 130 363 129 367 249 465 14 231 273 233 329 156 130 115
1 2 3 4 5 6 7 8 9 10 201 202 203 204 205 322 60 293 412 83 298 193
101 102 103 104 105 106 107 108 109 110 111 112 113 114 115 201 202 203 204 205 265 249 97 477 367 149 163 307 433 336 331 379 357 208
407 181 458 24 158 71 6 238 47
1 2 3 4 5 6 7 8 9 10 157 431 114 362 329 397 162 221 12 364 239 431
158 484 170 331 89 147 278
311 143 47 389 98 257 113 390 327 499 459 355 108 307 193
201 202 203 204 205 220 450 341 339 323 224 27 410
428 282 1 231 179 221 413 103 17 394 331 460 89 418 49
201 202 203 204 205 219 158 370 357 414 423 78 151
1 2 3 4 5 6 7 8 9 10 205 371 439 284 454 251 391 47 102 432 478 440 149 166
10 101 22 78 329 86 426 294 289 12 7 273 492 267 349
1 2 3 4 5 6 7 8 9 10 348 333 348 201 222
1 2 3 4 5 6 7 8 9 10 431 369 180 435 137 34 171 156 60 259 399 84 173 343 374 476
101 102 103 104 105 106 107 108 109 110 111 112 113 114 115 331 167 192 460 243
1 2 3 4 5 6 7 8 9 10 201 202 203 204 205 84 77 274 18 443 255 123 15
213 396 498 78 171 10 315
90 440 402 227 169 166 433 447 234 274 123
274 20 414 157 106 383 276 49 306 96 174 12
1 2 3 4 5 6 7 8 9 10 319 291 405 395 363 260 322 309 158 406 458 354 70
201 202 203 204 205 128 134 113 31 466
9 439 129 225 10 19 40 171 310 384 458
370 308 55 316 68 177 466 25 235 122 464 225
1 2 3 4 5 6 7 8 9 10 101 102 103 104 105 106 107 108 109 110 111 112 113 114 115 171 427 439 221 233 184 183 350 395 102 432 155 167
56 297 431 32 54 463 39 144 89 379 418
144 10 453 484 270 90 222 41 21 30 95 314 53 386 93 67
201 202 203 204 205 269 261 262 434 257 368 434 261 326 393 26 273 53 235
488 486 118 94 438
1 2 3 4 5 6 7 8 9 10 111 248 452 394 377 40 191 456 118 469 318 199 155 441 139 202
201 202 203 204 205 128 70 464 32 224 494 237 121 86 349 256 422 174 280
201 202 203 204 205 480 84 171 87 280 376 306 4 362 458 261 339 283
101 102 103 104 105 106 107 108 109 110 111 112 113 114 115 58 198 413 436 279 404 331 300 158
201 202 203 204 205 23 136 444 130 498
1 2 3 4 5 6 7 8 9 10 201 202 203 204 205 474 397 174 392 4 337 352 205
387 111 76 347 252 441 421 310 359 342 158 319 416 370
457 236 317 477 311 287 57 400 73 434 109 435
201 202 203 204 205 97 305 90 467 489
201 202 203 204 205 19 471 171 247 298 129 217 361 218 288 478 300 324
1 2 3 4 5 6 7 8 9 10 101 102 103 104 105 106 107 108 109 110 111 112 113 114 115 201 202 203 204 205 113 213 151 454 156 236 1 394 339 349 254
203 392 10 193 132
201 202 203 204 205 70 240 450 372 59 445 211 180 348 300
1 152 321 8 210 186 227 472 447 83 495 180 169
201 202 203 204 205 380 176 490 496 36 447
203 286 194 52 495 256 244 410 363
201 202 203 204 205 26 315 371 489 140 200 496
161 191 459 48 228 116 386 135 40 155 500 221 72 406 235
201 202 203 204 205 47 51 375 111 210 329 113 241 387 115 189 376 121 412
228 40 496 72 462 296 497 69 236
201 202 203 204 205 6 75 421 473 352 230 235 312
485 175 149 45 199 497
201 202 203 204 205 491 488 372 343 350 478
1 2 3 4 5 6 7 8 9 10 101 102 103 104 105 106 107 108 109 110 111 112 113 114 115 201 202 203 204 205 186 431 417 52 397 45 448 442 28 150 118 398 448 494
1 2 3 4 5 6 7 8 9 10 222 385 51 367 76
101 102 103 104 105 106 107 108 109 110 111 112 113 114 115 275 464 35 92 58 353 121 82 165 458
201 202 203 204 205 378 385 437 41 408 487 329 203 238
201 202 203 204 205 80 331 248 373 14
201 202 203 204 205 53 496 203 358 468 439 447 250 174 463 309 148 396 317 426
438 4 276 425 451 100 432 280 245 111 49 193 399 33 377 482
201 202 203 204 205 212 223 135 195 95 127 330 236 432 3 152 467
201 202 203 204 205 469 347 97 406 229 154 409 114
201 202 203 204 205 353 485 306 498 211 191 148 484 385 201 206 418 408 461 425
176 229 121 435 216 388 88 147 367 416 414 102 184
162 189 58 179 427 166 148 183 440 235 381 263 49 11
201 202 203 204 205 415 448 398 382 207 224 2 79 417 422 311 344 294 172
201 202 203 204 205 160 471 433 469 233 133 197 5 255 303 307 318 17 85
201 202 203 204 205 74 285 304 437 291 233 282 241
1 2 3 4 5 6 7 8 9 10 373 64 41 391 115 31 371 188 420 227 54 64 258 464 345 278
194 41 347 259 316 21 388 184 123
101 102 103 104 105 106 107 108 109 110 111 112 113 114 115 201 202 203 204 205 52 106 50 420 133 310
487 330 204 472 330 8 394 177 317 401 494 123 90 249 274
201 202 203 204 205 114 242 49 119 19 146 51 154 409 199 107 63 342 439
313 310 262 249 18 490 500 77 277 368 471 191 184 168 358 64
208 260 21 348 371 341 115 489 21 133 54 172 374 113 463 20
201 202 203 204 205 492 235 57 294 439 275 9 429 330 499 39 438 499 281 133 60
1 2 3 4 5 6 7 8 9 10 405 207 85 67 285 110 420 363 474 295 119 272
430 293 126 124 88 187 447 35 224 227 198 441 362 50 189
1 2 3 4 5 6 7 8 9 10 25 365 267 92 93 46 76 225 73 435
61 426 42 387 231 418 260 484 108 428 207 263 226
201 202 203 204 205 383 429 457 299 269 442 255 212
307 473 301 374 497
344 358 137 27 285 269 211 429 273 254 40 449 379
175 352 72 103 31 127 468
73 242 414 80 128 74 470 178 483 325 5 34 114 463
327 336 52 37 417 457 300 362 39 198 100 68 459 378 438
101 102 103 104 105 106 107 108 109 110 111 112 113 114 115 32 240 86 234 84 372 193 84 88 141 456 495 84 75 471
201 202 203 204 205 122 348 63 435 356 416 215 389 457 137 429 288 130 236
1 2 3 4 5 6 7 8 9 10 236 33 120 249 338 395 389 429 247 430 327 436 9 268 337
204 128 150 167 390 234 294 192 491 438 388 157 353
17 68 389 404 329 285 74 53 29 483 192
1 2 3 4 5 6 7 8 9 10 413 259 498 59 221 447 300 277 119 383 94 69 414 95 303 268
201 202 203 204 205 96 62 211 184 323 365 74
21 77 280 197 274 308 419 285 82 278 456 160 42 122
422 120 324 6 330 277 317 140 261 334
201 202 203 204 205 250 30 499 62 71
295 168 24 211 482 9 279 121 92 255
259 262 168 412 135 423
383 416 426 367 107
101 102 103 104 105 106 107 108 109 110 111 112 113 114 115 201 202 203 204 205 149 192 229 488 274 396 184 358 106 270 266
201 202 203 204 205 21 320 268 168 200 165 401 374 40 339 361
1 2 3 4 5 6 7 8 9 10 317 156 362 169 158 266 475 242 320 412
1 2 3 4 5 6 7 8 9 10 305 109 99 441 52
101 102 103 104 105 106 107 108 109 110 111 112 113 114 115 489 456 166 440 351 342 207 339 410 272 284 15 434 105 191 130
251 229 171 221 146 66
201 202 203 204 205 428 244 147 339 39 431 183 472 297 282 322 490 74 195 328
429 125 418 340 142 370 483 218 37 262 363 148 381 138 249 334
201 202 203 204 205 458 51 355 205 447 486 484 75 411 159
245 19 325 494 61 243 423 496 435 393 243 152 307 172 427 323
239 196 216 244 292 438 235
151 30 117 499 60 338 18 13 429 46 369 2
397 255 300 460 213 7 79 97 276 305 495 359 179 413
109 68 111 330 246 190 155 17 223 5 94 29 315 132 183 142
1 2 3 4 5 6 7 8 9 10 101 102 103 104 105 106 107 108 109 110 111 112 113 114 115 185 461 459 481 256
201 202 203 204 205 484 438 89 497 359 15 244 121 314 212 101 197 301 21 282 130
380 134 474 355 84 48 381 53 40 404 372 226 39 313 272 103
74 439 88 16 129 496 240 6 266 44 293 217 337 111 98 425
1 2 3 4 5 6 7 8 9 10 314 267 293 6 306 301 424 307 316 474 79 3 10 376 79
201 202 203 204 205 220 72 411 137 280 485
101 102 103 104 105 106 107 108 109 110 111 112 113 114 115 201 202 203 204 205 72 162 154 443 98 343 80 428 145 402 159 182 18
370 232 179 411 490 407 295
201 202 203 204 205 224 275 71 30 139 362 302 238
217 383 57 479 138 92 27 483 272 309 497 313 495 218
174 265 145 280 320 71 173 226
101 102 103 104 105 106 107 108 109 110 111 112 113 114 115 224 78 461 445 209 330 152 54 356 320
251 451 267 5 393 438 433 176 134 171 457
304 316 3 54 164 350 469 433 140 99 438 398 326 46 239
201 202 203 204 205 475 80 393 399 331 10 249 98 69 427 438 246 377 291
431 55 211 207 380 413 147
1 2 3 4 5 6 7 8 9 10 432 163 57 150 89 24 365 435
1 2 3 4 5 6 7 8 9 10 239 150 26 47 327 294 159 353 427
257 15 75 302 264 277 52 11 148 217
1 2 3 4 5 6 7 8 9 10 110 181 346 288 84 49 441 405 262 468 392 251 252
1 2 3 4 5 6 7 8 9 10 327 300 408 360 22 476 132 444 239 25 230
1 2 3 4 5 6 7 8 9 10 201 202 203 204 205 140 370 164 76 255 232 385 193 426 221 80 331 174 224 486
101 102 103 104 105 106 107 108 109 110 111 112 113 114 115 201 202 203 204 205 352 92 101 347 418 477 139 452
201 202 203 204 205 299 40 93 479 74 394 105 380 1
201 202 203 204 205 73 153 319 227 278 280 57 363 200 103 188 305 27
302 69 197 176 59 196 212
201 202 203 204 205 360 176 240 123 330 19 1 31 54 496 7 277
381 481 240 463 490 458 182 276 210 135 470 184 335 7 348 284
196 111 103 393 84 130 494 330 430 114 448 398 469 14
475 34 178 286 9 72 9 431 173 355 280 453 319 439 500
288 439 462 473 323 219 249 404 124 289 221 408 378
241 422 63 294 312 59 255 368 12 32 374 222 295 230 48
1 2 3 4 5 6 7 8 9 10 171 73 63 233 430 141 124
27 339 498 307 136 245 170 202 147 144 192
462 259 45 376 186 2 198 248 413 374 33 215 400
436 93 461 259 461 307 49 349 115 387 79 413 43 256 272
101 102 103 104 105 106 107 108 109 110 111 112 113 114 115 31 435 413 162 176 448 224 177 160 140 371 437
101 102 103 104 105 106 107 108 109 110 111 112 113 114 115 201 202 203 204 205 498 26 29 223 381 193 460 102 365 222 299 439 395
201 202 203 204 205 125 252 126 494 323 396 314 330 285 267 427 404 9 37
176 284 111 17 155 246 186 423 50 76 10 225 56 41
146 452 10 120 119 305 53 297
334 443 454 491 125
201 202 203 204 205 320 129 340 347 21 299 286 127 275 469 210 34 156
1 2 3 4 5 6 7 8 9 10 47 353 449 194 403
101 102 103 104 105 106 107 108 109 110 111 112 113 114 115 201 202 203 204 205 238 121 244 484 379 209
201 202 203 204 205 127 76 346 260 403 380 380
49 62 497 182 167 272 28 116 198 330 77 9 453 106 159 71
265 116 406 210 40 427 452 218 320 199 285 473 229 84 356 5
409 205 478 164 277 209 389 467 45
395 6 244 472 183 251 124 154 129 94 327 86 300 163
201 202 203 204 205 122 44 103 317 487 331 12 274 441 419 409 131
405 324 326 269 118 309 491 74 110 269
46 108 358 466 81 94
36 177 190 195 297 400 368 64 37 219 301 92 19 4 130
201 202 203 204 205 173 470 419 18 274 188 260
203 131 143 126 277 307 96 441 218 259 124
1 2 3 4 5 6 7 8 9 10 201 202 203 204 205 460 217 292 307 195 71 344 173 130 421 252 30 134
479 154 236 340 484 60 473
109 448 145 351 45 324 129 357 23 213
148 162 76 191 451 253
201 202 203 204 205 251 254 101 308 440
221 431 344 230 244 110 136 465 40 287 217
201 202 203 204 205 169 178 165 484 320 89 305 167 365 156 425 157 349
489 359 410 332 301 46 448 36 364 179
101 102 103 104 105 106 107 108 109 110 111 112 113 114 115 201 202 203 204 205 52 274 257 410 218 261
280 258 144 205 228 122 482 179
262 397 249 481 106 399 120
479 104 408 189 199 17 37 335 457 246 292 272 140
201 202 203 204 205 440 202 409 403 23
12 169 188 230 194 77 291 165 241
452 23 145 497 99 173 483 13 400 214 166 321
1 56 434 376 119 304 239 164 64 371 167 283 446
304 469 27 451 357 330
201 202 203 204 205 494 239 188 83 298 185 342 252 473 84 122 178 310 494 407 55
1 2 3 4 5 6 7 8 9 10 201 202 203 204 205 224 293 357 111 68 454 472 84 412 470
201 202 203 204 205 209 274 362 437 394 59 262 386 311 68 62 415
101 102 103 104 105 106 107 108 109 110 111 112 113 114 115 427 482 424 257 485 62 198 66 13 420 174 103 172 314
201 202 203 204 205 401 11 375 240 451
27 5 143 401 172 389 90 476 374 94 343 112 460 361 215
325 315 463 368 355 289 155 398 328 445 49 300 214 306 88
201 202 203 204 205 451 99 364 261 293 159 121 364 76 380 455
201 202 203 204 205 82 340 8 500 423 114 345 13 326 497 497 328 219 136 342 136
201 202 203 204 205 166 480 353 195 149 172 489 401 467 389 419
204 122 440 491 127
153 194 478 258 94
201 202 203 204 205 273 96 215 465 310 160 91 378
201 202 203 204 205 193 365 158 166 310 101 403 236 39 460 424 79
164 219 131 204 112 383
291 176 62 333 258 277 187 216 64 152 198 427 305 445 368
108 246 87 322 474 201 422 91 86 325 277 437
201 202 203 204 205 15 259 352 360 214 431 39 340 233 453 245 167 363 368 345
1 2 3 4 5 6 7 8 9 10 425 101 63 469 77 173 151 150 282
1 2 3 4 5 6 7 8 9 10 160 348 203 410 48 43 153 87 303 111 472 180
101 102 103 104 105 106 107 108 109 110 111 112 113 114 115 201 202 203 204 205 424 149 207 353 171 187 274 36
389 165 147 481 287 420 151 361 428 252 352 471 194 19
475 471 450 471 458 269 132 239
1 2 3 4 5 6 7 8 9 10 201 202 203 204 205 454 364 461 73 348 464 228 73 363
201 202 203 204 205 493 465 241 257 274 467 307 211 434 495 164 486
473 196 405 438 105 226 55 473 200 203
1 2 3 4 5 6 7 8 9 10 492 459 317 500 197 95 135 224 324 123 420 31 86 227 337
201 202 203 204 205 292 358 113 376 57 369 222 146 476 54 286 167
383 274 265 163 254
101 102 103 104 105 106 107 108 109 110 111 112 113 114 115 467 108 283 75 46 84 317 208 302 379 221 169 458 142 416 12
281 192 88 398 14 325 124 318 439 230
320 181 358 141 335 361 200 311 453 306 430 459 118 425
201 202 203 204 205 231 284 199 377 136 95 236 446 114 89 62 1 242 180 134
201 202 203 204 205 425 147 34 163 108 376
1 2 3 4 5 6 7 8 9 10 201 202 203 204 205 192 262 283 369 337 152 157 351 413 307 12
475 407 352 162 329 409 447 74 429
1 2 3 4 5 6 7 8 9 10 242 95 451 275 12 111 225 25 171 351 93 305 13 80
1 2 3 4 5 6 7 8 9 10 201 202 203 204 205 55 256 7 191 62
168 240 395 116 134 453 339 287 207 34 149
373 256 187 443 347 209 332 99 180 225 336 403 224 452 268
201 202 203 204 205 193 82 350 200 486 214 67 28 44 321 222
373 237 452 63 258 321 342 342 77
201 202 203 204 205 298 13 441 301 305 336
101 102 103 104 105 106 107 108 109 110 111 112 113 114 115 359 466 191 149 149 318 391 266 408 209 250 395 488 444
1 2 3 4 5 6 7 8 9 10 107 315 27 422 372 451 478
101 102 103 104 105 106 107 108 109 110 111 112 113 114 115 201 202 203 204 205 221 411 293 475 366 486 353 396 235 167 298 362 383
1 2 3 4 5 6 7 8 9 10 101 102 103 104 105 106 107 108 109 110 111 112 113 114 115 201 202 203 204 205 268 62 100 70 67 115 261 499 256 349 265 428 5
201 202 203 204 205 150 391 222 246 124
1 2 3 4 5 6 7 8 9 10 201 202 203 204 205 181 409 413 323 423 370 416
303 29 358 38 383 302 402 472 152 120 385 58
201 202 203 204 205 298 349 103 188 252 282 477 317 245 384 326 272 382 106
101 102 103 104 105 106 107 108 109 110 111 112 113 114 115 83 189 297 293 279 462
101 102 103 104 105 106 107 108 109 110 111 112 113 114 115 123 451 12 159 107 495 458 165 41 53 272 323 381 169
1 2 3 4 5 6 7 8 9 10 22 212 283 339 281 73 339 118 154 126
70 166 386 348 143 334 302 303 59 162 361 344 109 424
1 2 3 4 5 6 7 8 9 10 201 202 203 204 205 380 170 176 470 177 39 453 477 308 137 483 68 140 322 36
201 202 203 204 205 278 300 226 312 125 306 419
37 240 226 17 476 409 475 470
1 2 3 4 5 6 7 8 9 10 354 150 376 68 60 177 384 324 214 203 267 371 338 281
201 202 203 204 205 205 325 357 216 388 184 336 473 30 490 363 321
201 202 203 204 205 301 323 206 41 424 126 448 469 73 141 444 472 266 464 458 92
380 408 54 11 496 40 50 485 493
201 202 203 204 205 412 418 184 309 389 281 32 408 113 362 141 234 14 167 235 407
201 202 203 204 205 240 404 461 354 136 145 72 242 156 103 449 196
485 473 447 388 494 28 499
297 62 131 301 165 120 361 348 431 297
251 483 183 234 42 415 245 108 313 196 55
314 205 411 363 469 427 314 479 481 173 160
211 152 404 117 378 334 85 122 60 305 483
1 2 3 4 5 6 7 8 9 10 182 451 439 418 95 213 368 494 322
257 7 20 291 432
101 102 103 104 105 106 107 108 109 110 111 112 113 114 115 269 374 118 399 69 453 72 193 414 72 363 114 447
201 202 203 204 205 307 482 224 417 463 199
491 74 238 365 187 124
1 2 3 4 5 6 7 8 9 10 130 463 272 153 391 121 16 70 371 84 363 20 147 310
210 107 72 346 485 371 103 275 97 486 462 100 404 388
98 126 396 179 215 213
1 2 3 4 5 6 7 8 9 10 424 186 269 378 447 151
321 341 202 240 342 351 110 82 178 229
1 2 3 4 5 6 7 8 9 10 191 382 292 316 477 429 404 494
1 2 3 4 5 6 7 8 9 10 201 202 203 204 205 449 489 441 1 185 472 116
206 320 428 373 67 316 319 225 360 41 72 59
101 102 103 104 105 106 107 108 109 110 111 112 113 114 115 201 202 203 204 205 194 34 356 465 20 326 436 221 203 291
1 2 3 4 5 6 7 8 9 10 201 202 203 204 205 94 412 413 175 495
185 298 282 364 91 17 89 388
427 135 356 112 26 159 216 434 473 294 225 290 62
319 270 126 449 118 357 123 492 293 352 431 264 242 260 441 317
1 2 3 4 5 6 7 8 9 10 201 202 203 204 205 49 380 15 172 491 286 325
201 202 203 204 205 216 40 68 413 245 116 498 8 326 465 131 109 401 406
237 97 497 325 186 270 344
1 2 3 4 5 6 7 8 9 10 201 202 203 204 205 485 205 2 431 110 143 214 410 176
14 119 107 149 116 303 422 237 424 486 106
201 202 203 204 205 318 18 451 294 339 498 131 22 361 316 357 430 294
213 432 56 137 5 481 437 335 201 324 476 71 378
460 476 334 341 364
1 2 3 4 5 6 7 8 9 10 201 202 203 204 205 359 110 404 206 348
1 2 3 4 5 6 7 8 9 10 472 203 431 375 462 327 480 425 124 40 71
170 361 276 437 361 129
1 2 3 4 5 6 7 8 9 10 285 500 499 480 65 296 376 368 45 90 213 491 307 117 251
201 202 203 204 205 333 419 14 369 215 268 51 9 407 461 13 137 447 204 322
300 59 161 165 73 160 117 103
101 102 103 104 105 106 107 108 109 110 111 112 113 114 115 13 59 229 330 286 473 320
497 430 425 322 205
77 179 356 165 5 170 161 383 376 341 235
1 2 3 4 5 6 7 8 9 10 201 202 203 204 205 134 166 408 194 332 467 17 470
43 439 128 41 361 89 14 465 269 108 9 494 396 15
1 2 3 4 5 6 7 8 9 10 126 397 213 392 14 40 415 52 10 133 126 289
127 362 455 187 421 370 165
201 202 203 204 205 317 418 164 32 477 493 3
201 202 203 204 205 43 473 476 306 426 347 433 216 391 68
201 202 203 204 205 336 28 382 280 30 345 499 28 116 42 485 88 136 404 121
493 150 432 284 205 23 196 76 418 30 250
431 69 428 48 73 19 107 495 281 72 469 245 118 395 156
204 127 268 262 444 196 433 310 486 500 486 254 258
28 239 72 455 75 133 61 130 439 69 394 66 117 423 342 258
495 22 489 266 316 397
201 202 203 204 205 287 193 177 354 312 89 144 207 345 350 115 294 140 135 138 309
174 199 31 488 446 197 499 158 392 135 42 54 135
331 435 290 283 406 435 433 438 365 284 417 13 19
23 459 131 340 397 193 439 40 17 244
201 202 203 204 205 332 402 100 70 488 22
474 5 268 482 63 390 171 236 480 143 443 182 131 6 154 66
203 382 145 281 72 396 300 169
1 2 3 4 5 6 7 8 9 10 405 265 216 394 10 246 316 325 120 248 481 8 424 22 469
161 389 478 444 142 122 387 227 120 386 63
201 202 203 204 205 417 480 474 333 454 465 183 450 247 254 4
201 202 203 204 205 83 36 87 457 483 189 386 355 279 13 123 11 11
327 24 183 440 455 239 80 486 267 404 492 335 334
101 102 103 104 105 106 107 108 109 110 111 112 113 114 115 170 354 183 227 464 322 172 266 477 112 325 267 486
1 2 3 4 5 6 7 8 9 10 101 102 103 104 105 106 107 108 109 110 111 112 113 114 115 201 202 203 204 205 370 376 278 92 279 179 438 141 440 357
235 244 269 484 416 30 224 435 102 80 220 141 28 412
1 2 3 4 5 6 7 8 9 10 35 496 19 355 65 141 65 330 315 273 363 123 416
101 102 103 104 105 106 107 108 109 110 111 112 113 114 115 201 202 203 204 205 377 231 406 188 402 280 25 400 279 198 291 57 176
101 102 103 104 105 106 107 108 109 110 111 112 113 114 115 390 50 105 448 394 379 145 56 269 305 206 459 143 148 294 34
201 202 203 204 205 442 391 239 76 275 414 338 107 124 185 276 157 486 182 64
232 284 32 325 366 124 310 217 104 430 369
201 202 203 204 205 318 323 28 178 400 312 195 77 136 261 245 122 481 454 413 451
201 202 203 204 205 300 288 190 203 30 5 451 13 318 204 306
55 118 433 139 383 122
1 2 3 4 5 6 7 8 9 10 101 102 103 104 105 106 107 108 109 110 111 112 113 114 115 201 202 203 204 205 289 251 95 273 336 296 84 195 69
1 2 3 4 5 6 7 8 9 10 101 102 103 104 105 106 107 108 109 110 111 112 113 114 115 201 202 203 204 205 457 444 472 396 113 482 401
1 2 3 4 5 6 7 8 9 10 357 487 15 410 119
1 2 3 4 5 6 7 8 9 10 272 138 257 143 138 469 239 362 473
1 2 3 4 5 6 7 8 9 10 417 96 190 302 26 50
220 144 213 411 240 464 401 135 222 20 369 89 153 228 406 168
415 108 157 295 149 63 154
451 382 391 272 49 209
199 424 192 444 346 228 240 228 420 104 125 33 384 368 368 273
201 202 203 204 205 262 286 215 460 414 432 357 358 451 181 487 404 433
201 202 203 204 205 63 261 202 215 57 89 116 486 346 116 178 116 397 245 197 71
235 466 396 25 356 119 392 322 489 156
183 458 63 142 59 471 394
188 139 12 467 289 148 224 399
333 230 489 347 437 252 332 59 309 48 243 103 56 306 341
322 262 27 33 445 186 35 126 337 297
1 2 3 4 5 6 7 8 9 10 221 164 196 486 104 118 133 404 71 317 33 196 433 77
1 2 3 4 5 6 7 8 9 10 101 102 103 104 105 106 107 108 109 110 111 112 113 114 115 57 27 25 405 267
101 102 103 104 105 106 107 108 109 110 111 112 113 114 115 131 66 31 276 113 121 165 117
101 102 103 104 105 106 107 108 109 110 111 112 113 114 115 201 202 203 204 205 355 250 91 452 405 408
147 163 224 450 374 454 110 223 209 34 158 4 197 250
201 202 203 204 205 426 375 5 473 294 460 491 45 104 351 226 461 334 433
415 446 372 451 450 377 134 375 301 455 42 202
355 200 358 77 83 136 380 339 172 351
201 202 203 204 205 24 357 299 395 367 75
1 2 3 4 5 6 7 8 9 10 201 202 203 204 205 34 351 405 265 40
1 2 3 4 5 6 7 8 9 10 48 78 474 264 305
381 123 166 275 199 297 372 312 439 58 370
1 2 3 4 5 6 7 8 9 10 201 202 203 204 205 250 133 34 293 227 317
101 102 103 104 105 106 107 108 109 110 111 112 113 114 115 477 499 207 489 423 326 262 252 249 224 464
455 84 234 172 156 155 348 443 421 269 153 151 131 296
1 2 3 4 5 6 7 8 9 10 201 202 203 204 205 134 171 133 111 61 207 13 269 265 36 108 473 325 472 387 294
101 102 103 104 105 106 107 108 109 110 111 112 113 114 115 201 202 203 204 205 211 95 278 44 120 310 51 223 137 271 1
201 202 203 204 205 51 187 232 269 198 333 117 14 139 1 351
1 2 3 4 5 6 7 8 9 10 201 202 203 204 205 94 198 17 262 71 96 18 141 428
1 2 3 4 5 6 7 8 9 10 201 202 203 204 205 403 251 331 459 316 479 87 19 84 331 153
201 202 203 204 205 237 330 303 326 215 182 81 467 261 302 399
1 2 3 4 5 6 7 8 9 10 5 442 67 297 432 124 273
281 64 307 429 153 360 19 57
1 2 3 4 5 6 7 8 9 10 42 43 242 193 211 334 410 147 492 373 465 335 420 411
15 468 265 351 267 257 253 53 397 363 123 413 261
125 106 168 141 44 14
201 202 203 204 205 223 301 307 373 120 189 2 196 290 42 312 198 131 395 184 456
415 75 231 160 214 395 290 395 235 456 367 341 473 375 376
101 102 103 104 105 106 107 108 109 110 111 112 113 114 115 201 202 203 204 205 439 49 297 132 282 294 34 109 491
201 202 203 204 205 463 84 137 221 460 324 163 464 97 288
201 202 203 204 205 374 449 102 468 249 156 475 411 283 6 301 357 124
201 202 203 204 205 239 462 86 101 441 365 249 314 36 496 432
171 400 257 329 246
201 202 203 204 205 389 429 261 219 14 495 476 204
467 162 442 47 425 67 45 444 173 357
201 202 203 204 205 148 325 311 55 374 135 481 474 290 453 191
444 35 428 77 62 181 438
270 194 337 155 248 131 474 304 449 428 470
201 202 203 204 205 310 393 283 23 434 434
1 2 3 4 5 6 7 8 9 10 130 413 244 495 320 85 145 375 164 398
101 102 103 104 105 106 107 108 109 110 111 112 113 114 115 201 202 203 204 205 229 262 337 498 168 21
201 202 203 204 205 207 65 295 27 440 138 455 125
101 102 103 104 105 106 107 108 109 110 111 112 113 114 115 345 103 254 282 44 447 44 428 212 441 315
168 464 169 26 456 221
1 2 3 4 5 6 7 8 9 10 109 321 163 226 145 493 380 67 174 158 333 366 354 467 333 261
272 274 208 188 483 109 453 21 486 75 79
101 102 103 104 105 106 107 108 109 110 111 112 113 114 115 1 295 421 245 122
201 202 203 204 205 311 266 40 480 342
236 491 24 201 15 403 318 396 61 442
201 202 203 204 205 356 308 471 153 66
61 341 109 190 120 48 64 110 408 300 467
201 202 203 204 205 457 276 295 446 113 288
72 266 154 165 397 105 89 93 60 211 394 340 187 488 14 465
101 102 103 104 105 106 107 108 109 110 111 112 113 114 115 201 202 203 204 205 272 257 429 25 417 425 428 497 483 283 453 136 422 194 71 394
101 102 103 104 105 106 107 108 109 110 111 112 113 114 115 201 202 203 204 205 447 80 318 283 479 414 389 146 415 398
201 202 203 204 205 100 476 407 453 153 140 315 168 11 23 27 42 224 15
99 318 112 1 364 228 164 186
391 299 388 84 98 140 206 410
201 202 203 204 205 214 374 418 208 182 221
452 392 43 144 303 49 15
182 310 425 153 380 17 198 198 495
201 202 203 204 205 413 34 96 499 346 421 350 337 468 487 74 148 37 144 335
101 102 103 104 105 106 107 108 109 110 111 112 113 114 115 329 29 184 76 211 458
1 2 3 4 5 6 7 8 9 10 201 202 203 204 205 401 147 475 189 224 2 302 265 188 95 26 330 311 83 450
184 307 450 126 466 164 227 375 211 333
292 315 181 287 123 494 210 268 187 472
92 452 488 453 186 393 425 103 9 218 143 13 370 108 347
223 266 358 335 471 112 405 27 300 206 300 148 216 86 37 325
101 102 103 104 105 106 107 108 109 110 111 112 113 114 115 261 401 378 378 317 344 82 361 304 93 475 318
101 102 103 104 105 106 107 108 109 110 111 112 113 114 115 352 349 240 456 494 368 20 440 427 387 397 477 291 107
98 18 452 224 442 233 466 105
201 202 203 204 205 374 380 283 303 341 73
201 202 203 204 205 65 219 350 404 478 439 237 259 65 427 208 222 432 47
85 80 298 229 134 86 379 75 126 422 260 80 247 464 342 204
225 403 70 341 440 426 302
399 283 217 362 425 383 255 487 68 210
201 202 203 204 205 104 322 392 384 171 495 176 157 402 384 372 121 207 297
430 225 227 94 401 104 287 277 191 462 185 318
1 2 3 4 5 6 7 8 9 10 452 214 467 370 94 306 317 95 261
79 317 54 209 262 24 253 19 102
366 406 47 96 87
1 2 3 4 5 6 7 8 9 10 201 202 203 204 205 120 244 391 83 351 96 427 204 11 495
201 202 203 204 205 214 455 229 284 216 408 70
1 2 3 4 5 6 7 8 9 10 201 202 203 204 205 265 207 491 104 338 437 335 491
24 337 361 489 363 359 57 9 89 454 48
311 6 405 130 379 294 140 323 220 233 250 11 153 327
267 134 205 206 12 218 332 35 61 204
1 2 3 4 5 6 7 8 9 10 408 276 204 4 49 330 47 433 454 119 254 396 456 48 492
231 230 12 291 475 417 400 428
1 2 3 4 5 6 7 8 9 10 163 206 344 32 315 13 128 201 36 388 94 261 124 346
1 2 3 4 5 6 7 8 9 10 39 305 113 354 169 138 314 113 213 83 373 46 359 146 182
474 313 210 324 169 380 456 18 20
118 472 286 363 92 290 489 300
392 38 112 425 64 200 240 110 232 72 218 400 225
101 102 103 104 105 106 107 108 109 110 111 112 113 114 115 458 100 365 371 153 364 431 194 61 354
201 202 203 204 205 281 466 367 374 10 448 300 51 47 167 390 284 22 226 357
92 272 89 407 474 392 387 43 320 415
1 2 3 4 5 6 7 8 9 10 201 202 203 204 205 484 212 342 472 499 222 206 18 40 137 192 276 331 110 288 395
201 202 203 204 205 265 454 56 315 482 246 236
339 412 210 394 451 291
495 33 48 468 419 303 277 266 344 82 220 63 107 491 217 124
21 113 358 300 116 425 147 156 261 101 467 10 412 51
201 202 203 204 205 79 467 369 328 421 75 145 237
101 102 103 104 105 106 107 108 109 110 111 112 113 114 115 139 53 188 58 465 32 267 263 423 472 235 261 52 455
358 259 45 145 83 233 71 220 169 280 37 45
1 2 3 4 5 6 7 8 9 10 201 202 203 204 205 306 37 464 342 390 57 425 341 207 49 79 95 284 391 215 40
101 333 94 163 262 375 388 275
72 382 438 308 273 329 124 371 212 37
101 102 103 104 105 106 107 108 109 110 111 112 113 114 115 79 87 388 459 244 455 48 288
201 202 203 204 205 381 252 218 138 18 176 465 145 129 266 397 429 259 16
22 483 302 26 78 185 94
201 202 203 204 205 257 49 342 356 439 361 69 36 242 254 355
56 402 54 221 272 310 243 283 16 357 271 345 99 260 459 472
201 202 203 204 205 1 377 78 464 40
134 151 290 77 110 323 310 315 333 186
287 57 13 363 197 208 143 293 457 60 54 433
201 202 203 204 205 421 465 311 72 476 419 295 397 59 196 454 76 339 377
235 351 329 336 74 125 333 72 58 291 11 198 254 89 105
101 102 103 104 105 106 107 108 109 110 111 112 113 114 115 303 382 421 416 38 174 16 103 299 339 156 57
129 303 283 141 379 500 163 470 475 99 31 172
201 202 203 204 205 395 431 35 173 299 393 382 283 389 281 407 370
294 222 142 365 172 321
1 2 3 4 5 6 7 8 9 10 201 202 203 204 205 485 120 308 309 358 459 316 417 458 403 334 38 475 297 210
18 187 392 37 446 483 490
454 171 302 255 274 5 193 221 106 70 6 452 118 186 51 436
268 315 445 212 188 292 309 322 227
201 202 203 204 205 423 35 428 285 377 61 406 389
413 380 473 28 376
92 320 357 76 280 371 297 492 377 191 349 186 3
201 202 203 204 205 267 181 495 299 500 497 66 369 222 45 496 306 66 90 359 371
96 161 388 93 56 109 277 230 472
202 252 128 386 347 474 267
317 207 470 178 254 265 357 44 134 420 230 12 294 336
201 202 203 204 205 30 149 253 20 215 278 452 464 241 304 133 417 47 122 255
444 409 320 87 232 355 197
101 102 103 104 105 106 107 108 109 110 111 112 113 114 115 201 202 203 204 205 2 45 445 295 131 131 116 314
6 323 247 121 18 365 194 11
445 166 55 161 419 142 197 486 178
201 202 203 204 205 226 434 307 137 322 342 242 40 396
19 104 276 433 272 188 38 262 89 319
201 202 203 204 205 308 333 9 50 173 51 122 169 448 320 105 174 52 157 288
201 202 203 204 205 157 295 432 42 164 76 432 350 288 411 45 280 24 68 306 98
397 23 396 379 149 188 312 351 187 279 168 103
201 202 203 204 205 441 343 324 426 279 400 258 433 32 162 496 120 404 320
1 2 3 4 5 6 7 8 9 10 26 363 494 114 126 69 136
1 2 3 4 5 6 7 8 9 10 201 202 203 204 205 418 443 259 276 49
1 2 3 4 5 6 7 8 9 10 201 202 203 204 205 243 210 443 315 10
409 365 230 390 158 138 325 87 419 136 158 229 138 431 43
478 242 32 344 194 219 250 10 407 89 167 319 123 471 241
86 130 20 252 307 246 318 230
282 120 62 3 8 41 495 333 171 277 49
201 202 203 204 205 151 402 479 39 301 339 497 149 267 134 86 359 218 257 364 493
201 202 203 204 205 352 265 406 151 211 374 298 418
201 202 203 204 205 62 98 313 202 20 286 295 302 146 236 103 429 214 444
217 42 471 151 338 419 208 348
14 254 18 386 189 4 497 361 320
201 202 203 204 205 100 362 201 113 346 485 95 477 430 149 390 117 410 301 195
182 459 108 62 42 148 477
1 2 3 4 5 6 7 8 9 10 101 102 103 104 105 106 107 108 109 110 111 112 113 114 115 197 471 63 463 389
1 2 3 4 5 6 7 8 9 10 201 202 203 204 205 18 224 73 291 263 361 433
101 102 103 104 105 106 107 108 109 110 111 112 113 114 115 148 99 246 27 351 450 435 192 52 82 31 154
369 257 135 446 327 454 366 359 109 256 456 433 349 16 51 251
1 2 3 4 5 6 7 8 9 10 101 102 103 104 105 106 107 108 109 110 111 112 113 114 115 196 87 265 392 456 199 482 287
101 102 103 104 105 106 107 108 109 110 111 112 113 114 115 356 480 401 156 451 399 94 148 127 492
201 202 203 204 205 182 210 248 108 362 474 441 359 389 204 336 188 197
201 202 203 204 205 236 134 453 266 340 191 23 40 400
201 202 203 204 205 351 394 191 41 319 464 322 410 290 492 84
242 453 44 107 114 367 406 344 5 331 88 302 434 353 425 42
101 102 103 104 105 106 107 108 109 110 111 112 113 114 115 457 229 445 108 91 307 319 2 417 137 386 459
69 440 77 376 32 155 163 486 234 323 274 468 338
201 202 203 204 205 50 423 20 190 364
1 2 3 4 5 6 7 8 9 10 19 249 203 41 128
201 202 203 204 205 329 69 348 184 384 69 363 266 193 371 58 121 441 441 410 261
429 221 318 103 471 208 202 456 109 344 182 356
201 202 203 204 205 162 26 180 304 222 411 287 230 288 279 53 133 200 479 344 449
1 2 3 4 5 6 7 8 9 10 201 202 203 204 205 45 109 385 304 385 253
201 202 203 204 205 450 193 402 497 478 14 94 383 490
201 202 203 204 205 157 297 278 382 472 328 58 81 488 194 70 34 491 359 245 30
484 149 391 89 94 322 10 387 115 461 2
201 202 203 204 205 196 5 191 222 473 469 491 402 10 71 301 371 86 18
1 2 3 4 5 6 7 8 9 10 262 428 318 22 458 217 415 208 251
1 2 3 4 5 6 7 8 9 10 201 202 203 204 205 400 83 472 133 189 215 125
201 202 203 204 205 428 144 430 278 138 311 142 119 31 467 471
212 353 347 407 377 153 207 265 29
101 102 103 104 105 106 107 108 109 110 111 112 113 114 115 497 116 460 34 311 238 448 347 290 416 303 320
289 8 157 341 248 334 350 221 4 400
1 2 3 4 5 6 7 8 9 10 95 134 425 150 310 462 395 397 26 77
343 368 198 458 176 465 451 149 467 354 101 211 342 474 175
139 344 196 302 417 24 244 103 156 274 130 147 44
201 202 203 204 205 343 222 360 250 123
221 95 19 39 316 139 494 476 441 421 73 18
201 202 203 204 205 400 298 146 462 383 90 283 125 78 406 326 344 235 472
201 202 203 204 205 15 306 111 27 13 415
1 2 3 4 5 6 7 8 9 10 303 375 452 465 406 356 259 464 410 197 469 107 125 295 215 110
173 293 170 332 17 169 107 114 233 156 467 431 311 318 457
101 102 103 104 105 106 107 108 109 110 111 112 113 114 115 201 202 203 204 205 452 376 438 301 173 467 178 47 208 433 143 61 339
284 291 139 445 149 325 178 262 59 232 160 195 180
468 8 110 2 359 159 395 319 250 219 245 270 181 461 188 243
308 277 215 397 353 167 206 307 29 420 417 286 467 234 103
1 2 3 4 5 6 7 8 9 10 201 202 203 204 205 281 431 458 336 36 237 301 494 491 383 421 265 350 22
484 123 391 248 344 445 183 239 134
31 132 220 278 393 204 130
201 202 203 204 205 446 450 259 29 400 229 196 117 241 482 189 19 279
497 173 56 271 496 199 412 495 20 390 154 295 442 248
201 202 203 204 205 295 95 255 274 459
101 102 103 104 105 106 107 108 109 110 111 112 113 114 115 201 202 203 204 205 67 442 8 36 109 221 216
201 202 203 204 205 31 228 216 137 283 6 141 4 276 250 309 297 35 113 483
293 143 325 83 164
2 355 8 123 426 275 242 413
10 380 233 125 89 456 498 93 142 55 52 211 467 389
44 330 292 71 167 19 471 322 126 259 237
361 494 417 398 295
201 202 203 204 205 34 211 299 155 48 236 331 75 63 25 96 10 415 292 496 119
219 54 160 209 70 28 100 374 316 32 218 254
48 4 74 421 62 26 443
1 2 3 4 5 6 7 8 9 10 460 50 59 236 242 332 168 109 460 306 450 461
321 274 250 228 325 195 405 255
101 102 103 104 105 106 107 108 109 110 111 112 113 114 115 318 480 319 15 11 275 421 325 481 87 384 368 450 5 492 96
201 202 203 204 205 224 441 102 169 133 105 54 233 335 363
1 2 3 4 5 6 7 8 9 10 201 202 203 204 205 418 262 342 173 225 199 491 386 435 3 43 484 365 421
1 2 3 4 5 6 7 8 9 10 201 202 203 204 205 221 185 31 381 406 310 213 436 382 9 184
7 474 349 410 425 451 382 268 132 403 67 206
3 143 75 366 47 34 377 222 320
368 176 219 24 324 331 448
197 65 29 450 498 330 499 276 171 418 275 114 348 180 347
201 202 203 204 205 486 25 239 403 139 340 162 47
201 202 203 204 205 21 44 395 68 185 330 277 93 290 201 257 352
300 156 294 281 124 53 23 368 415 151 405 176
1 2 3 4 5 6 7 8 9 10 218 441 475 106 120 212 471 483 130
27 421 487 420 444 217 318
201 202 203 204 205 155 157 273 127 156 407 169 445 157 130 403 139 466
72 299 280 75 73 272 213 351 361 215 342 67 467
234 447 241 318 399 259 86 277 429 92 212
12 238 266 293 15
1 2 3 4 5 6 7 8 9 10 201 202 203 204 205 140 462 216 109 204 118 214 60 160 94 338 9 98 52 261
1 2 3 4 5 6 7 8 9 10 102 425 216 414 263 141
441 37 154 416 190 236 118 239 385
389 476 267 172 307 477 351 298 342 481 103 157 239 258
201 202 203 204 205 386 471 123 419 366 158 395 297
201 202 203 204 205 174 183 138 164 266 371
201 202 203 204 205 450 86 333 142 344 91
101 102 103 104 105 106 107 108 109 110 111 112 113 114 115 89 96 352 284 72 229 270 49 81 426 460 317 279 287
295 459 417 130 198 381 247 392 122 116 469 465 32 265 290 51
484 449 228 435 459 338 245 80 295 99 475 283 112 331 182 474
201 202 203 204 205 372 52 464 336 405 204 225 205 129 271 164
469 127 75 219 446 12 488 492 350 312 169 154 349 172 269
201 202 203 204 205 304 184 315 195 366 170 185
113 481 456 247 7 47 363
201 202 203 204 205 167 400 193 228 465 347 204 419 362 118 245
1 2 3 4 5 6 7 8 9 10 258 11 79 64 98 272 131 380 427
101 102 103 104 105 106 107 108 109 110 111 112 113 114 115 290 432 351 303 299 208 339 235 247 51 326 295 318
201 202 203 204 205 238 242 360 272 315 81 164 104 35
305 317 259 257 22 169 318 389 152 42 280 193 291 209 478 284
1 2 3 4 5 6 7 8 9 10 409 361 159 211 452 193 191 477 45 8
398 430 267 347 172 187
201 202 203 204 205 241 203 382 136 398 335 12 14 370
201 202 203 204 205 198 486 333 328 182 135
347 414 335 464 247 34 121 379 231 74
192 474 290 12 219 417 385 152 287 9
105 267 458 48 376
1 2 3 4 5 6 7 8 9 10 201 202 203 204 205 56 91 195 107 240 365 244 141 308 303 349 418 277 352 116 245
24 127 207 472 424 68 495 321
321 376 181 134 381 50 142 343 23 31
293 490 339 263 264 319 107 190 230 450 194
201 202 203 204 205 478 51 389 192 177 243
201 202 203 204 205 260 206 121 144 299 364 397 221 353 377 495 140 340 165 291 170
273 144 397 57 393 283 114 48 322 436 144 67 128
1 2 3 4 5 6 7 8 9 10 201 202 203 204 205 190 186 59 281 318 130 192 335 435 108 338 116 385 442 8 427
201 202 203 204 205 132 162 405 315 145 18 414 387 292 43 56
386 390 1 468 12 373 201
137 101 283 187 159 225 25 290 422 291 494
1 2 3 4 5 6 7 8 9 10 338 6 50 497 461 370 49 317 172 287 324 343 404 479 99
39 33 57 361 28 325 137 392 131 397 26 90 94 430 174
201 202 203 204 205 472 95 199 277 345 53 395 420 53 190 19
201 202 203 204 205 184 6 350 417 388 184 252 217 254 63 210
149 223 189 183 345 235 181 211
373 211 112 17 235 62 321 255 384 311
419 387 65 18 359 268 348 425 203 147 419
101 102 103 104 105 106 107 108 109 110 111 112 113 114 115 201 202 203 204 205 387 438 99 461 26 159 19
201 202 203 204 205 246 241 98 265 112 420 426 82 163 474 141 450 481 226 94
101 102 103 104 105 106 107 108 109 110 111 112 113 114 115 115 384 226 194 400 111 313 158 459 495 457 221
250 78 318 316 49 479 220 463 290 469 185 22 495
1 2 3 4 5 6 7 8 9 10 101 102 103 104 105 106 107 108 109 110 111 112 113 114 115 33 121 133 179 54
101 102 103 104 105 106 107 108 109 110 111 112 113 114 115 201 202 203 204 205 31 15 73 243 139 129 59 9 208 405 145
43 71 339 328 114 77 31 206 260 308 27 358 64 469 25 349
169 332 500 311 21 207 478 130 179 499 444 47 72
101 102 103 104 105 106 107 108 109 110 111 112 113 114 115 201 202 203 204 205 108 194 180 143 292 76 479 202 270 85 151
386 147 397 432 210 286 174 31 223 89 67 425 92
499 463 361 19 232 204 288 119 191 32 407
15 131 392 45 123 165 377 130 202 441 294 173 267 42 439 411
419 361 240 26 145 426 40 93 87 336 414
101 102 103 104 105 106 107 108 109 110 111 112 113 114 115 117 429 213 347 262 330 177 81 155 484 41 49 19
320 38 203 114 357 319 177 412
1 2 3 4 5 6 7 8 9 10 133 147 177 25 195 129 476 255 375 360 136
1 2 3 4 5 6 7 8 9 10 101 102 103 104 105 106 107 108 109 110 111 112 113 114 115 482 54 167 139 14 338 168 469
318 357 157 467 190 165 209 123 462 242 434 349 268
179 119 281 404 201 159 121 319 173 138 438 291
1 2 3 4 5 6 7 8 9 10 352 36 65 477 253 278 498 302 118
20 239 67 308 101 287 281 104
128 410 441 54 209 258 131 349 437 212 334 192
201 202 203 204 205 33 123 146 282 463 231 425 84 322 6 293 250 378 487 497
1 2 3 4 5 6 7 8 9 10 201 202 203 204 205 357 275 431 394 206 36 53 203 387 430 53 230 252 247 201 455
201 202 203 204 205 271 42 438 160 372 452 51 194
101 102 103 104 105 106 107 108 109 110 111 112 113 114 115 201 202 203 204 205 389 259 188 232 169 437 250 194
74 353 67 480 297 136
419 410 286 250 266 23 406 454
201 202 203 204 205 130 423 166 14 325 149 185 344
239 282 369 3 364 441 252 456 378 395 396 72
283 58 223 226 151 496 399 244 249 74 443 490 419 246
1 2 3 4 5 6 7 8 9 10 101 102 103 104 105 106 107 108 109 110 111 112 113 114 115 426 223 377 350 179 147
197 445 207 171 259 301 228 246 173
201 202 203 204 205 62 165 208 144 342 352 296 214 362 209 53 349 161 216 476
346 106 406 180 83 13 83 428 215 452 400 304 129
201 202 203 204 205 322 189 408 16 31 58 92 22 490 133 476
106 463 310 365 453
1 2 3 4 5 6 7 8 9 10 167 116 358 449 23 28 213 492 230
1 2 3 4 5 6 7 8 9 10 393 473 480 153 339
201 202 203 204 205 228 251 204 247 235 323 71 234 423 403
372 189 173 272 289 436 46 461 452 449 103 149 90 29
471 411 232 252 1 164
159 21 105 384 456 134
101 102 103 104 105 106 107 108 109 110 111 112 113 114 115 387 201 344 71 258 346 469 485 445 470 121
106 464 452 289 332 428 360 420 486
201 202 203 204 205 255 37 453 403 309 380 481 79 419 100 282
145 290 33 105 393 140 336 233 396 160 7
201 202 203 204 205 89 91 78 204 224 283 336 6 247 212 217
232 219 116 319 399 214 217 155 14 38 105 382 278 59
201 202 203 204 205 147 127 72 12 296 187
201 202 203 204 205 444 361 226 169 494 58 103 135 115 402 461 271 64
94 3 37 88 121 130 88 406 211
201 202 203 204 205 116 242 50 12 341 265 88 456 217
272 133 400 440 175 209 171 291 207 68
201 202 203 204 205 394 175 118 171 70 322 281 201 456 290 448 172 237 143 42
393 20 474 153 232
201 202 203 204 205 6 360 21 82 182
46 249 280 291 43 134 476
1 2 3 4 5 6 7 8 9 10 201 202 203 204 205 387 93 326 196 497 446
173 383 430 155 464 255 225 298 419
1 2 3 4 5 6 7 8 9 10 94 71 306 38 130 436 50 423 399 63 468 372 319 31
201 202 203 204 205 401 167 231 270 165 91 354 16 394 248 256 197
201 202 203 204 205 219 296 469 198 499
201 202 203 204 205 434 156 310 227 129 224 368 127
101 102 103 104 105 106 107 108 109 110 111 112 113 114 115 201 202 203 204 205 409 144 7 271 25 481 134 448 362 389 382 100 177 18 75
1 2 3 4 5 6 7 8 9 10 424 69 409 182 20 309 188 423 352 247 369
214 241 243 252 27 427 180 140 188 7 241
147 239 417 160 481 210 19 395 125 31
474 24 185 165 155 378 27 253 479 427 260 388 205 78
101 102 103 104 105 106 107 108 109 110 111 112 113 114 115 201 202 203 204 205 373 379 463 64 241 272 479 402 430 257
1 2 3 4 5 6 7 8 9 10 103 17 413 280 450 492 320 296 422
54 198 419 269 249
101 102 103 104 105 106 107 108 109 110 111 112 113 114 115 201 202 203 204 205 191 307 77 454 495 225 482 119 458 363 211 221 319 355 78 164
201 202 203 204 205 328 90 308 9 203 64 116 468 396 439
245 36 120 363 489 11 453 100 252 252
1 2 3 4 5 6 7 8 9 10 34 434 447 249 316 204 162 2 349 372 195
345 181 171 286 71 273 347 75 99 257 140 240 391 70 472 451
101 102 103 104 105 106 107 108 109 110 111 112 113 114 115 390 260 244 39 454 317 214 190 496 451 362 209 311 345
1 2 3 4 5 6 7 8 9 10 101 102 103 104 105 106 107 108 109 110 111 112 113 114 115 237 368 24 190 395 456 402 147 411 185
113 369 78 22 200 137 48 285 73 440 198
2 86 80 53 192 145 68
397 479 149 449 414 54
56 163 16 219 69 487 198 51
1 2 3 4 5 6 7 8 9 10 178 478 403 26 383 459 226 346 437 423 332 179
442 18 44 348 411 406 271 21 229 248 169 54 117 309
14 239 368 284 153 145 381 430 458 374 52 79
101 102 103 104 105 106 107 108 109 110 111 112 113 114 115 201 202 203 204 205 103 291 276 466 265 383 53 395 400 213 349 441 384 354 109
6 420 284 65 68 497 91 351 218 496 376 273 37 349 473 396
289 396 393 116 409 286 218 289 372 288 173 62
201 202 203 204 205 151 451 344 122 184
1 2 3 4 5 6 7 8 9 10 393 154 282 66 219 317 134 349 343 326 276 36 205 235
370 101 406 400 428 273 489 430 253 310
146 401 46 218 402 314 92 459 326 115 41 23
1 2 3 4 5 6 7 8 9 10 101 102 103 104 105 106 107 108 109 110 111 112 113 114 115 201 202 203 204 205 321 2 209 182 322 73
1 2 3 4 5 6 7 8 9 10 201 202 203 204 205 144 87 1 209 166
201 202 203 204 205 435 348 106 157 19 429 469 489 268
1 2 3 4 5 6 7 8 9 10 201 202 203 204 205 194 148 202 313 32 326 388 212 454 352 441 251 324
101 102 103 104 105 106 107 108 109 110 111 112 113 114 115 96 79 101 137 134 329 133 489 195 207 369 16 485 323 80
101 102 103 104 105 106 107 108 109 110 111 112 113 114 115 201 202 203 204 205 494 187 69 384 52 180 161 258 323 319 287 366 6
6 381 50 212 455 424 429 251
101 102 103 104 105 106 107 108 109 110 111 112 113 114 115 285 164 313 126 24 110 103
403 53 452 236 175 310 229 197 499 106 437 448 335
101 102 103 104 105 106 107 108 109 110 111 112 113 114 115 201 202 203 204 205 434 35 323 182 51 408
101 102 103 104 105 106 107 108 109 110 111 112 113 114 115 483 136 90 387 470 173 125 3 143 215
325 271 433 13 259 49 314 403 46
1 2 3 4 5 6 7 8 9 10 439 123 363 396 10 418 217 460
201 202 203 204 205 338 246 60 154 113 449 370 16 406 256
1 2 3 4 5 6 7 8 9 10 409 463 252 318 86 340 161 187 197 428 141
363 326 429 43 77 231 32 43 61 353 370 120 370 191 23
201 202 203 204 205 333 454 295 10 348 161 97 55 299 375 293 58 94
148 244 409 319 255 124
138 144 176 27 6 267 211 282 428 103 284 280 346 21
1 2 3 4 5 6 7 8 9 10 289 363 468 254 115 211 24 477 461
440 225 236 139 199 264 423 135 223 15 499
96 24 247 321 90 169 187 191 39 428 286 134 409 166
101 102 103 104 105 106 107 108 109 110 111 112 113 114 115 445 89 77 101 44 264 248 50 26 371 349
370 320 309 287 380 221 18 27 478 111
101 102 103 104 105 106 107 108 109 110 111 112 113 114 115 57 101 494 174 130 418 223 125 39 320 482 383 136
278 63 63 181 287 276 12 115 238 87 39
148 429 152 475 296 263 110 60 387 173
201 202 203 204 205 65 248 267 297 353 241 334 178 360 301 308 259 38 481 264
35 99 106 242 383 55 429 276 379 254 422 147 152 467
133 164 25 366 204 28 343 250 178 6 15 185 87 328
278 80 188 47 156 292 479 120 354 247 218 13 44 360 425 489
201 202 203 204 205 327 113 342 19 189 244 123 65
396 74 88 296 382 485 491 95 385 275 419 343 73 197 142
1 2 3 4 5 6 7 8 9 10 201 202 203 204 205 118 20 393 460 315 112 118 163 238 320
201 202 203 204 205 161 234 361 71 175
1 2 3 4 5 6 7 8 9 10 320 148 348 90 200 186 455 101 386 102 281 56 373 9
23 472 29 275 409 305 405 337 497 276
201 202 203 204 205 20 121 405 395 22 225 134 482 88 407 342
291 273 446 72 462
158 489 408 310 391 444 166 199 40 317
328 493 159 313 139
201 202 203 204 205 338 312 49 392 120 45 276 436 28 493 287 274 482 242 333
150 405 308 81 398 88 372 1 129
356 423 463 9 206 188
447 16 297 3 332 147
201 202 203 204 205 34 61 241 154 24 438 150 146 129 236
405 225 376 92 127 199 366 32 188
101 102 103 104 105 106 107 108 109 110 111 112 113 114 115 201 202 203 204 205 321 378 98 339 456 7 258 142 434 109 302 141 176 245
371 402 99 169 340 141 452 219 292 74 338 11
100 45 400 296 40 351 25 347 228 229 450 387 432 232
452 167 113 239 147 196 78
485 73 213 315 458 442 401 202 117 87 22 388
163 188 400 245 403 138 57 439 58 162 191
252 459 235 335 313
1 2 3 4 5 6 7 8 9 10 201 202 203 204 205 111 413 342 17 438 142 293 6 405 206 33 62 107
201 202 203 204 205 148 294 191 118 240
432 315 143 306 414 173
170 481 113 147 373 208 156 263 58 345 96 92
201 202 203 204 205 394 235 331 480 449
201 202 203 204 205 307 166 73 409 13 405 384
7 172 98 79 32 499 466 284 313 174 416 430 428 383 354
1 2 3 4 5 6 7 8 9 10 201 202 203 204 205 201 486 166 71 82 304 488 40 403 135 455 494 129 72 33
187 361 366 361 218 152
201 202 203 204 205 244 386 173 182 293 199 151 448 308 294 440 411 104 234 336
101 102 103 104 105 106 107 108 109 110 111 112 113 114 115 201 202 203 204 205 183 268 383 73 6 251 440 234 376 67 263 428
201 202 203 204 205 359 347 119 152 111 416 171 293 324 154
11 291 42 328 499 130 324 5 286 430 1 457 464
73 455 461 192 296 218 49
73 425 253 385 363 461 257 129 165 347
184 201 100 1 160 72 421 488 395 18 232 356 466 402 156
305 195 236 209 26 144 472 60
65 81 441 141 294 378 273 488 289 274 58 358 177 270 96
101 102 103 104 105 106 107 108 109 110 111 112 113 114 115 201 202 203 204 205 156 170 395 89 252
201 202 203 204 205 190 202 52 211 392 244 320
209 14 217 238 455 385 52 450
332 438 293 156 448 189 92 98 223 87 294 255 241
201 202 203 204 205 139 473 62 79 473 72 421 441 273 486 337
201 202 203 204 205 208 423 155 254 329 39 74 204 493 104 247 243 207 137 382
154 386 131 383 420 230 213 84 100 30 328 258 422 369 214
168 21 378 301 393 67 412 490 118 207 6 223 127 236 278 449
472 35 402 284 419 46 297 107 62 421 68 47 357
101 102 103 104 105 106 107 108 109 110 111 112 113 114 115 468 453 85 435 315 276 499 202
28 1 297 440 415 237 164 346 368 150 114 163 218 261 310
101 102 103 104 105 106 107 108 109 110 111 112 113 114 115 201 202 203 204 205 467 177 80 261 290 120 406 124 28 285 133 396 329 261 417
201 202 203 204 205 353 147 439 119 179 31 250
1 2 3 4 5 6 7 8 9 10 117 247 436 322 243 313
401 254 285 450 230 25 270 260 206 8 300
214 50 136 198 420 130 242 259 360 228 16 164 111 449 428 154
1 2 3 4 5 6 7 8 9 10 115 431 437 149 176 192 193 377 278 486
360 154 20 210 88 303 329 22 467 473 221 113 413 292 91
201 202 203 204 205 252 204 351 480 311 422 416 102 328 45 443 414 484 91 484
101 102 103 104 105 106 107 108 109 110 111 112 113 114 115 85 80 77 66 193 79 268 23
482 293 439 107 491 486 500 179 187 264 214
201 202 203 204 205 295 460 445 268 228 186 55 137 217 317 179 13 18
436 325 325 89 207 466 419 453 385 437 180 343
400 48 393 267 146 382 176 324 334 212 59
393 401 321 427 462 350 387 350 50 31 140 276 233 346 460 375
201 202 203 204 205 191 175 418 328 413
201 202 203 204 205 266 12 325 380 140 404 256 208
101 102 103 104 105 106 107 108 109 110 111 112 113 114 115 351 13 5 295 445 163 39 30 45 77 437 482 451 319
163 339 494 243 472 52 295
201 202 203 204 205 375 53 262 384 51 447 14 150 413 131 66 326 199
274 462 60 77 106 291 257 405 281
52 40 250 89 477 205 263 84
383 30 57 315 461 24 323 363 46 201 421 94
201 202 203 204 205 471 341 285 452 101
201 202 203 204 205 124 497 169 379 397 64
201 202 203 204 205 117 235 136 214 21 432 487 499 451 75 407 409 211 299
226 422 443 228 323 444 208 342
201 202 203 204 205 59 115 186 354 412 174 380 450 330 138 142 179 156 327 412 316
101 102 103 104 105 106 107 108 109 110 111 112 113 114 115 21 331 424 364 379
122 63 464 208 468 419 279
378 91 182 419 498 108 407 438 300 198 103 469 24 96 134
101 102 103 104 105 106 107 108 109 110 111 112 113 114 115 405 317 189 271 170 380
201 202 203 204 205 183 289 119 98 314 243 492 338 327 496 161 500
1 2 3 4 5 6 7 8 9 10 495 149 242 175 421 417 269 26 115 292 336 27 433 476 217
201 202 203 204 205 88 58 214 468 80 434
1 2 3 4 5 6 7 8 9 10 304 59 38 214 456 32 26 7 42 176 52 132 313
201 202 203 204 205 113 8 331 329 172 111 380 239 345 201 406
136 493 345 425 455 365 38 211 20 308 436 255 223
67 175 122 146 378 438 108 384 318 179
201 202 203 204 205 2 332 305 144 246 219 5 143 352 428 53 494 97 340 87
215 178 215 359 463 473 192 184
315 6 423 36 162 127 139 232 197
97 124 355 103 110 258 331 411 202 192
201 202 203 204 205 289 396 425 453 214 26 322 77 453 121 361 435
201 202 203 204 205 53 252 144 414 88 20 13 435 411 298 279 286 18 363 125
1 2 3 4 5 6 7 8 9 10 201 202 203 204 205 197 136 224 297 47 492 316 315
201 202 203 204 205 131 206 307 150 226 441 489 491 387 342 486
101 102 103 104 105 106 107 108 109 110 111 112 113 114 115 319 370 149 134 107 499
201 202 203 204 205 21 42 310 350 186 61 439 397
1 2 3 4 5 6 7 8 9 10 201 202 203 204 205 172 432 377 419 276 257 467 79 26
474 88 212 152 348 291 173 404 101 242 132 122 75 37 395
201 202 203 204 205 457 298 411 226 231 477
201 202 203 204 205 445 314 273 91 495 232 82 395 430 73 106 135 3 498 209 317
101 102 103 104 105 106 107 108 109 110 111 112 113 114 115 201 202 203 204 205 192 14 6 267 44 133
201 202 203 204 205 422 178 57 18 15 491 173 418 145
1 2 3 4 5 6 7 8 9 10 269 416 21 260 297
201 202 203 204 205 401 4 196 236 273 439
101 102 103 104 105 106 107 108 109 110 111 112 113 114 115 201 202 203 204 205 466 173 10 331 202 424 374 266 129
152 222 268 461 498 413 76 269 15 84 317 184 131 450 269
201 202 203 204 205 332 373 105 94 325 168
1 2 3 4 5 6 7 8 9 10 201 202 203 204 205 299 406 79 2 496 140 422 323 406 425 222 335 110
466 91 306 162 55 217 38 173 330 31 105 28 114 217
44 27 328 130 78
201 202 203 204 205 215 225 259 226 374 335 73 341 41 20 398 68 368 252 271 413
1 2 3 4 5 6 7 8 9 10 53 17 134 322 87 404 2 197 64
77 27 97 66 271 449 400 388 74 422
1 2 3 4 5 6 7 8 9 10 201 202 203 204 205 214 241 212 170 241 218 46 168 112 448
331 161 109 116 3 15 48 350 322 444 475 84 176 217
17 252 408 220 68 118 210 1 82
114 257 212 232 265 420 133 450 437 165 213
1 2 3 4 5 6 7 8 9 10 201 202 203 204 205 347 225 161 57 2 293 79 231 150 482 89
101 102 103 104 105 106 107 108 109 110 111 112 113 114 115 201 202 203 204 205 343 73 35 113 19 25 24 139
1 2 3 4 5 6 7 8 9 10 456 493 134 173 309 193 214
201 202 203 204 205 277 416 128 302 472 125 58 222
174 170 380 102 325 148 186 210 17 277 84 448 413 105
1 2 3 4 5 6 7 8 9 10 201 202 203 204 205 342 215 177 145 384
201 202 203 204 205 378 169 398 216 74 321 121 341 467 73 353 245 192 22 281
375 217 280 133 305
201 202 203 204 205 412 245 306 77 278 452 376 249 77 333 332 292 379 111 359
1 2 3 4 5 6 7 8 9 10 145 18 85 268 375 411
444 8 437 171 282 214 115 146 192 78 39 13
116 219 71 500 163
1 2 3 4 5 6 7 8 9 10 201 202 203 204 205 338 341 39 241 230 241 175 439 329 161 306 443 260 116
1 2 3 4 5 6 7 8 9 10 201 202 203 204 205 326 449 215 344 330 168 92 338 93 419
1 2 3 4 5 6 7 8 9 10 201 202 203 204 205 472 391 404 327 3 418 64 244 192 341 164
201 202 203 204 205 49 30 498 85 313 207
201 202 203 204 205 232 262 105 117 45 89 125 368 114 215 23 492 473 88
203 358 151 405 205 134 226 102 11 219 459 140 354 193
1 2 3 4 5 6 7 8 9 10 201 202 203 204 205 79 407 231 404 314 468 101
201 202 203 204 205 116 346 39 202 387 429 416
1 2 3 4 5 6 7 8 9 10 74 260 392 373 488
101 102 103 104 105 106 107 108 109 110 111 112 113 114 115 201 202 203 204 205 472 369 22 42 227 352 227 20 87 300 428 268 86 294
269 381 73 171 9 483
1 2 3 4 5 6 7 8 9 10 351 365 99 59 230 52 141 9 413 474 187 280 184 256
101 102 103 104 105 106 107 108 109 110 111 112 113 114 115 201 202 203 204 205 57 134 215 163 182 91 410 346 131 241 361 67 67 101
191 286 322 320 134 449 133 46 286 279 302 465
18 40 127 49 274 127 107 52 314 213 356 455 322 440 374 476
219 397 264 257 312 467 124 45 287 286 46 105 139 386 45 228
201 202 203 204 205 479 274 239 28 303 84 461 119 148 194 144 328 386
1 2 3 4 5 6 7 8 9 10 201 202 203 204 205 58 364 372 78 166 430
201 202 203 204 205 200 331 422 28 212 420 184 106 270 217 131 120 458 3 40 179
44 277 94 98 225 202 178 218
132 173 250 205 144 489 388 43 388 217 384 339
1 2 3 4 5 6 7 8 9 10 254 55 14 57 404 127 360 376 100 159
201 202 203 204 205 285 200 420 414 382 427 449 451 450 366 152 309
184 421 300 25 262 183 432 118 236 376 82 189 101
1 2 3 4 5 6 7 8 9 10 17 37 417 451 407 84 361 62 389
1 2 3 4 5 6 7 8 9 10 60 311 202 498 486 81 155
19 467 137 85 499 44
468 285 289 52 303 340 450 282 118 151 192 421 195 364
489 83 284 494 160 134 41 304
201 202 203 204 205 465 160 231 92 365 9 185
101 102 103 104 105 106 107 108 109 110 111 112 113 114 115 425 269 417 130 129 188 263 63 443 77 364 31 384 200 307
361 416 265 82 364 256 98
201 202 203 204 205 359 416 153 306 4 58 155 271 46 441 50 362 487 474 220 215
275 484 232 220 389 181 357 185 385
331 489 463 427 465 305 262 450 423 51 20 211 130 306 29
499 261 369 205 500 396 199 13 391 73
101 102 103 104 105 106 107 108 109 110 111 112 113 114 115 7 251 10 250 362 218 163 159 212 233
1 2 3 4 5 6 7 8 9 10 101 102 103 104 105 106 107 108 109 110 111 112 113 114 115 201 202 203 204 205 121 276 198 303 258 460 493 62 187 443 190 500 26
19 105 155 252 242 460
279 140 482 159 388 96 254 252 324 145 345 378 260 271
1 2 3 4 5 6 7 8 9 10 201 202 203 204 205 331 233 401 313 82 485 207 377 343 381 483 84 373 121 463
201 202 203 204 205 162 350 340 429 115 180 422 18 496
198 337 201 323 85
466 129 86 447 382 488 70
201 202 203 204 205 183 76 289 456 30 75
101 102 103 104 105 106 107 108 109 110 111 112 113 114 115 81 284 141 55 496 467 314 190
496 176 48 179 284 277 415 4
201 202 203 204 205 81 429 462 151 229 30 127 155 470 30 73 358 373 390 347
201 202 203 204 205 5 115 138 429 357 428 366 344
201 202 203 204 205 388 324 170 388 207
1 2 3 4 5 6 7 8 9 10 376 180 401 208 325 127 466 23 390 445 54 102 343 1
465 169 67 8 385 469 367 465 100 107 223 297 240 111 493 320
450 414 304 388 411 147
1 2 3 4 5 6 7 8 9 10 131 16 418 214 294 334 375 368 10 377 339 227 317 364 177 128
101 102 103 104 105 106 107 108 109 110 111 112 113 114 115 201 202 203 204 205 469 268 284 236 282 378 141 404 229 176 425 248
79 114 314 430 125 215 467 287 136 119
1 2 3 4 5 6 7 8 9 10 442 331 293 128 394 317 32 67 246 401 303 400 482 66 433 84
150 320 159 442 302 311 59 182
201 202 203 204 205 286 85 316 435 210 380 369 352
166 437 186 276 75
1 2 3 4 5 6 7 8 9 10 92 9 291 331 471 375 178 56 110 123 426 399 264 6 128
201 202 203 204 205 98 463 473 442 45 229 113 5 140 63 73 285 34 239 199 376
378 419 180 453 56 365 198 220 317 285 430 432 449 248
1 2 3 4 5 6 7 8 9 10 470 68 50 386 405 419 441 497 352
319 427 5 275 222 497 196 180 122
201 202 203 204 205 387 88 226 113 378 395 156 100 225 151 448
1 2 3 4 5 6 7 8 9 10 201 202 203 204 205 497 399 182 63 104 264 324 115 436 278 253 494 206
86 217 187 24 251 457 56 422 135 142 482 42 480 350
1 2 3 4 5 6 7 8 9 10 130 430 51 480 149 427 436 176 250 105
201 202 203 204 205 180 98 121 435 95 469 46 205 102 283 359 39 323 121 95 415
398 261 341 176 426 232 13 263 105 496 89 137 68 314 112 306
201 202 203 204 205 173 206 126 374 16 327 3 93 295 281 166 122 320 66
323 115 461 97 276 34 102 151 492 341 249
162 236 132 97 284 239 247 191
1 2 3 4 5 6 7 8 9 10 201 202 203 204 205 5 389 114 418 476 39 325 222 132 303 443 335 287
150 311 335 305 365 309 164 379 498 140 154 144 132 8 306 237
430 334 417 30 57 410
431 120 442 420 270 261 112 56 432 374
214 328 197 366 344 334 171
201 202 203 204 205 483 123 58 334 468 62 35 400 92 220 475 166 64 406 401 321
201 202 203 204 205 66 337 232 208 43
201 202 203 204 205 180 182 333 475 489 92 81 400 468 121
1 2 3 4 5 6 7 8 9 10 101 102 103 104 105 106 107 108 109 110 111 112 113 114 115 201 202 203 204 205 398 36 122 249 452 344 283 56 418 74
201 202 203 204 205 190 180 308 262 19 250
86 352 251 386 365 335 330
447 311 67 445 86 498 253 265 306 91 365 453 411 203
201 202 203 204 205 388 203 168 30 180 291
470 102 87 324 200
201 202 203 204 205 367 304 434 168 335 393 206 139 202
1 2 3 4 5 6 7 8 9 10 461 124 285 87 468 167 375 448 193 30
159 178 483 437 14 291 427 400 45
201 202 203 204 205 38 339 444 373 24
201 202 203 204 205 404 440 287 76 254 1 60 327 438 272 72
465 490 278 212 173 93 406 224 169 307 142 175
253 68 322 186 467 444 257 267 403 272 138 248 65
1 2 3 4 5 6 7 8 9 10 201 202 203 204 205 17 445 63 263 428 332 69 181 29
57 241 145 476 460 486 326 83 3
201 202 203 204 205 407 183 137 332 444 35 479
1 2 3 4 5 6 7 8 9 10 201 202 203 204 205 192 203 481 73 269 133 295 438 372 403 59 332 391 15 447 10
1 2 3 4 5 6 7 8 9 10 201 202 203 204 205 198 408 241 10 148 480 211 50 409 470 416 197 325 207
418 117 167 338 228 272 23
201 202 203 204 205 32 414 382 321 19 61 258 40 198 222 73 126 46 380 371 324
201 202 203 204 205 110 261 184 450 91 350 455 116
233 268 352 377 173 82 249 208 417 450 52
201 202 203 204 205 157 494 206 169 259 220 258 465 37 12 179 143 117 59
201 202 203 204 205 170 500 13 245 273 415 47 167 93 2 443
201 202 203 204 205 314 375 33 41 116 64 106 107 301 94 66 71
201 202 203 204 205 59 291 481 207 335 80
97 110 93 37 323 32 271
201 202 203 204 205 479 433 77 253 195 166 201 112 139 154 442 492 101 225 284
201 202 203 204 205 160 298 363 26 379
1 2 3 4 5 6 7 8 9 10 201 202 203 204 205 173 454 177 216 391 375 379 68 363 469 468 39 4 183
1 2 3 4 5 6 7 8 9 10 172 232 326 62 48 225 63 465 234 413 44
201 202 203 204 205 316 130 200 476 380 324 223 496 17 180
1 2 3 4 5 6 7 8 9 10 342 130 238 318 270 333 496 302 316 379 308 355
308 444 227 363 274 395 449 121 337 500 116 17 58 291 313
1 2 3 4 5 6 7 8 9 10 75 330 101 468 96 471 229 482 85 231 5 316
386 455 323 204 482 187 26 447 386 195 85 349 472
201 202 203 204 205 145 423 296 369 277 57 388
1 2 3 4 5 6 7 8 9 10 201 202 203 204 205 147 27 63 260 236 282 191 298 314
1 2 3 4 5 6 7 8 9 10 201 202 203 204 205 364 87 418 452 279 230 189 305
201 202 203 204 205 443 227 474 195 35 258
201 202 203 204 205 210 229 467 82 106
101 102 103 104 105 106 107 108 109 110 111 112 113 114 115 430 453 471 360 243
146 49 112 315 205 280
201 202 203 204 205 191 50 425 24 97
246 252 317 308 218 391 287 298 55 311
201 202 203 204 205 370 428 380 1 150 394 24 388 151 87 143 426
101 102 103 104 105 106 107 108 109 110 111 112 113 114 115 201 202 203 204 205 229 141 138 128 484 207 18 41 134
201 202 203 204 205 273 396 328 240 47 96 289 487
1 2 3 4 5 6 7 8 9 10 72 399 184 349 317 67 294 23 367
14 32 289 183 472 482 152 422 317 463
74 66 51 288 482 403 84 284 35 158 11 409 62
201 202 203 204 205 289 60 223 446 217 385 473 88 17 305 137 84 378 144 448 379
134 323 477 430 250 465
111 181 192 390 322 183 99 159 254 220 258 292 201 122
242 337 12 269 74 95 215 485 7 18 167
1 2 3 4 5 6 7 8 9 10 5 231 185 238 74 143 396 237 452 25 245 455
1 2 3 4 5 6 7 8 9 10 352 143 497 276 435 403 178 231 189 317 29 418 226 291 82 13
201 202 203 204 205 193 71 350 40 149 350
101 102 103 104 105 106 107 108 109 110 111 112 113 114 115 157 366 200 425 314 83 9 77 158 409 24 426 43 438 277
201 202 203 204 205 264 104 351 92 101 102
1 2 3 4 5 6 7 8 9 10 55 302 156 4 179 22 31 255 103 350 304 251 348 172 225
1 2 3 4 5 6 7 8 9 10 285 424 28 322 165 112 89 399 79 184 306
268 190 339 414 264 414 160 46
201 202 203 204 205 102 172 136 276 265 62 107 124
266 62 104 355 380
356 382 312 394 464 445 33 340 99 158 148
238 387 305 75 203 329 316 117 314 379 142
196 69 29 445 409 115 496
213 144 329 259 71 216 3 419 147 183
1 2 3 4 5 6 7 8 9 10 201 202 203 204 205 444 158 488 286 451 196 112 162 61 406 288 91
336 78 153 289 12
47 201 2 64 183 78 146 266 230 409
182 373 111 222 176 302 117
1 2 3 4 5 6 7 8 9 10 180 118 460 493 107 336 28 179 317
200 5 424 47 45 74 67 173 146 315 340 483 479
197 320 175 366 443 330 317 244 417
280 409 448 181 67 22 171 307 196 117 447 429 216 236 265 472
30 340 11 199 50 162 289 297 45 85
201 202 203 204 205 320 310 465 299 181
201 202 203 204 205 349 164 460 200 365 108 103 3 168 313
437 103 168 272 132 383 252 332
201 202 203 204 205 273 295 325 171 85 238 417
460 51 16 456 458 430 370 370 293 274 191 457 23 62
1 2 3 4 5 6 7 8 9 10 201 202 203 204 205 333 202 392 480 162 495 268 465 15 167 211
201 202 203 204 205 343 269 484 184 43 100 268 241 370 160 114 5
101 102 103 104 105 106 107 108 109 110 111 112 113 114 115 117 222 330 378 293 373 388
1 2 3 4 5 6 7 8 9 10 201 202 203 204 205 406 374 259 464 269 452 493 61
201 202 203 204 205 451 356 62 38 303 462 215 130
110 180 403 50 235 267 217 116 289 236 436 417 419 322 456
1 2 3 4 5 6 7 8 9 10 38 437 429 157 132 100 154 387
1 2 3 4 5 6 7 8 9 10 392 468 107 175 138 33
305 182 257 125 347 438 430
236 296 225 342 285 50 38 294 382 488 209 491 56 65
201 202 203 204 205 107 449 5 238 443 338 208 397 207 490 75 103 388 160 387
270 178 307 204 456 375 374 301 447 125 360 112 47 270
201 202 203 204 205 123 136 296 424 323 302 195 63 148
201 202 203 204 205 483 389 405 109 223 83 36 415 31 196 169 425 369 293
34 439 428 63 248 437 58 305 465 29
315 280 98 403 395 80 164 128 432 29 217 1 293 366 168 129
105 266 443 488 113 185 308 17 259 364 74 141 427 470 485 476
101 102 103 104 105 106 107 108 109 110 111 112 113 114 115 226 464 357 447 52 41
311 348 15 354 245 432 281 337 323 203 176 463
395 161 29 85 398 177 270 441 441 314 306
126 434 413 322 147 42 372 2 252 319 3
1 2 3 4 5 6 7 8 9 10 201 202 203 204 205 174 80 250 447 455
1 2 3 4 5 6 7 8 9 10 231 189 232 174 334 71 419
297 487 395 98 246 147 182 404 306
201 202 203 204 205 476 284 188 285 261
101 102 103 104 105 106 107 108 109 110 111 112 113 114 115 274 300 485 176 366 270 135 157 132 493 113 473 342 433
201 202 203 204 205 172 288 306 448 108 360 372 73
367 363 191 401 291 429 121 55 266
274 417 464 114 419 414 265 148 405 1
306 277 94 225 376 326 389 60 236 239 120 458 140 261
388 311 144 222 151 98 200
260 397 43 404 73 170 336
1 2 3 4 5 6 7 8 9 10 410 434 398 39 11
201 202 203 204 205 213 283 209 406 416 12 210 106 180 426
305 421 30 1 386 328 260 478 314 73 500
201 202 203 204 205 155 173 254 155 54 297 308
1 2 3 4 5 6 7 8 9 10 201 202 203 204 205 416 30 305 470 240 481 358 246 308
201 202 203 204 205 276 496 458 312 301 466 407 205
473 189 427 37 423 95 206 391 21 148 433
335 146 395 109 205 280
472 35 183 23 329 437 327 161 219 148 120 457 312 9
201 202 203 204 205 434 426 14 443 371 347 331 313
437 5 426 274 389 236
201 202 203 204 205 177 29 109 212 389
201 202 203 204 205 246 362 334 249 392 271 265 53 493 397 185 477 357 426 327
353 277 53 22 299 323 192 49 110 45 303 480 82 346 142 321
31 371 159 65 340 78 313
224 417 433 255 287 419 462 40 71 235 462 117 297 15 194
1 2 3 4 5 6 7 8 9 10 469 1 72 337 167 203 374 361 79 466 457 261 20 320
303 178 214 54 421 409 209 116 244 136 278 258 232
101 102 103 104 105 106 107 108 109 110 111 112 113 114 115 261 157 30 277 206 499 463 468 148 365 486 483
403 410 283 407 374 48 453 31 301 125 475 52 159
1 2 3 4 5 6 7 8 9 10 177 498 495 269 447 463 416 486 473
165 55 292 319 37
327 90 420 444 358
186 34 444 454 254 76
210 393 183 102 104 249 103 6 293 19 249 185 491
201 202 203 204 205 275 448 413 447 168 472 81 212
417 462 36 343 420 14 60 75 177 391 163 210 65
355 381 100 429 400 446 215 373 296 197 197 289 449 428 208
201 202 203 204 205 68 242 450 323 324 63 409 389
201 202 203 204 205 110 384 319 483 178 464 476
201 202 203 204 205 387 37 91 278 241 278 414 186 280 147 313 269 95 259 277
201 202 203 204 205 102 472 127 412 465 62 169
441 79 475 380 92 211 317 352 143 349 255 128 300 40 360 361
201 202 203 204 205 175 65 300 309 287 310 432 458 237 33 324 243 155
106 303 368 246 363 450
201 202 203 204 205 350 27 206 433 408 418 467 391 160
101 102 103 104 105 106 107 108 109 110 111 112 113 114 115 265 25 78 316 378 264 71 420 111
1 2 3 4 5 6 7 8 9 10 105 28 269 206 382 355 106 75 39 142 423 430 295
1 2 3 4 5 6 7 8 9 10 201 202 203 204 205 271 263 241 245 269 445 129 461 235 33 485 305
201 202 203 204 205 146 85 173 267 325 466 141 194 464 91 280 14 167 394 226
122 228 1 378 232 444 129 209 61 445 445 90 284
495 424 355 159 103 214
445 393 239 385 57
1 2 3 4 5 6 7 8 9 10 48 63 478 31 431 409 322 401 417 84 206 139 193 462 410 98
1 2 3 4 5 6 7 8 9 10 357 113 125 38 369 426 197 336 230 335 95 270 142 464 379
300 46 472 97 334 124 45 263 350 69 154
201 202 203 204 205 482 203 252 49 495 356 5 300 9 354 218 482
202 377 186 419 489 197 65 65 272 195 194 301
168 494 103 3 259
259 179 189 213 389 309 95 42 245 470 70 124 103
1 2 3 4 5 6 7 8 9 10 273 386 178 405 394 16 187 385 34
1 2 3 4 5 6 7 8 9 10 10 385 432 306 78 167 23 246 13
1 2 3 4 5 6 7 8 9 10 268 50 416 126 397 440 270 213
96 150 177 434 367 455
1 2 3 4 5 6 7 8 9 10 201 202 203 204 205 275 240 280 251 401 185
39 256 14 131 215 500 329 61 16 330
201 202 203 204 205 95 430 314 167 220 390 83 406 365 116 274 425 176 288 292
1 2 3 4 5 6 7 8 9 10 195 201 480 184 205 393 214 349 16 304 161 181
190 55 413 244 18 34 101 272 473 97 77 349 494 315 364
116 383 323 173 410 56
343 330 487 434 362 376 77 351 59 259 370 298 264 228 319 401
182 444 424 441 467 141 459 441 117 278 18 261
201 202 203 204 205 26 288 257 321 395 435 61 478 354
1 2 3 4 5 6 7 8 9 10 464 409 62 387 75 494 89 288 478 304 313 74
403 4 492 178 480 8 145 168 472
66 27 146 387 199 32 241 34 140 253 203 14 430 186
430 248 102 100 203 112 306 297 359 111 318 495 259 5 307 247
201 202 203 204 205 331 438 497 95 380 74 448 426 55 320 122
1 2 3 4 5 6 7 8 9 10 101 102 103 104 105 106 107 108 109 110 111 112 113 114 115 201 202 203 204 205 491 153 317 324 166 224 119 421 364 473
201 202 203 204 205 199 13 25 355 58 1 317 234 40 262 499 112
2 112 378 364 278 389 223 490 465 184 127 215 18 337 310
211 118 40 453 183 119 8
201 202 203 204 205 79 318 430 253 437 143 404
371 237 358 444 138 383 362 301 56 45 15 459
1 2 3 4 5 6 7 8 9 10 19 180 289 308 264 478 318 326 244 136 371 50 396 354 267 137
201 202 203 204 205 252 270 266 117 317 327 89 209 24 338 252 154 305
201 202 203 204 205 52 297 436 129 107 180 225 142 439
1 2 3 4 5 6 7 8 9 10 286 40 252 212 482 129 20 41 399 79 441 201 5
201 202 203 204 205 472 84 80 12 463 16 282 53 392 51 364 100 290
101 102 103 104 105 106 107 108 109 110 111 112 113 114 115 100 97 230 116 377 106 469 493 241
1 2 3 4 5 6 7 8 9 10 287 147 25 272 8 474 349 377 420 299 51
371 241 284 393 418 389 461
101 102 103 104 105 106 107 108 109 110 111 112 113 114 115 500 312 476 412 402 346 40 188 233
296 435 198 363 376 279
5 323 249 448 496 100 190 78 313 243 215 1 499 150 318 187
338 106 274 62 482 240 211 483 285 53 183 253 13 364 461 362
201 202 203 204 205 173 266 284 183 371 319 157 292 326 233 400 484 208 446 310 480
1 2 3 4 5 6 7 8 9 10 185 370 108 112 428 211 94 271 322 58 128 65
201 202 203 204 205 368 238 373 327 451 324 124 200 393 222
78 479 222 381 449 321 129 321 296 35
57 39 477 49 159 363 301
201 202 203 204 205 142 254 277 176 13 148 267 235 134 29
201 202 203 204 205 389 8 346 314 278 110 104 440 280
473 254 233 38 302 263 275 135
150 110 230 478 91
84 87 133 419 117
1 2 3 4 5 6 7 8 9 10 315 500 497 259 442 493 242 412 215 197 387 486
1 2 3 4 5 6 7 8 9 10 201 202 203 204 205 409 297 304 247 433 272 259
201 202 203 204 205 387 164 123 104 18 287 144 162 325
263 434 66 244 93 387 275 54 317 205 250
36 209 254 82 80 121
162 246 98 36 181 278
179 53 146 329 433 259 19
390 22 254 467 437
101 102 103 104 105 106 107 108 109 110 111 112 113 114 115 201 202 203 204 205 458 53 62 335 64
166 311 298 497 410 378
498 362 165 357 476 116 282
201 202 203 204 205 295 444 164 407 47 436 216 56 464 295 402 118 495 435 239 291
201 202 203 204 205 107 320 332 393 212 154 204 442
374 118 286 42 169 113 47 499 419 110 172 220 126 307 137
302 341 382 377 311 489 318
101 102 103 104 105 106 107 108 109 110 111 112 113 114 115 216 299 114 155 6 179 237 495 495 112 452
385 371 357 412 482 86 119 1
363 294 205 51 359
206 485 354 217 377 184 328 254
101 102 103 104 105 106 107 108 109 110 111 112 113 114 115 405 208 30 435 90 493 426 71 355
201 202 203 204 205 476 58 141 194 392 235 288 263 73 101 110 157 158 262 20
1 2 3 4 5 6 7 8 9 10 99 365 236 48 362 297 112 14 497 396 263 217 391 499 124
1 2 3 4 5 6 7 8 9 10 201 202 203 204 205 359 189 415 405 288 355 243 367 491 481 476 136 19
201 202 203 204 205 392 91 400 61 353 225 182 462 270 217 129
201 202 203 204 205 441 464 175 99 58 31 103 454 171 327 98 400 317 326
1 2 3 4 5 6 7 8 9 10 101 102 103 104 105 106 107 108 109 110 111 112 113 114 115 201 202 203 204 205 103 333 305 475 377 459 160 220 431 18 292 500 220 233 471
357 253 67 217 79 122 280 166 204
284 300 172 419 28 295 479 5 61 170 119 381 219 347
101 102 103 104 105 106 107 108 109 110 111 112 113 114 115 355 369 383 347 159 415
1 2 3 4 5 6 7 8 9 10 201 202 203 204 205 305 385 69 370 414 452 28 285 230 93 263 261 234
418 443 43 475 388 278 435 151
197 214 263 17 217 13 336 23 370 448 205
395 89 31 190 421 14 262 2 346 435 49 295 49 402 424 298
101 102 103 104 105 106 107 108 109 110 111 112 113 114 115 301 138 13 382 141 429 200 454 113 57 419 118 268 80 469 315
101 102 103 104 105 106 107 108 109 110 111 112 113 114 115 294 372 232 40 470 358 362 251 87 125 238 310 43 307
201 202 203 204 205 384 286 322 498 103
201 202 203 204 205 71 217 114 41 66 231 302 235
1 2 3 4 5 6 7 8 9 10 201 202 203 204 205 34 466 321 42 319 196
183 92 355 259 362 76 434 313 276 238 111 153 135 454
449 85 19 498 76 269 26 384 172 43 14 159 295 410 63
201 202 203 204 205 478 265 181 429 274 228 140 412 2 354 180 335 131 421 266 306
1 2 3 4 5 6 7 8 9 10 201 202 203 204 205 268 458 170 397 371
1 2 3 4 5 6 7 8 9 10 244 75 149 253 442 352 477 480 120
171 473 118 190 314 79 79 153 254 240
101 102 103 104 105 106 107 108 109 110 111 112 113 114 115 235 384 169 466 322 172 4
201 202 203 204 205 129 472 232 446 224 79 18 219 49 110 98 201 6 339 392 361
201 202 203 204 205 279 401 287 97 449 276 349
1 2 3 4 5 6 7 8 9 10 394 120 14 16 332 322 36 104 45 43 439 163 186 276
201 202 203 204 205 241 85 328 322 391
128 241 14 150 216 213 163 347 440 271 485 420 262
434 77 135 414 368 438
1 2 3 4 5 6 7 8 9 10 101 102 103 104 105 106 107 108 109 110 111 112 113 114 115 201 202 203 204 205 80 174 267 237 130 66 449 301 127 237 223 493 86 252 286
1 2 3 4 5 6 7 8 9 10 201 202 203 204 205 202 224 143 181 323 303 202 169 315 164
325 316 29 300 465 468 418 116 394 129 75 95
201 202 203 204 205 457 38 303 45 495 295 105 411 21 114 264 150 120 336 400
201 202 203 204 205 314 98 346 41 286 477
195 393 469 359 354 91 213 488 463 236 361 150 462 355 17 281
168 469 448 377 490 327 158 71 352
345 238 285 57 195 67 63 270 54 389 287 75 191 246 45 129
102 346 426 473 147 423
475 90 138 18 296 357 497
373 83 290 365 14 450 94 346 137 285 98 123 5 373 119
101 102 103 104 105 106 107 108 109 110 111 112 113 114 115 431 21 387 477 220 374
458 263 442 443 389 214
201 202 203 204 205 277 413 248 112 326 219 298 156 127 132 323 103
234 93 288 375 34 451 83 202 287
101 102 103 104 105 106 107 108 109 110 111 112 113 114 115 201 202 203 204 205 180 323 383 244 65 425 292 31 438 200 487 243 236
1 2 3 4 5 6 7 8 9 10 201 202 203 204 205 14 1 352 335 386 324 8 145 430 236 3 262 327 36 474
1 2 3 4 5 6 7 8 9 10 107 38 473 229 233 13 133 401 82 181 251 442
101 102 103 104 105 106 107 108 109 110 111 112 113 114 115 336 69 67 496 163 391 104
474 230 424 227 84 373 228 256 409 496 212
201 202 203 204 205 14 339 5 477 127
405 494 205 319 178 121 428 149 410 357 4 388 76 406 87 168
201 202 203 204 205 228 97 344 401 87 154 436 77 462 196 333 90 139
201 202 203 204 205 309 405 179 129 490 305 409 133 106 244 270 192 299
201 202 203 204 205 137 184 319 277 275 172 27 426 427 206
407 389 341 337 152 77 413 72 263
1 2 3 4 5 6 7 8 9 10 201 202 203 204 205 55 91 320 101 244 182 331 347 330 94 448 371
1 2 3 4 5 6 7 8 9 10 101 102 103 104 105 106 107 108 109 110 111 112 113 114 115 250 181 80 15 223 40 74 6 174 389 134 77 188
246 471 403 268 117 473 258 189 490 12 16 125 381 79 500
339 74 456 263 309
29 455 388 155 330 345
1 2 3 4 5 6 7 8 9 10 464 215 329 373 386 418 477 192 264 388 443
216 424 359 285 362 82 262 385 340 16 244 420 270 67 310
1 2 3 4 5 6 7 8 9 10 201 202 203 204 205 464 479 196 277 251 387 330 135 14 305
201 202 203 204 205 461 474 493 167 13
276 97 293 361 166
415 77 270 144 285 8 197 403 126 455 347 203 269 289 473 284
1 2 3 4 5 6 7 8 9 10 101 102 103 104 105 106 107 108 109 110 111 112 113 114 115 16 59 480 301 387 43 213 302 316 311
201 202 203 204 205 405 78 460 294 454 351 268 383 327 303 447 173 432 92 117 247
1 2 3 4 5 6 7 8 9 10 201 202 203 204 205 5 86 439 348 423
50 356 476 368 391 84 362 124 339 308 30
1 2 3 4 5 6 7 8 9 10 287 351 49 35 129 390 214 13
201 202 203 204 205 100 482 292 120 7 283 139
31 40 223 334 36 59 262 91 160
142 431 59 198 318 232 265 242 239 266 76 440 134 269
303 62 29 263 38 161
1 2 3 4 5 6 7 8 9 10 87 374 372 19 499 311 84 209 118 285 267 458 45 223
440 223 37 305 310 403
316 278 131 13 176 447 236 104
1 2 3 4 5 6 7 8 9 10 101 102 103 104 105 106 107 108 109 110 111 112 113 114 115 201 202 203 204 205 477 235 122 234 269 5 252 27 10 101
201 202 203 204 205 366 318 55 48 420 226 401 408 20 199 280
1 2 3 4 5 6 7 8 9 10 228 74 280 316 353 12 88
1 2 3 4 5 6 7 8 9 10 101 102 103 104 105 106 107 108 109 110 111 112 113 114 115 201 202 203 204 205 359 426 437 389 87 299
201 202 203 204 205 329 418 7 279 195 409 52 395 311
101 102 103 104 105 106 107 108 109 110 111 112 113 114 115 297 25 263 112 129 77 325 169 265 164 389 92 173 381
1 2 3 4 5 6 7 8 9 10 67 353 162 405 491 385 227 35 78 66 275 405 242 235 6
40 375 356 40 184 211 258 449 123 23 195 96 27
129 338 336 182 456 37 391 37 2 193 242 48
1 2 3 4 5 6 7 8 9 10 270 373 146 107 431 489 190 58 277 411 345 421 409 342
273 388 476 61 484 17 145 20 475 345 194 271 232 342
1 2 3 4 5 6 7 8 9 10 201 202 203 204 205 460 251 12 5 471 235
171 39 51 105 274 106 170 496 9 197 496 161
101 102 103 104 105 106 107 108 109 110 111 112 113 114 115 264 209 59 241 217 77 469 445 339 489 212 121 133 89
372 23 474 55 238 399 127 414 457 357 391 480 484 284
1 2 3 4 5 6 7 8 9 10 79 375 367 95 386 129 88 151 79 299 71 4 362 104 214 352
265 47 422 479 229 474
342 253 195 216 447 393
432 410 433 212 162 127 309
101 102 103 104 105 106 107 108 109 110 111 112 113 114 115 233 261 9 222 46 461 185 18 124 247 100 175 30
1 2 3 4 5 6 7 8 9 10 151 227 198 195 57 247 199 69 452 138 266 459 394 267 319
201 202 203 204 205 402 290 357 18 39
1 2 3 4 5 6 7 8 9 10 56 37 91 29 408
101 102 103 104 105 106 107 108 109 110 111 112 113 114 115 493 330 120 200 350
1 2 3 4 5 6 7 8 9 10 201 202 203 204 205 188 291 265 390 11 439 146 479 421 297 22 336 216 7
201 202 203 204 205 290 214 320 118 118 29 429 181 120 30 199
90 395 477 52 352 131 371
1 2 3 4 5 6 7 8 9 10 208 12 436 55 419 409 45 184 180
92 74 263 339 297 222 230 393 393 153 272 373
393 245 177 282 356 367 98 210 215
101 102 103 104 105 106 107 108 109 110 111 112 113 114 115 197 333 23 17 175 167 260 63 477 75
97 83 386 406 66 444 238 35 309 383 443 356
234 19 388 385 462 300 38 482 218 197
407 21 100 215 288 410
101 353 229 437 75 350 277 118
101 102 103 104 105 106 107 108 109 110 111 112 113 114 115 201 202 203 204 205 334 429 101 343 394 445
35 137 354 248 136
311 354 354 384 382 277 343 438 198 388 51 329
18 43 333 397 212 184 51 428 147 411 179 261 349
365 498 246 122 274
327 89 217 178 265 177 444 397
162 41 28 120 146 464 45 189 451 397 305 396 125 240 322 176
201 202 203 204 205 420 169 159 214 355 195 260 460 432 255 157
101 102 103 104 105 106 107 108 109 110 111 112 113 114 115 201 202 203 204 205 4 474 401 307 90 359 156 127 441 70
35 328 398 358 416 2 270 56 492 83 164 468
1 2 3 4 5 6 7 8 9 10 231 193 39 79 228 78
1 2 3 4 5 6 7 8 9 10 247 47 246 135 439 141 215 70
2 159 80 124 262 296 23 112 274 69 46 468 149 9 248
260 154 243 203 1 80 154 444 228 404 324 467 465
265 90 419 97 23 379 362 223 182 252 438 212
30 149 336 395 287 324 190 127 148 440 130 168 300
175 254 17 262 137 155 343 91 356 401 59 220 61
1 2 3 4 5 6 7 8 9 10 240 76 52 353 24 254 319 54 200 421 333 454 231 158 218
1 2 3 4 5 6 7 8 9 10 75 365 208 394 13 199 160 203 160 221 96 419 179 240 208
1 2 3 4 5 6 7 8 9 10 101 320 263 100 174
201 202 203 204 205 21 160 139 147 237 395 176 273
101 102 103 104 105 106 107 108 109 110 111 112 113 114 115 201 202 203 204 205 420 224 61 191 54 208 100 293 191 483 269 287 99
1 2 3 4 5 6 7 8 9 10 201 202 203 204 205 422 150 124 459 375 462 224 271 278 82 71 214 242 465 103 222
143 187 369 496 175 74 207 268 354 309 325 155 22
216 76 445 394 235 116 494 1 150 214 318 473 39
215 245 8 215 151 185 486 475 227 35 32 336 422
139 454 65 409 306 305 413 369 188 476 403 85 306 101
468 134 107 332 260 421 489 94 449 393
201 202 203 204 205 489 259 408 320 340 210 137 264 384 410 34
98 418 76 326 364 14 484 221 23
408 50 422 13 431 325 219 103 390 94 94 295 310
1 2 3 4 5 6 7 8 9 10 201 202 203 204 205 325 14 262 407 175 460 326 214 281 264 310 199 416 29 283
201 202 203 204 205 320 3 282 477 30 159 201 135 270 265
1 2 3 4 5 6 7 8 9 10 234 101 232 47 166 262 463 192 121 68 258
101 102 103 104 105 106 107 108 109 110 111 112 113 114 115 103 272 241 422 455 330 470 46 289 397 202 216 410 461 383 100
59 441 158 145 460 391 107 132
201 202 203 204 205 275 331 402 191 58 74
201 202 203 204 205 198 476 142 210 457 395 429 321 57 393 181 429 197 184 299
101 102 103 104 105 106 107 108 109 110 111 112 113 114 115 9 318 47 175 37 5 365 371
101 102 103 104 105 106 107 108 109 110 111 112 113 114 115 214 10 202 341 265 143 325 166
201 202 203 204 205 1 395 271 199 199 37
101 102 103 104 105 106 107 108 109 110 111 112 113 114 115 499 415 362 54 202 476 96 129 21
1 2 3 4 5 6 7 8 9 10 307 170 159 181 99 30 402 349 333 201 37 28 4
365 324 195 254 59 54 112 82 365 339 125 161 304
376 141 427 379 407 146 52 74 385 418
101 102 103 104 105 106 107 108 109 110 111 112 113 114 115 235 110 380 309 477 119 80
378 313 171 499 426 210 481 134 227 147 496 207 54 336 219 253
1 2 3 4 5 6 7 8 9 10 430 377 40 78 218 420 499
201 202 203 204 205 208 300 277 8 136 308
258 121 65 54 253
1 2 3 4 5 6 7 8 9 10 272 495 36 425 245 125 398 366 366 370 99 276
201 202 203 204 205 334 205 251 140 253 2 41 406 336 398 410 474 251 462 340 136
21 73 173 353 121 462 396 176 384 107 51 308 118 322 81
16 432 368 50 444 153 455 118 290 141 63 440 9
439 93 13 66 312 364
1 2 3 4 5 6 7 8 9 10 128 325 78 35 423 159 14 341 194 154 60 364
48 93 291 57 431 440 492 37 86 500 432 457 282 362 294 161
1 2 3 4 5 6 7 8 9 10 101 102 103 104 105 106 107 108 109 110 111 112 113 114 115 201 202 203 204 205 212 485 273 108 438 206 112
468 377 120 346 277 91 61 477
201 202 203 204 205 414 357 275 22 3 380 1 98
157 254 486 407 250 359
493 47 298 422 462 121 429 240 198 269 281 240
201 202 203 204 205 174 25 191 500 249 387 332 42 495 444 104 405 71
1 2 3 4 5 6 7 8 9 10 101 102 103 104 105 106 107 108 109 110 111 112 113 114 115 201 202 203 204 205 186 500 223 206 173 429 385 378 383 360 49 235 122
194 298 306 288 65 494 200 336 45 91 338
1 2 3 4 5 6 7 8 9 10 124 467 72 327 52 78 378 482 493 98 454 217
191 255 83 288 336 33 13 70 134 186
201 202 203 204 205 37 194 153 399 191
40 135 371 125 425 164 180 204 228 114
1 2 3 4 5 6 7 8 9 10 214 141 153 431 289 354 452 339 498 228 86 336 257 406 242
90 103 152 459 443 206
90 161 334 206 405 16 101 168 294 332 80 368
1 2 3 4 5 6 7 8 9 10 395 109 34 200 107 273 465 194 233 327 284 349 276 120 167 1
1 2 3 4 5 6 7 8 9 10 320 32 112 58 248 225 195 342
201 202 203 204 205 203 144 147 198 68 336 497 241
201 202 203 204 205 68 362 77 118 496 101 366 201
201 202 203 204 205 75 396 438 52 52 38 183 81 187 431 456
1 2 3 4 5 6 7 8 9 10 46 276 71 121 143 183 158 93 105
1 2 3 4 5 6 7 8 9 10 201 202 203 204 205 135 67 14 67 155 65 339 486 139 489 128 215 41 185 411
383 127 311 78 339 76
139 355 336 274 125 246 87
1 2 3 4 5 6 7 8 9 10 7 291 23 427 342 411 39 370 165 335 23 299 479
201 202 203 204 205 499 258 318 80 498 3
1 2 3 4 5 6 7 8 9 10 101 102 103 104 105 106 107 108 109 110 111 112 113 114 115 342 125 175 242 56 74 427 61 72 442
101 102 103 104 105 106 107 108 109 110 111 112 113 114 115 49 452 299 80 137
481 129 193 185 59 480 185 227 198 464 275 277
101 102 103 104 105 106 107 108 109 110 111 112 113 114 115 25 106 265 182 23 334 213 452 450 1
205 403 196 488 180 355 409 203 48 336 387 397 407 392
1 2 3 4 5 6 7 8 9 10 201 202 203 204 205 107 433 335 324 477 365 365 476 152 335 249 138 324 486 317 121
101 102 103 104 105 106 107 108 109 110 111 112 113 114 115 468 5 119 333 385 97 47 385 31
237 180 228 398 423 494 200 63
201 202 203 204 205 322 224 326 475 407 188 43 341
201 202 203 204 205 204 428 148 437 124 467 440 287 171 296 385
201 202 203 204 205 394 36 458 478 246 91 228 46 369
1 2 3 4 5 6 7 8 9 10 354 405 69 441 207 283 125 440 236 415
129 498 304 33 183 250
164 34 104 309 422
164 400 192 89 442 203 137 287 253 454
101 102 103 104 105 106 107 108 109 110 111 112 113 114 115 201 202 203 204 205 482 308 265 381 118 345 158 280 13
1 2 3 4 5 6 7 8 9 10 201 202 203 204 205 324 37 402 131 424 23 147 335 362 186 103
452 110 41 220 296 199 385 84 202
201 202 203 204 205 382 208 488 312 478 423 146
211 190 423 336 423 308 375 219
201 202 203 204 205 19 379 453 376 187 284 302 185
127 6 427 306 489 411
33 447 192 92 439 43 232 320 343
312 57 256 404 8 451 120 154 243 297 447 305 326 52 260 403
201 202 203 204 205 480 306 129 209 166 154 381 256 41 433 95 436 125 66 427 466
101 102 103 104 105 106 107 108 109 110 111 112 113 114 115 359 21 497 451 57 86 435 397 237 81
201 177 248 247 310 92 499 150 110 76
411 137 200 468 397 352
148 400 320 338 283 121 295 255 394 435 153 50 293 32 441
119 287 178 152 146 298 395 278 169 269
201 202 203 204 205 134 312 60 235 390 261 350
282 18 79 109 66 66 105
1 2 3 4 5 6 7 8 9 10 428 216 29 9 20 403 83 34 292
201 202 203 204 205 214 341 341 58 53 448 338
201 202 203 204 205 252 364 14 449 410 316 261 429 28 482 117 212 158 366 264 308
201 202 203 204 205 357 53 53 370 432 158
395 453 294 320 301 57
201 202 203 204 205 414 13 138 365 63 154 153 54 418 266
201 202 203 204 205 61 69 303 396 5 330
201 202 203 204 205 32 57 184 162 2 5 20 189 476 108 398 364 105 184
267 266 436 371 43 254
380 90 376 6 441 10 27 144 327 255 269 450 133 439 323 243
466 165 434 334 16 195 181 493 301
201 202 203 204 205 272 93 423 269 76 163 435 184 151 279 288 2 422 442
385 488 373 488 410 85 107 433 25 441 230 497 256 30 292 261
70 6 443 98 56 1 309 84 303 500 231 349 282 4
201 202 203 204 205 389 405 266 374 200 326 410 212 360 32 462 105 491 49
433 346 369 51 38 101 137 368 438 200 284 152 272 39
101 102 103 104 105 106 107 108 109 110 111 112 113 114 115 247 214 359 233 230 354 5 408 368 120 71 471 252 407 25 232
201 202 203 204 205 172 46 6 92 115 1 78 293 292 56 51 327 302 323 314 308
1 2 3 4 5 6 7 8 9 10 201 202 203 204 205 447 418 176 182 46 384 134 223 492 275 423 477 209 467
416 67 488 499 350 237 73 66 69 221 125 54 438 380 400
1 2 3 4 5 6 7 8 9 10 171 388 388 324 264 101
1 2 3 4 5 6 7 8 9 10 201 202 203 204 205 169 60 105 108 406 127 464 302 55 320 363 81 122
201 202 203 204 205 488 276 381 145 410
143 286 267 85 262 229 379 150 303 20 309 49 129 173 391 27
1 2 3 4 5 6 7 8 9 10 190 482 250 458 75
201 202 203 204 205 35 310 409 164 454 8 285 312 71 53 341
78 77 173 279 331 219 173
185 69 381 435 411 88 31 427 6 231
101 102 103 104 105 106 107 108 109 110 111 112 113 114 115 201 202 203 204 205 14 49 319 318 194 425 284 189 110 328 154 209 372
1 2 3 4 5 6 7 8 9 10 473 303 468 314 328 313 219 416 310
301 481 200 454 131 407 96 205 448
101 102 103 104 105 106 107 108 109 110 111 112 113 114 115 26 460 26 223 476 370
1 2 3 4 5 6 7 8 9 10 158 449 402 243 282 407 38 122 341 200 424 10 81 238 329
201 202 203 204 205 171 462 378 125 178 26
201 202 203 204 205 310 313 85 184 73 82 116 380 185 463 284 451 205 449
495 215 49 484 185 297
1 2 3 4 5 6 7 8 9 10 201 202 203 204 205 103 341 163 152 383 55 488 6 40
21 262 304 179 470 380
213 311 170 342 453 287 284
199 134 249 37 444 141 262 257
201 202 203 204 205 402 272 294 270 165 121 22 321 236 239
1 2 3 4 5 6 7 8 9 10 201 202 203 204 205 232 300 229 62 191 198 279 138 70 223 336 297
165 300 132 285 391
1 2 3 4 5 6 7 8 9 10 101 102 103 104 105 106 107 108 109 110 111 112 113 114 115 374 465 290 67 166
201 202 203 204 205 94 144 51 7 410 94 18 494 373 100 52
201 202 203 204 205 429 430 394 212 346 166 235
310 64 85 68 70 83 225 348 136
60 358 189 184 417 454 28 229 255 46 348
201 202 203 204 205 201 308 470 149 481 402 380 302 55 210 168
297 434 482 329 18 378 23 469 387 216 355 152 181 83 301 126
221 386 437 453 354 72
1 2 3 4 5 6 7 8 9 10 201 202 203 204 205 88 467 63 280 492 288
170 90 38 30 361
1 2 3 4 5 6 7 8 9 10 101 102 103 104 105 106 107 108 109 110 111 112 113 114 115 147 422 162 5 19 302 443 335 306 76
9 377 192 430 171
1 2 3 4 5 6 7 8 9 10 201 202 203 204 205 147 177 226 478 371 174 289 224 381 133 439 15 138 310 327 391
201 202 203 204 205 54 316 124 455 406 442 247
201 202 203 204 205 280 382 192 500 73 235
465 12 45 143 378 245 493 334 450 194 336 323 163 63 264
201 202 203 204 205 489 318 128 445 193 111 60 138 106
101 102 103 104 105 106 107 108 109 110 111 112 113 114 115 7 37 16 93 280 336 61 388 256 442 496 202 396 333 198 159
277 394 77 175 454 366 154 211
124 433 451 255 477
260 46 332 317 357 390 231 194 229 293 223 119 410 454
1 2 3 4 5 6 7 8 9 10 423 327 291 45 114 31 378 394 5
201 202 203 204 205 225 392 324 423 484 113 51 314 184 330 472 119 392 442 232
73 24 31 446 73 68 163 491 184 217 363 214 337 356 426
201 202 203 204 205 271 209 329 264 216 23 468
1 2 3 4 5 6 7 8 9 10 201 202 203 204 205 415 447 362 429 482 335 221 99 39
1 2 3 4 5 6 7 8 9 10 201 202 203 204 205 168 97 391 381 218 7 229 92 279 211
1 2 3 4 5 6 7 8 9 10 201 202 203 204 205 376 262 327 266 141 21 414 217
1 2 3 4 5 6 7 8 9 10 268 275 194 288 487 441 200
226 295 316 263 72 114 163 130 177 362 85
260 10 407 488 469
456 376 34 97 259 397 411 359 92 50 72 386
46 300 401 396 69 358 162 160 250 168 468
420 85 384 244 305 275 88 20
1 2 3 4 5 6 7 8 9 10 201 202 203 204 205 153 109 167 77 218 128 293 182 260 148 62 106 239 61
201 202 203 204 205 237 152 500 246 324 6 162 240 364 160 355 494
101 102 103 104 105 106 107 108 109 110 111 112 113 114 115 201 202 203 204 205 267 111 197 355 114 320 25 185 163 15 200 394 174
201 202 203 204 205 457 152 284 279 46 289 467
201 202 203 204 205 15 411 470 308 286 336 213 38 485 407 215 175 356 499 169
164 467 457 393 274 265 2 297 479 116 477 66 151 304 46 241
1 2 3 4 5 6 7 8 9 10 101 102 103 104 105 106 107 108 109 110 111 112 113 114 115 305 208 411 439 55 485
168 107 487 390 181 123 80 242 328 355 460 104 410 75 109 337
490 223 45 406 256 225 448 346 419 154 214 187 250 25 34 402
1 2 3 4 5 6 7 8 9 10 2 183 187 17 437 399 101
81 439 233 185 403 458 477 94 136 436
315 196 21 317 489 359 422 9 392 267 109 30 222 112 71
201 202 203 204 205 440 284 38 327 485 274 134 78 368 129 446 4 347 21 258 86
201 202 203 204 205 405 428 253 218 449
101 102 103 104 105 106 107 108 109 110 111 112 113 114 115 106 299 125 401 379 335 398 332 269 312 216
215 343 403 37 196 110 211 331 46 428 452
206 340 494 83 8 61 199 84 317 369 418 247 222
445 153 19 63 344 287 472 297 364 439
87 285 1 75 334 406 430 280 242 83 14
171 284 155 146 174 143 54 368 194
201 202 203 204 205 159 90 402 172 323 294 468 402 176 18 411
244 49 250 432 104 494 169 38 302
201 202 203 204 205 262 225 31 1 422 391 65 176 278 415 195 142 235 243 291 475
201 202 203 204 205 128 437 136 81 467 41
1 2 3 4 5 6 7 8 9 10 201 202 203 204 205 11 148 212 39 492 85 195 129 186 39 387 478
201 202 203 204 205 8 54 458 339 309 254 104 480 147 296 311
402 47 56 139 149 130 470 401 383 201 73 491 490 228 220 237
201 202 203 204 205 142 26 255 150 423 340
201 202 203 204 205 443 437 107 322 401 190 122 329 321 201 61 5 465 457 3
201 202 203 204 205 361 286 290 288 344 334 130 34 347 259 178 213 171 358
101 102 103 104 105 106 107 108 109 110 111 112 113 114 115 285 219 293 106 446 475 64 80 198 426 450 13 133 269
201 202 203 204 205 383 146 87 189 343 458 404 337 361
201 202 203 204 205 117 273 398 225 488
201 202 203 204 205 177 465 75 487 144 141 317 176 156 365 263 144 437 209
91 480 355 61 136 203 93 373 63 36 69
101 102 103 104 105 106 107 108 109 110 111 112 113 114 115 201 202 203 204 205 122 435 357 387 348 102 347 57 464 4 380 125 37 346 317
1 2 3 4 5 6 7 8 9 10 414 470 367 251 98 283 461
101 102 103 104 105 106 107 108 109 110 111 112 113 114 115 201 202 203 204 205 293 227 308 382 86 9 361 254
201 202 203 204 205 438 266 473 256 156 108 348 439 377 29 333 250 455 427
201 202 203 204 205 230 482 83 81 147 264 108 135 365
213 217 305 9 497 466 388 113
477 60 228 296 309 474 190 225 274 235
488 54 274 205 188 373 421 326
476 471 195 357 481 222 300 262 498 52 474
1 2 3 4 5 6 7 8 9 10 118 137 373 85 349 392 338 86 18 91 341 438 489 138 126 3
1 2 3 4 5 6 7 8 9 10 238 210 4 15 28 181 290
101 102 103 104 105 106 107 108 109 110 111 112 113 114 115 21 492 19 144 399 13 72 216 202 408 459 424 260 437 369 498
201 202 203 204 205 306 275 43 296 318 331
163 320 407 320 363 20 425 465 323 240 58 359 123 471 306 303
115 384 232 20 115
201 202 203 204 205 329 32 284 446 468 291 467 62 129 238 480
495 256 342 187 96 376
373 40 210 202 328 395 290
412 61 321 451 479 313 132 44 291
466 16 303 202 400 11 236 242 469
224 454 333 283 252 26 41 185 146 371 2 176 270 106 297
368 275 352 275 433 468 341 115 304 112 219 434 157
1 57 381 3 5 285
210 28 267 115 192 322 364 38 273 21 3 493 286 66 183
201 202 203 204 205 56 325 254 24 73 98 54 463 385 257 109 491 287
155 166 338 150 114 67
422 282 314 30 468 182 186 59 64 230 19 208 155 408 328
379 423 400 224 98 451 7 172 399 98 5
201 202 203 204 205 157 73 348 207 498 48 110 229 136 76 71
351 422 211 2 96 381 35 384 453 267 48
252 267 34 427 92 258 450 31 430 257
101 102 103 104 105 106 107 108 109 110 111 112 113 114 115 201 202 203 204 205 229 20 224 142 164 234 150 99 473
288 104 334 330 127
1 2 3 4 5 6 7 8 9 10 201 202 203 204 205 325 301 224 415 363
1 2 3 4 5 6 7 8 9 10 201 202 203 204 205 63 424 408 477 116
248 128 369 174 300 425 337
438 392 320 91 360 262 55 54
371 104 459 342 177 213 393 332 351 6 48 332 437
201 202 203 204 205 276 415 317 428 452 330 238 251 99 433
101 102 103 104 105 106 107 108 109 110 111 112 113 114 115 331 402 277 473 159 319 297 224 406 264 176 197 53 5
322 130 355 154 382 40 253 471 147 27 126
392 247 226 283 243 236 83 77 294 48 323
64 178 234 147 324 427 367 226 61 468
419 127 347 104 218 394 50 99 104 258 52 123 80 170 343
1 2 3 4 5 6 7 8 9 10 445 155 431 144 260 325 36 230
244 245 256 313 54 375 25 498 311 355 33 88 66 443 478
101 102 103 104 105 106 107 108 109 110 111 112 113 114 115 330 345 5 499 240 484
201 202 203 204 205 398 248 347 174 60 51 285 283 344 194 285 97 292 92
201 202 203 204 205 448 129 67 343 227 8 449 281 460 116 217 460 381 68 207
356 453 402 11 131 124 336 367 15 354 55 359 160 153
161 81 194 176 311 430 94
31 235 433 135 59 152 3 283 474 149 204 394 44
297 355 279 26 29 219 498 236 161 302 87 167
1 2 3 4 5 6 7 8 9 10 101 102 103 104 105 106 107 108 109 110 111 112 113 114 115 201 202 203 204 205 350 437 280 84 444 224 321 445 263 412 436 103
201 202 203 204 205 251 379 38 403 316 9 485 463
480 381 482 426 266 60 55 371 446 459 151 447 47 389 175
1 2 3 4 5 6 7 8 9 10 250 479 200 99 431 420 366
123 344 380 494 388 398 115
101 102 103 104 105 106 107 108 109 110 111 112 113 114 115 201 202 203 204 205 210 395 440 403 313 294 170
144 56 370 325 295 235
408 322 468 475 399
334 338 211 31 85 303 463 380 43 129 106
327 270 245 181 232 98 405 333 418 244 116 187 67
1 2 3 4 5 6 7 8 9 10 201 202 203 204 205 310 376 117 109 418 222 243 191 313 383 199 278 42 263 346
419 248 85 115 319 255 493 314 476
404 85 32 78 299 232
1 2 3 4 5 6 7 8 9 10 290 310 375 248 471
396 277 208 372 293 174
211 100 59 249 371 461
1 2 3 4 5 6 7 8 9 10 201 202 203 204 205 55 290 39 157 19 250 467 445 497 378
201 202 203 204 205 135 487 106 298 172 394 412 307 400 492 481 237 452 362
201 202 203 204 205 374 185 58 499 301
1 2 3 4 5 6 7 8 9 10 126 4 451 417 371
101 102 103 104 105 106 107 108 109 110 111 112 113 114 115 201 202 203 204 205 91 343 28 193 450 141 294 231 244 465 451 83 452 186 360
300 397 24 296 49 318 467 379 356 54 271 240
88 142 34 164 492 82 173 184
201 202 203 204 205 482 2 481 304 487 368 394 164 254 314
240 482 387 360 498 366 242
330 422 232 386 364 343 336 372
369 124 47 462 21
107 427 222 352 352 224 393 45 432 143 478
1 2 3 4 5 6 7 8 9 10 347 138 370 258 3 280 275 156 15 411 263 125 190 343 416 488
316 381 43 6 417 53 483 3 427 328
256 345 280 462 274 216 447 273 497 98 49 196
1 2 3 4 5 6 7 8 9 10 201 202 203 204 205 241 194 252 422 228 200 202 279 293 27 174 401 62
101 102 103 104 105 106 107 108 109 110 111 112 113 114 115 393 125 239 386 347 260 156 53 450 71 287 452 126 497
101 102 103 104 105 106 107 108 109 110 111 112 113 114 115 14 37 192 353 165 341 438 17 31 357 43 408 374
298 223 494 435 127 489 412 206 100 289 295 479 282 181 286
1 2 3 4 5 6 7 8 9 10 447 268 23 293 430 444 396 413 302 50 98 66 483
1 2 3 4 5 6 7 8 9 10 231 163 246 247 19 287 372 485 399 75 104 139 498 158
292 174 374 38 117 365 291 368 149 322 42
1 2 3 4 5 6 7 8 9 10 447 100 77 273 17 417 54 204 170 98 96 290 291
278 171 222 327 197 137 133 455 456
1 2 3 4 5 6 7 8 9 10 20 81 66 203 168 446
1 2 3 4 5 6 7 8 9 10 158 237 477 355 86 270 374 217
201 202 203 204 205 471 28 400 359 134 428 229 406 68
201 202 203 204 205 306 484 82 416 77 165 33
1 2 3 4 5 6 7 8 9 10 211 28 448 439 154 368 122 124 183
201 202 203 204 205 340 249 328 36 408 404 475 220 306
437 277 80 415 128 184 409 79 263 115 293 225
101 102 103 104 105 106 107 108 109 110 111 112 113 114 115 324 54 114 105 485 314 98 339
201 202 203 204 205 420 378 246 287 58 346 297 495 346
201 202 203 204 205 341 334 128 249 277 431 150 466 415 499 430 88 417 186
447 24 491 259 357 293 210 168 103 283 32 234
201 202 203 204 205 38 344 44 486 386 305 100 213 96 206
201 202 203 204 205 94 376 287 381 63 87 111 203
201 202 203 204 205 42 222 62 377 194 389 346 201 159 273 191 199
201 202 203 204 205 130 3 169 97 77 111 85 103 433 411 36
363 108 471 23 9
101 102 103 104 105 106 107 108 109 110 111 112 113 114 115 201 202 203 204 205 164 432 310 95 3 267 164
186 391 265 218 438 339 274 216 345
372 350 105 425 131 54
1 2 3 4 5 6 7 8 9 10 445 421 240 471 455 250 19 290 332 275 390 189 13 199 19
1 2 3 4 5 6 7 8 9 10 309 113 364 284 2 33 57 406 429 125 450
213 7 446 201 491 362 187 416 479 484 271 160 183 189
1 2 3 4 5 6 7 8 9 10 100 450 353 340 19 41 123 362 443 435 4 50 430 380 282
360 216 201 155 250 167 335 421 359 226 308 259 202 462 130 488
422 327 386 141 364 23 41
201 202 203 204 205 2 436 487 127 52 115 181 467 318 89 416 431 291 169 450 186
201 202 203 204 205 476 221 446 457 49 101 128 44 20 129 375 208 432 217
414 429 42 247 13 60
395 177 31 207 367 394 411 102 252 218 141 217 33
1 2 3 4 5 6 7 8 9 10 201 202 203 204 205 260 92 118 144 487 318 383 326 357 362 187 19 446 198 255 32
362 315 232 225 2 384 60 458 213 153 218 357 21 263 24 319
19 19 477 11 395 423 492 458 8 323 397 207 81 217 400 146
201 202 203 204 205 73 283 464 290 427 367 55 28 335 192
496 442 61 356 128 405 248 41 370 364 495 313 60 289 339
170 469 65 456 1 237 475 477 190 446 325 132 130 210 110
390 149 452 147 163 136 118 152 34
201 202 203 204 205 48 109 196 185 180 212 332 345 192 337 331 357 453
1 2 3 4 5 6 7 8 9 10 201 202 203 204 205 75 34 330 150 434 75 326 254 408 313 365
1 2 3 4 5 6 7 8 9 10 201 202 203 204 205 68 357 80 225 169 279 35 193 123 113 113 297
1 2 3 4 5 6 7 8 9 10 434 161 132 407 152 392 462 271 29 180 69
1 2 3 4 5 6 7 8 9 10 51 495 211 58 474 139 282 107 471 9 67 34 253
1 2 3 4 5 6 7 8 9 10 101 102 103 104 105 106 107 108 109 110 111 112 113 114 115 441 318 275 262 32 338 103 240
201 202 203 204 205 175 238 369 303 459 325 356
379 178 142 154 268 494 171 380 274 52 34 270 139 121
101 102 103 104 105 106 107 108 109 110 111 112 113 114 115 32 151 13 75 28 274 172 144 470 135 301 211
201 202 203 204 205 58 388 195 22 351
175 1 423 58 198 16 71 496 376 7 194 309 190 466
1 2 3 4 5 6 7 8 9 10 326 256 161 320 370 83 322 258 50 90 130 35 304 248 197
452 397 216 348 85 157 112 374 264
1 2 3 4 5 6 7 8 9 10 138 195 102 205 422 485 218 325 438 431 270
179 441 88 261 415 25 102 67 483 263 461
190 437 91 379 304 24 364 5
1 2 3 4 5 6 7 8 9 10 345 167 310 119 387 378 312 235 191 41 399
1 2 3 4 5 6 7 8 9 10 201 202 203 204 205 257 442 303 75 101 273 264 177 152 324 155 121 413 480 93 355
201 202 203 204 205 339 243 407 268 246 168 446 228 286 102 408 149 406 370 31
166 388 311 123 272
201 202 203 204 205 188 323 305 453 195
1 2 3 4 5 6 7 8 9 10 101 102 103 104 105 106 107 108 109 110 111 112 113 114 115 182 365 156 271 41 405 74 310 58 72
1 2 3 4 5 6 7 8 9 10 201 202 203 204 205 423 180 71 279 317 490 222 60 46 498 370 56 64 390 462 239
345 466 280 141 238 48
1 2 3 4 5 6 7 8 9 10 235 280 242 25 433 473 485 247 177 449 18 182 265 379
134 45 204 179 10 30 242 497 261 416 170 304 200
201 202 203 204 205 146 325 258 428 436 71 6 490 428 11 346
201 202 203 204 205 472 285 348 202 316 15 154 460 268 126 142 15 481
191 499 9 192 7 320 254 402 204 150 303 61
361 390 368 73 453 114 444 234 75 6 463 385 322 322 415 188
201 202 203 204 205 347 380 442 61 23 185 464 330 124 301 450 101 330 474 168 201
1 2 3 4 5 6 7 8 9 10 201 202 203 204 205 389 77 131 451 26 52 110 96 350 281 12 457
1 2 3 4 5 6 7 8 9 10 27 56 278 354 215 484 266 175 278 388 363 487 313 410 329
281 178 494 123 183 283 73 192 234 442 401 225
1 2 3 4 5 6 7 8 9 10 101 102 103 104 105 106 107 108 109 110 111 112 113 114 115 451 148 252 217 123 487 176 45 267 195 194 227 193 105 256 430
382 325 410 466 68 57 58 340 210 47 429 87 393
201 202 203 204 205 240 150 126 410 354 406 409 401 486
201 202 203 204 205 62 46 363 119 46 211 485 466 258 187
201 202 203 204 205 275 253 198 451 203 149 405
87 136 370 351 196 305 254 27 363 470 213 284 402 89 164 36
268 117 77 465 411
87 196 201 344 275 435 147 48 8 150 453 267 422 200 103
201 202 203 204 205 212 94 160 500 485 340 339 269 176 233 312 314 92 473
431 410 12 468 217 60 108 479 482
79 262 249 486 46 47 463 449 241 411 464
34 276 42 63 413 469
419 66 125 124 321 406 360 466
101 459 46 391 128 125 299 303 377 217 283 214 103 116 381 288
1 2 3 4 5 6 7 8 9 10 500 374 476 182 460 19 315 161 197 10 16 490 65
239 33 65 130 250 189 427
1 2 3 4 5 6 7 8 9 10 258 295 266 435 310 292 311 357 77 203 370 246 378 487 81
412 119 62 175 300 377 298 488 343 46 453 268 486
50 439 95 254 220 257 23 62 450 332
201 202 203 204 205 148 125 220 331 58 325 255 416 257 38 478 332
101 102 103 104 105 106 107 108 109 110 111 112 113 114 115 405 82 424 259 178 430 95 309 317 470 34
145 309 90 472 45 340 204 204 201 354 55 461 179 284 380
263 417 454 183 320 336 169 32 158 207 487 234 481 183
431 458 35 64 433
283 71 20 116 132 468 233 198 494 304 414 45 237 162 330
158 295 80 154 314 473 14 422 349 276 2 63 500 498
1 2 3 4 5 6 7 8 9 10 71 122 402 439 194 45 267 497 474 469 440 366 347 212 41
490 278 410 487 102 81 220 356 265
1 2 3 4 5 6 7 8 9 10 101 102 103 104 105 106 107 108 109 110 111 112 113 114 115 201 202 203 204 205 175 228 342 250 339 8 98 228 241 287
484 456 147 9 489 124 266
201 202 203 204 205 189 489 15 264 348 448 175 33 216 410 179 323 452 314 162
201 202 203 204 205 380 239 69 470 359
265 37 388 304 17 461 262 376 85 238 300 77 333 79 102 238
1 2 3 4 5 6 7 8 9 10 389 91 343 417 179 486
1 2 3 4 5 6 7 8 9 10 201 202 203 204 205 340 165 137 462 171 445 300 119 184 117 98 443 134 158 439 468
251 268 25 79 144 59 195 494 277 312 341 12 377
386 91 467 295 14 400
205 173 127 65 169 253 30
201 202 203 204 205 500 381 30 357 123 156
375 487 310 162 229 224 70
78 54 401 304 286 63 11 468 110 371 422 398 336
201 202 203 204 205 164 80 469 239 371 283 484 150 148 83 317 119
116 439 257 276 144 432 150 428 492 354 103 293
71 467 207 189 470 263 181 9 282 471 172 453 337
1 2 3 4 5 6 7 8 9 10 201 202 203 204 205 267 28 403 255 145
414 14 346 94 257 117 155 474 66 255 472
1 2 3 4 5 6 7 8 9 10 101 102 103 104 105 106 107 108 109 110 111 112 113 114 115 119 271 274 324 311 194 427 135 85 18 387 462
1 2 3 4 5 6 7 8 9 10 48 472 466 398 145 256 202 386 163 412 15
362 436 195 454 8 382 429 373 396 447 378 49 199
1 2 3 4 5 6 7 8 9 10 47 51 329 436 391 37 27 102 118 433 277 465
1 2 3 4 5 6 7 8 9 10 29 255 270 257 400 154 439 430 123 113 156 360 294 79 81 113
446 132 225 148 61 91 267 56 268 316 262 479 28 156
201 202 203 204 205 149 62 318 370 99 151 342 66 375 178 149 31 369 293 327 24
22 226 207 3 352 189 47 457 383
100 183 29 321 213 369 314 186 227 470 19 145 349 101 165 244
403 113 8 404 150 358 339 104 393 262 492 155 121 295 191
101 102 103 104 105 106 107 108 109 110 111 112 113 114 115 152 184 443 412 157 115 385 183 61 323 292 423
1 2 3 4 5 6 7 8 9 10 298 296 327 313 181 298 62 275 145 327
101 102 103 104 105 106 107 108 109 110 111 112 113 114 115 323 354 37 169 288 73 344
201 202 203 204 205 285 77 407 112 417 24 91
1 2 3 4 5 6 7 8 9 10 201 202 203 204 205 40 212 71 287 412 271 203
400 207 257 303 35 490 132 347 101 302 201 89 50
492 500 182 442 135 6 275 368 380 33 179 236 353 44 191
257 136 244 484 364 144
283 207 282 473 329 56
201 202 203 204 205 183 415 113 306 228 76 225 57 85 166 199 418
73 342 139 341 476 312 386 135 309 132 131 491 53 462 286
332 430 436 101 382 473 83 123 358 275 264 183 252 411
201 202 203 204 205 232 245 395 320 293 165
1 2 3 4 5 6 7 8 9 10 201 202 203 204 205 27 148 459 426 260 370 430
1 2 3 4 5 6 7 8 9 10 236 267 314 271 397 66
201 202 203 204 205 439 209 110 43 318 136 38 63 490 62 390
239 249 48 169 76 27 416 136
382 191 259 426 500
201 202 203 204 205 319 362 263 117 423 257 417 261 244 239 235
465 413 115 21 139 222 58 478 116 193
359 261 54 228 173 73 206 289 103 113 202 130 447 369 85 391
153 337 235 259 163 103 31 244 234 339 395 420 291 47
1 2 3 4 5 6 7 8 9 10 217 367 328 246 238 33
201 202 203 204 205 467 352 109 59 449
201 202 203 204 205 454 324 21 422 123 272 335 29 117 28 484
1 2 3 4 5 6 7 8 9 10 201 202 203 204 205 480 412 223 370 149 410 450 362 170
345 455 326 350 38 307 360 306 232 20 488 152 465 235 103
1 2 3 4 5 6 7 8 9 10 36 327 209 156 214 425 206 445 439 110 364 475
101 102 103 104 105 106 107 108 109 110 111 112 113 114 115 104 386 99 184 370 103 7 119 116 123 297 374
1 2 3 4 5 6 7 8 9 10 166 311 281 12 391 167 369
379 141 70 114 39 177 375 269 201 446 457 392 93 377 489
298 115 396 484 39 105 100 110 315 263 24
118 17 494 453 366 53 288 218 480 265 73 440 362 292
201 202 203 204 205 479 1 142 387 148 438 35 447
201 202 203 204 205 324 157 134 268 209 245 465 446
172 188 18 249 422 108 321 467 28 82 420 4 488 303 22
1 2 3 4 5 6 7 8 9 10 42 189 426 57 188 105 288 305 366 30 340 228 449
1 2 3 4 5 6 7 8 9 10 201 202 203 204 205 30 201 409 318 369 61 248 123 65 489 148 320 430 167
1 2 3 4 5 6 7 8 9 10 37 101 401 370 110 127 89 381 61 365 445 203 282
1 2 3 4 5 6 7 8 9 10 101 102 103 104 105 106 107 108 109 110 111 112 113 114 115 294 390 188 465 444 224
1 2 3 4 5 6 7 8 9 10 319 95 253 163 10 325 495 446 231 320 221 242
482 363 47 177 265 311 183 344 337 210 170 152 313 199 244
243 382 161 121 383 175 63 465 168 43
1 2 3 4 5 6 7 8 9 10 101 102 103 104 105 106 107 108 109 110 111 112 113 114 115 201 202 203 204 205 78 291 88 445 220 436
1 2 3 4 5 6 7 8 9 10 250 268 162 441 7 90 279 406 490 108 296 219 57 423 419
117 262 40 229 222 238 339 300 267 90 179 32 440 325 55 75
201 202 203 204 205 195 69 160 104 311 63
1 2 3 4 5 6 7 8 9 10 201 202 203 204 205 154 461 204 412 479 414 121 51
342 368 116 378 321 142 157 203 234
201 202 203 204 205 279 315 373 264 50 340
260 191 454 480 128 161 29 297 296 176
1 2 3 4 5 6 7 8 9 10 243 479 265 131 453 455 132 378 91 28 384 57 341 475 482 134
1 2 3 4 5 6 7 8 9 10 433 479 89 494 422 193 497 330 360 416 51 248
281 474 90 157 218 493 163 221 268 316 87 33 75 469
1 2 3 4 5 6 7 8 9 10 101 102 103 104 105 106 107 108 109 110 111 112 113 114 115 132 56 402 342 353 155 255 396 456 451 110 31 77
13 330 56 331 273 345
201 202 203 204 205 219 210 470 221 43 164 221 230 247 378 71
1 2 3 4 5 6 7 8 9 10 201 202 203 204 205 180 437 30 283 221 80 190 68 345 186 387 20 499 194 210
255 429 253 498 344 290 122
201 202 203 204 205 218 194 1 14 482 129 433 311 277 209 40 2 72 21
90 182 67 317 496
201 202 203 204 205 473 5 333 478 304 83 478 219 65 212 81
101 102 103 104 105 106 107 108 109 110 111 112 113 114 115 335 174 137 22 416 427 279 232 69 320 410 132
201 202 203 204 205 347 104 152 475 125 231 170 138 392 339 397 182
26 123 46 403 469 408
246 188 467 200 227 326 87 201
201 202 203 204 205 246 375 46 388 236 104 89 417 336 125 413 169 500 354 398 47
1 2 3 4 5 6 7 8 9 10 201 202 203 204 205 370 262 242 281 475 354 175 418 394 12 6
201 202 203 204 205 311 157 311 357 298 121 459 440 403 167
270 115 329 416 132 205 261 319 272 143 39 457
272 88 337 113 75 68 191
442 259 200 90 473 114
101 102 103 104 105 106 107 108 109 110 111 112 113 114 115 303 125 491 464 350 198 93 257 306 477 379 205 156 190 132 284
1 2 3 4 5 6 7 8 9 10 382 450 21 188 56
328 438 469 363 484 181 330 82 197 10 275 70 281 409
201 202 203 204 205 259 407 12 314 322 193 26 1 360
201 202 203 204 205 388 482 191 447 311 428 272 422 174 296
101 102 103 104 105 106 107 108 109 110 111 112 113 114 115 201 202 203 204 205 188 19 134 484 404 471 363 164 424 420 207 147 373 483
1 2 3 4 5 6 7 8 9 10 32 259 227 271 493 183 377 397 310 181
461 293 200 101 290
101 102 103 104 105 106 107 108 109 110 111 112 113 114 115 489 122 457 365 398 454 99
457 295 191 489 2 478
101 102 103 104 105 106 107 108 109 110 111 112 113 114 115 386 274 95 38 144 248 494
101 102 103 104 105 106 107 108 109 110 111 112 113 114 115 344 13 452 366 340 318 382 390 272 441 48 245 29
301 224 284 1 409 97 431 80 322
30 282 49 447 151
201 202 203 204 205 259 305 287 140 132 224 446 321 23 446
294 381 40 210 362 67 33 442 85 341 146 125 301 495 210
1 2 3 4 5 6 7 8 9 10 82 103 56 333 240 5 71 242 137 308 457 462 120 35
1 2 3 4 5 6 7 8 9 10 467 77 396 391 416 78 206 220 259 44 100 119 388 282 407
302 260 1 123 155 113 361 267 101 438
1 2 3 4 5 6 7 8 9 10 143 143 129 230 286
323 418 57 348 292 92 394 355 152 462 105
257 103 412 391 104 81 408 70 387 275
64 322 162 204 123 184 175 170 401 114 380 308
1 2 3 4 5 6 7 8 9 10 166 431 278 245 436 374 414 336 428
341 79 416 35 361 86 37 493 433
151 381 123 491 282 133 373 9 487 242 413 319 135 287 401 272
133 22 361 444 66 305 55 396 321 242 322 180 104 27 372
188 388 351 267 249 400 358 304
328 415 362 311 396
105 252 317 228 256 227 288 190 174 248 107 291 266 215 42 225
1 2 3 4 5 6 7 8 9 10 137 436 385 176 99 49 181 333 347
491 115 70 146 459 267 302 350 67 134 311 228 362
321 275 441 474 137 225 231 474 199 278 189 41 348
101 102 103 104 105 106 107 108 109 110 111 112 113 114 115 201 202 203 204 205 67 63 357 184 181 205 243 165 100 330
1 2 3 4 5 6 7 8 9 10 113 166 456 308 481 103
201 202 203 204 205 48 494 22 450 234 315 160 303 62
201 202 203 204 205 287 435 268 113 234 466 220 251 65 292 105 384 462 454 176 392
57 322 481 73 493 111 54 264 312 16 465 74 393 392 170
490 66 445 394 407 134 431 292 204 72 69 236 346 95 429
101 102 103 104 105 106 107 108 109 110 111 112 113 114 115 201 202 203 204 205 367 17 20 265 427 237 274 215 461 474 125 166 466 242
396 482 239 411 290 215 202 462
201 202 203 204 205 143 334 486 128 462 399 405 203 327 209 52 209
101 102 103 104 105 106 107 108 109 110 111 112 113 114 115 348 37 50 208 153 254 105 5 360 51 348 307 338 237 472 216
101 102 103 104 105 106 107 108 109 110 111 112 113 114 115 127 403 173 88 75 453 446 429 486 179 172 104 337 18 29
201 202 203 204 205 36 388 489 221 29 486
157 486 392 31 132 456 249 18 143 33 358 263
1 2 3 4 5 6 7 8 9 10 201 202 203 204 205 259 266 199 281 322 314 154 265
145 131 65 344 237 418 119 237 214 407 322
37 25 110 368 128 104 344 255
101 102 103 104 105 106 107 108 109 110 111 112 113 114 115 448 379 160 150 280 293 280 190
209 29 120 495 7 165 42 34 191 349 494 425 414
330 226 289 327 339 193 289 317 219 325 252 49 77 214 430 360
1 2 3 4 5 6 7 8 9 10 498 184 421 162 100 83 320 204 150 308 395 313 112
471 129 303 236 124 325 349 354 228 194 481 163 499 347
201 202 203 204 205 353 174 193 56 273 340 248 303 24 423 262 411 336 235 36 322
101 102 103 104 105 106 107 108 109 110 111 112 113 114 115 201 202 203 204 205 159 490 185 112 208 90 37 199 179 226 193
314 135 150 19 390 190 204 437
201 202 203 204 205 180 39 317 280 398 135 467 399 273 238 402 418 115
1 2 3 4 5 6 7 8 9 10 101 102 103 104 105 106 107 108 109 110 111 112 113 114 115 201 202 203 204 205 484 172 4 173 258 444 347 131 162 445 430 436 230
101 102 103 104 105 106 107 108 109 110 111 112 113 114 115 52 25 84 212 248 163 393 303 375 390 406 479 442 293 403
1 2 3 4 5 6 7 8 9 10 330 498 33 227 249 172 7 216 146 23 43 153 314 374 100
359 394 393 205 108 154 402 327 221 25
1 2 3 4 5 6 7 8 9 10 280 358 178 94 272
452 485 438 300 111 168 498 119
201 202 203 204 205 11 155 212 64 341 488 150 124 210 494 104 267 224
155 249 320 409 461 330 236 11 70 295 4 108 184 291 133 11
392 368 210 173 445 117 449
9 110 308 426 334 306 163
302 448 467 249 415 303 151 295 142 109 164 66 194 466
201 202 203 204 205 154 96 75 266 153 62 414 451 288 433 467 443 236 290
166 162 396 416 110 486 233 324 494 484 14 399 467
497 427 119 425 408 450 6 238 82 356 376 466 382 476 177
201 202 203 204 205 364 352 87 27 140 42 42 153
149 159 261 44 297 101 85 160 143 14 21 167 201 480 450 426
201 202 203 204 205 205 194 178 283 330 238 151 407 30 164 243 296
472 225 45 459 268
428 439 230 467 251 367 483
240 190 350 428 370 250
201 202 203 204 205 292 140 69 106 169 474 103 57 37 37 166 42
95 230 329 417 380 283 392 311 338 357 385 446 473 178
201 202 203 204 205 44 414 427 29 258 231 291 452 465 490 170 469
1 2 3 4 5 6 7 8 9 10 201 202 203 204 205 492 166 481 143 35 306 348
209 472 128 226 10 493 295 316 217 220 147 15 217 388 31 387
1 2 3 4 5 6 7 8 9 10 201 202 203 204 205 209 1 180 274 112 270 185
33 95 140 101 191 460 433 147 55 410 254
201 202 203 204 205 239 499 286 441 122 42 14
1 2 3 4 5 6 7 8 9 10 420 397 146 427 18 36 337 387 161 60 499 270 223 119
384 295 411 301 318
1 2 3 4 5 6 7 8 9 10 386 219 311 119 164
347 152 336 389 247 415 399 399 282 156
1 2 3 4 5 6 7 8 9 10 117 168 454 460 107 469 223 285 168 374 255 444 258 286 494 460
101 102 103 104 105 106 107 108 109 110 111 112 113 114 115 201 202 203 204 205 430 174 371 281 190
101 102 103 104 105 106 107 108 109 110 111 112 113 114 115 201 202 203 204 205 289 85 175 156 383 6 477 331 330 22 133 23 77 477 457
48 277 420 105 66 145 71 345 22 435 441 64 468 251 163
321 130 5 202 152 89
201 202 203 204 205 161 48 327 340 57 109
192 461 190 95 304 150 422 196 41 290 124 195 482
1 2 3 4 5 6 7 8 9 10 458 245 368 275 236 356 270 28 210 334 319 357 199 431
1 2 3 4 5 6 7 8 9 10 76 124 149 393 245 292 466 31 371 477 99 87 14
201 202 203 204 205 300 30 316 155 498 58 480 292 39 124 421 332 124 18 403 27
211 440 203 20 399 374 470 486 183 413 432 291 289 200 425 251
1 2 3 4 5 6 7 8 9 10 214 75 382 305 208 280
201 202 203 204 205 76 139 55 151 445 140 34 323
312 304 430 280 490 58
467 372 286 24 103 217 238 367 224 325 176 157
1 2 3 4 5 6 7 8 9 10 275 439 219 289 455 70 172 140 3
335 453 458 26 397
50 212 279 66 237 262 250 178 332 479 438 82 437 432 472
201 202 203 204 205 361 222 31 302 385 233 64
1 2 3 4 5 6 7 8 9 10 201 202 203 204 205 50 268 82 112 23 376 226 495 337 26 62 112 439 48 98 21
201 202 203 204 205 240 182 356 220 353
1 2 3 4 5 6 7 8 9 10 150 239 278 106 100 422 477 427 195 444
1 2 3 4 5 6 7 8 9 10 201 202 203 204 205 181 17 40 485 54 497
1 2 3 4 5 6 7 8 9 10 412 303 292 364 15 18 117 159 31 168 433 321 153
278 133 350 228 371 395 238 427 142 393
477 415 370 195 76 499 306
1 2 3 4 5 6 7 8 9 10 298 115 145 234 180 210 23
309 265 197 48 282 69 11 388 50
434 86 120 224 83 322 156 242 415 20
143 119 364 223 204 177 447 330 213
118 145 294 75 478 179 84
304 86 430 300 148 329 34 1 281 466 253 386 213
1 2 3 4 5 6 7 8 9 10 201 202 203 204 205 217 49 113 41 438 152 398 175 58 256 67 363
101 102 103 104 105 106 107 108 109 110 111 112 113 114 115 201 202 203 204 205 393 486 242 79 66 19 320 427 214 364 107 87 17 240 13 365
1 2 3 4 5 6 7 8 9 10 249 425 415 249 367 189 303 293 283 325 272 446 58 99 360
201 202 203 204 205 330 386 331 444 11 25 467
1 2 3 4 5 6 7 8 9 10 302 417 56 44 275 251 313 404 460 325 119 313 468
489 241 207 230 6 427 21 327 385 78 318 140 365 325 399 121
442 79 446 458 239 244 197 203 322 304 49 352 87 252 362
214 40 337 49 314 66 64 454 35 52 68 424 395 302
283 93 103 40 41 322
417 283 422 234 263 277 330 296 210 219 409 34
323 338 352 221 233 131 119 177 473 68
156 127 172 100 416 457 452 8 187 271 469 414 252 196 211
183 75 149 394 190 224 118 266 188 418 175 188 408 469 241
390 229 35 279 329 411 130 194
415 21 198 132 19 446 319 411 160 170 238 295 451 453 198
446 5 199 431 227 407 228 486 382 432 73 364 3
58 156 364 408 184 467 380
1 2 3 4 5 6 7 8 9 10 355 372 274 312 459 334
251 205 195 16 428 439 478 95 22 407 448 402 196 330 421
1 2 3 4 5 6 7 8 9 10 101 102 103 104 105 106 107 108 109 110 111 112 113 114 115 14 190 317 260 27 146 184 279 451 144 13 15 181 341 178
1 2 3 4 5 6 7 8 9 10 94 210 150 160 185
330 84 92 387 10 130
101 102 103 104 105 106 107 108 109 110 111 112 113 114 115 12 163 269 76 406 295 233
1 2 3 4 5 6 7 8 9 10 201 202 203 204 205 479 239 425 210 298 469
379 412 157 366 208 61 382 178 19 308
201 202 203 204 205 477 193 228 167 89 119 122 440 193 460 26 174
201 202 203 204 205 21 480 361 83 249 494 187 427 393 272 2 455 11 426
1 2 3 4 5 6 7 8 9 10 201 202 203 204 205 196 451 418 415 308 272 231 36 425 89 85 273 143 121 404 451
201 202 203 204 205 190 468 136 73 499 157 206 175 256
1 2 3 4 5 6 7 8 9 10 201 202 203 204 205 68 499 498 115 3 105 112 474 413
101 102 103 104 105 106 107 108 109 110 111 112 113 114 115 201 202 203 204 205 288 333 93 445 244 426 63 228 387 414 98 444 310 313
101 102 103 104 105 106 107 108 109 110 111 112 113 114 115 201 202 203 204 205 382 392 66 407 231 38 271 492 449 408 463 35 281
1 2 3 4 5 6 7 8 9 10 101 102 103 104 105 106 107 108 109 110 111 112 113 114 115 91 199 457 24 442 114 86 244 306 195 339 443 289 309 137
1 2 3 4 5 6 7 8 9 10 201 202 203 204 205 284 371 220 94 207 479 95 83 233 445 453 111 69 266 226
201 202 203 204 205 446 23 493 308 46 398 384 258 258 141 241 389
101 102 103 104 105 106 107 108 109 110 111 112 113 114 115 201 202 203 204 205 373 295 219 367 239 32 356 14 420 200 252 303 207
101 102 103 104 105 106 107 108 109 110 111 112 113 114 115 129 227 190 377 204 101 25 277 275 271 448 374 126
54 433 259 78 192 397 407 391 275 402 354 213 128
1 2 3 4 5 6 7 8 9 10 36 457 397 62 254
353 251 376 199 92 77
101 102 103 104 105 106 107 108 109 110 111 112 113 114 115 349 278 87 442 289 229 371 255
1 2 3 4 5 6 7 8 9 10 101 102 103 104 105 106 107 108 109 110 111 112 113 114 115 399 216 129 285 261 461 424 143 223 203 226 210
1 2 3 4 5 6 7 8 9 10 336 181 177 80 343 184 305
201 202 203 204 205 27 252 246 310 136 153 404 361 212 244 409
1 2 3 4 5 6 7 8 9 10 201 202 203 204 205 10 433 125 474 12 224 223 28 415 60
201 89 237 192 452 370 387 115
21 447 16 315 48 328 373 405 315 46
373 235 146 90 421 312 8 24 270 174 495 283 219 492 293 218
201 202 203 204 205 166 182 347 425 293 327
93 329 412 25 118 325 303 387 318 413 373 89 418 83 171
217 288 15 266 209 268 409 348 434 278
201 202 203 204 205 294 63 111 152 2 18 227 461 409 78 130 107
1 2 3 4 5 6 7 8 9 10 101 102 103 104 105 106 107 108 109 110 111 112 113 114 115 10 288 53 315 110 199 328 375 135 446 226 249 466
186 88 347 377 255 207 14 111 462 439 303 354 220
108 135 179 142 447 388 223 298 63 496 385
338 155 166 453 185 320 481
73 66 169 224 286 114
101 102 103 104 105 106 107 108 109 110 111 112 113 114 115 201 202 203 204 205 50 343 287 173 350 373 23 56 273 256
1 2 3 4 5 6 7 8 9 10 201 202 203 204 205 383 473 112 165 388 97 138
1 2 3 4 5 6 7 8 9 10 201 202 203 204 205 190 231 61 100 314 41 227 370 432 185 134 41
427 147 459 364 260
201 202 203 204 205 167 100 416 401 342 456 282 468
42 82 146 223 110
201 202 203 204 205 304 63 125 344 20 78 450 376 297
34 121 212 196 326 333 122 410 241 229 162 166 429 4
78 163 203 88 345 366 178 114 447 289 475 256
350 384 341 82 413 227 148
218 192 347 3 209 143 373 61 374 363
310 72 44 343 456 466 377 483
480 22 251 197 447 418 379 401 418 224 201 255 63
1 2 3 4 5 6 7 8 9 10 425 455 283 453 5 315 344 437 196 494 208
270 500 70 222 376 262 30 312 123 401 72 175 356
415 117 131 109 495 24 384 360 388 41 197 128 301 102
132 454 179 358 219 470 144 422 359
421 144 132 361 343 440 246 14 254 412 232 326 485 148
30 343 114 500 60 4 356 280
7 323 65 481 496 156 2 258 14 160 490 137 329
201 202 203 204 205 474 218 243 383 97 7 385 221 187
201 202 203 204 205 153 118 25 173 421 257
353 476 177 80 474
185 45 78 430 160 241 118 259 354 392 459 422 192 211
416 439 1 133 407 445 259 186 12 225 158 78 134 371
101 141 32 115 115 469 267 464 447
1 2 3 4 5 6 7 8 9 10 201 202 203 204 205 239 410 330 409 389 429
271 113 305 326 332
1 2 3 4 5 6 7 8 9 10 101 102 103 104 105 106 107 108 109 110 111 112 113 114 115 83 342 309 330 339
1 2 3 4 5 6 7 8 9 10 264 239 271 322 369 439 397 172 310
201 202 203 204 205 11 252 292 104 92 129 66 410 204 102 251 125 63 94 161 315
201 202 203 204 205 1 493 446 387 347 330 192 44 323 477 51 56 311
477 131 60 387 353 245 113 297 124 270 364 161 75 260 482 430
1 2 3 4 5 6 7 8 9 10 101 102 103 104 105 106 107 108 109 110 111 112 113 114 115 23 425 204 390 29 492 479 48 364 425 459 107 302 214 449
1 2 3 4 5 6 7 8 9 10 201 202 203 204 205 375 208 382 471 193 188
101 102 103 104 105 106 107 108 109 110 111 112 113 114 115 361 32 42 346 201
1 2 3 4 5 6 7 8 9 10 464 437 470 47 412
142 80 154 389 26 218 357 380 218 33 399 210
201 202 203 204 205 272 317 98 224 413 135 219 156 148 359 437 28 150 120 93 122
188 362 110 252 113 184 467 129 204 332
93 320 340 149 285 334
201 202 203 204 205 447 8 373 393 487 426 90 212 239 159 126 326
157 313 138 32 377 59 493
79 6 441 216 255 90 185 306 413
170 379 76 195 266 480 179
201 202 203 204 205 292 425 266 399 269 352 383
1 2 3 4 5 6 7 8 9 10 344 138 191 397 128 156 412 121 236 388 485 357 318 143 32
464 276 322 351 149 171 305 480 334
201 202 203 204 205 385 228 143 493 439 13 417 446 6 278 468 112 441 264 91 75
122 131 105 297 57 91 285 252 462 431
12 122 354 210 42 363 181 490 132 482
221 424 7 7 488 481 462 186 40
1 2 3 4 5 6 7 8 9 10 69 48 46 485 310
201 202 203 204 205 169 382 182 55 303 437 337
411 191 344 255 200 475 304 69
454 15 355 240 95 30 82 286 168 116 205
1 2 3 4 5 6 7 8 9 10 261 292 89 270 303 246 241
23 255 366 247 252 443 341 247 448 148 439 287 286 240
89 323 430 72 187 181 277 153 309
1 2 3 4 5 6 7 8 9 10 201 202 203 204 205 249 87 147 245 448 202
227 346 93 258 381 73 235 75 127 191 135
339 314 495 440 499 217 413 387 464 125 110 30 101 228
1 2 3 4 5 6 7 8 9 10 201 202 203 204 205 381 314 422 176 12 356 481 399 117
5 260 480 328 88 400
45 29 391 334 172 58 252 495 172
235 244 221 329 346 8 376
201 202 203 204 205 373 109 143 401 402 442 488 132 386 493 129 301
10 224 89 186 287 339 106 477 256 479 437 259 390 162 165
266 209 131 24 388 1 118 339
418 11 353 325 54 16 195 84 374 225 379 214
1 2 3 4 5 6 7 8 9 10 472 434 357 472 27 317 469 110 408 218 1
1 2 3 4 5 6 7 8 9 10 460 492 153 106 58 478 306 48
201 202 203 204 205 123 67 113 75 378 476 119 468 425 196 410 319 216 110 69
201 202 203 204 205 280 316 189 278 166
1 2 3 4 5 6 7 8 9 10 101 102 103 104 105 106 107 108 109 110 111 112 113 114 115 201 202 203 204 205 306 359 107 477 149 128 374 92 67
201 202 203 204 205 128 419 465 21 112 305 99 461 293
201 202 203 204 205 162 93 219 53 366 99 422 31 353 341 98 203 30
341 282 461 6 8 373
101 102 103 104 105 106 107 108 109 110 111 112 113 114 115 201 202 203 204 205 14 251 448 34 108 379 228 195 97 426 213 352
101 102 103 104 105 106 107 108 109 110 111 112 113 114 115 201 202 203 204 205 488 493 112 179 392 417 371 262 105 396 211 468
13 194 196 206 330 323 426
1 2 3 4 5 6 7 8 9 10 201 202 203 204 205 2 146 158 340 106 466 251
392 389 466 76 431 211 101 123
386 268 103 71 176 50 364 355 374 40 152 325 188 56 35 343
396 213 234 424 203 73 52 270 272 209 440
1 2 3 4 5 6 7 8 9 10 242 389 332 227 388 38 252 496 6 457
201 202 203 204 205 287 293 445 408 468 39 129 55 378 399 374
201 202 203 204 205 325 314 325 362 177 69 126 171 41 47 89 256 351 45 350 456
1 2 3 4 5 6 7 8 9 10 201 202 203 204 205 103 300 243 342 76 2 411 441 52 276 79
352 225 352 306 270 130 62 134 124 27 379 53 156 203 63
201 202 203 204 205 127 25 46 393 308 196 88
270 423 111 369 373 213 377 150 488 337
1 2 3 4 5 6 7 8 9 10 319 279 425 262 35
201 202 203 204 205 496 404 110 70 177 332 430 398 68 62 363 261
201 202 203 204 205 119 357 84 49 492 357 156 433 286 268 139 140 101
281 361 393 163 92 410
151 366 357 251 386 113 257 153 67 16 249 188 137
190 349 4 72 301 422 49 146 488 124 245 321
201 202 203 204 205 44 377 274 476 375
428 242 440 202 474 124
345 372 82 49 453 293 377 217 108 46 335 211
101 102 103 104 105 106 107 108 109 110 111 112 113 114 115 430 225 431 32 214
488 321 335 337 271 3 183 446 156 229 3 21 396 345
306 483 153 119 44 193 184 249 331 328 58 59
201 202 203 204 205 357 417 482 87 143 233 88 392 6
201 202 203 204 205 211 396 85 328 84 361 297 435 113 271 298
201 202 203 204 205 32 266 415 62 13 316 193
201 202 203 204 205 41 473 455 418 91 349 231 353 424 65 236 441
201 202 203 204 205 166 181 17 388 320 42 243
201 202 203 204 205 271 254 491 347 249 182 230 428
448 300 429 164 208
286 243 129 489 492 78 168 307 363 315 143
201 202 203 204 205 70 234 91 379 170 458 291 58 462 225 336 68 70 417 263 24
201 202 203 204 205 195 180 60 203 401 292
342 365 496 425 250 112 105 428 115 145 42 347 218
201 202 203 204 205 263 277 106 181 140
306 102 441 399 322
201 202 203 204 205 300 477 107 364 466 177 163 41 82 415 363 481 365 464
201 202 203 204 205 72 312 214 94 326 32
470 245 245 465 161 241 311 445 220 48
201 202 203 204 205 1 126 368 206 70 388 311 188 34 211
165 190 267 409 105 376 436 176 182 411
348 381 269 9 156 162 254 337 78 278 451 231 222 183
1 2 3 4 5 6 7 8 9 10 201 202 203 204 205 82 84 172 84 207
257 336 488 184 190 270 327 204 331 446
1 2 3 4 5 6 7 8 9 10 101 102 103 104 105 106 107 108 109 110 111 112 113 114 115 389 193 270 451 361 10 31 179 347 5 316 409
40 257 420 109 457
201 202 203 204 205 228 71 348 28 3 57 1
448 372 432 175 288 413 287
354 456 231 496 240 144 490 291 371 70
299 267 332 96 200 28 495 25 289 316 325
469 493 294 212 261 389 29 5 60 240 296 29 427 104 193
459 336 460 207 418 371
1 2 3 4 5 6 7 8 9 10 484 194 255 230 415 29 147 282
201 202 203 204 205 408 483 102 187 167 383 456 126 282 68 155 249 95 410
265 332 83 434 79 470 367 208 434 232 425 114 155 261 39 129
1 2 3 4 5 6 7 8 9 10 32 43 96 154 412 10 42 322 300 135 60 149 455 315 68
31 382 138 53 405 425 253 282 488 192 338 170 122 261
101 102 103 104 105 106 107 108 109 110 111 112 113 114 115 383 7 272 319 165 419 433 176 495
247 390 27 313 411 102 496 375 482 313 13 329 214 277 161 442
184 194 116 85 302 402 419 243 136
392 220 188 248 104 173 263 210 460 377
201 202 203 204 205 125 29 315 198 143 152 441 139
320 404 150 327 188 203 171 174 95 493 398 108 488
244 334 448 112 85 461 221 390 331 269 76 184 336 54
201 202 203 204 205 453 185 367 66 45
142 110 200 489 176 35 417 131 434 38 415 81
448 407 169 38 427 216
329 164 192 164 474 350 394 51 325
101 102 103 104 105 106 107 108 109 110 111 112 113 114 115 201 202 203 204 205 329 159 478 448 22 76 31 328 262 70 111 206 24 408 172
351 260 100 142 20 386 431 203
1 2 3 4 5 6 7 8 9 10 148 188 192 320 382 464 280 428 219 115 329 326
6 462 33 398 462 297 170 271 358 475 325 368
101 102 103 104 105 106 107 108 109 110 111 112 113 114 115 201 202 203 204 205 271 310 472 352 91 446
201 202 203 204 205 133 466 333 300 21 82 28
355 339 252 165 370 17 113 239 296 470 386 102 412 160 295 173
436 307 90 32 266 81 274
1 2 3 4 5 6 7 8 9 10 201 202 203 204 205 23 61 141 135 330 323 427 459 116
49 271 483 422 76 263 441 121 486 110 379 240
59 397 378 417 152 232 242 447 290 118
1 2 3 4 5 6 7 8 9 10 397 209 415 385 210 436 236 405 331
1 2 3 4 5 6 7 8 9 10 51 399 233 412 337 48 446
24 185 174 162 117 15 232 416 220 360 155 163 339 289 397
293 488 251 69 453 290 423 415 182 365 197 196 486
201 202 203 204 205 123 141 331 486 164 19 320 449 110 398 399 386 276 200 456 184
201 202 203 204 205 54 152 147 435 32 332 132 218 138 280 483
201 202 203 204 205 62 322 448 208 345 415 267 413
145 318 70 250 399 79 472 178 118 14 426 262 395 166
396 416 249 384 160 244 118 14 488 360 424 101 4 497 460
201 202 203 204 205 398 359 321 361 417 464 32 327 65 239 488 58 426 276
196 349 180 457 284 56 418 55
465 427 465 113 183
20 163 397 92 389 84 423 453 210 205 478
101 102 103 104 105 106 107 108 109 110 111 112 113 114 115 201 202 203 204 205 308 33 375 23 392 337 434 171 213 55
1 2 3 4 5 6 7 8 9 10 201 202 203 204 205 75 224 195 262 332 437 291 150 491 91 257 188 448
1 2 3 4 5 6 7 8 9 10 201 202 203 204 205 315 293 26 231 88 376 35 240 183 448 1 100 149 359
280 297 410 311 257 390 357 195 432 367 131
201 202 203 204 205 443 379 298 458 274 180 470 221 33 82 175 32 145 168 169 447
201 202 203 204 205 156 229 381 49 317 295 336 98 43 115 164
490 178 77 500 253 305 313 171
165 106 258 235 266 180 482 432 395 73 204 170
321 80 395 438 14
1 2 3 4 5 6 7 8 9 10 303 2 397 150 135 75 72 455 153 33 33
475 220 260 313 365 95 228 220
101 102 103 104 105 106 107 108 109 110 111 112 113 114 115 10 270 221 437 363 220
1 2 3 4 5 6 7 8 9 10 90 367 208 496 421 350 146
1 2 3 4 5 6 7 8 9 10 201 202 203 204 205 225 414 333 245 464 476 221 279 25 104 314 88 139
201 202 203 204 205 77 203 267 356 105 4 454 316
10 191 96 498 347 46 444 310 75 276 223 326 440 165 155 377
201 202 203 204 205 161 244 441 427 339 336 307 224 282 334 397 322 166 151 118
101 102 103 104 105 106 107 108 109 110 111 112 113 114 115 201 202 203 204 205 282 482 229 367 408 112
2 474 16 345 310 409 263
299 377 129 78 390 27 138 334 371
248 484 414 312 124 96 391 109
101 102 103 104 105 106 107 108 109 110 111 112 113 114 115 462 472 222 193 213 106 395 380 211 445 112 176 196 207
411 153 394 344 389 261 185 457 270 300 244 307 447 271
101 102 103 104 105 106 107 108 109 110 111 112 113 114 115 201 202 203 204 205 338 175 254 66 436 258 131 363 372
201 202 203 204 205 121 139 438 182 368 329 482 385 308 463 85 124
307 232 113 142 461 149 257 48 292 384 24 205 156 315 178 79
201 202 203 204 205 429 2 468 291 279 62 240 388
201 202 203 204 205 251 75 484 28 74 117 316
201 202 203 204 205 294 320 139 354 368 71
101 102 103 104 105 106 107 108 109 110 111 112 113 114 115 201 202 203 204 205 403 314 66 76 158 344 440 160 59 362 127 218 433
201 202 203 204 205 75 142 315 471 126 179 69 359 115 329 230 61 470
201 202 203 204 205 243 301 412 77 396 141 292 131
101 102 103 104 105 106 107 108 109 110 111 112 113 114 115 479 168 71 91 424 296 36 103 60
1 2 3 4 5 6 7 8 9 10 113 487 244 19 165 348 347 11 219 100 96 337 232 352 48 367
1 2 3 4 5 6 7 8 9 10 293 497 471 341 293 104 322 110
201 202 203 204 205 158 146 19 350 49 251 27 159
101 102 103 104 105 106 107 108 109 110 111 112 113 114 115 201 202 203 204 205 221 375 46 142 165
423 251 193 204 481 98
201 202 203 204 205 6 126 460 280 387 153 163
201 202 203 204 205 10 350 500 224 216 63 363 402 307 92 223 207 188
1 2 3 4 5 6 7 8 9 10 117 442 134 130 464 153 325 189 222 104 28
61 271 109 440 323 421 109 243 235 295 171 231 138 359
205 146 384 436 207 243 282 272 296 237 175 409 342 424 194 136
397 11 194 397 316
244 222 198 78 209 12
201 202 203 204 205 499 4 91 224 461
337 397 206 105 485 91 357 400 261
201 202 203 204 205 340 304 100 89 423 391 311 312 368 37 473 396
201 202 203 204 205 494 415 159 436 265
495 458 217 115 133 198
361 192 396 154 63 297 324 129 23 373 268 40 494 302 492
201 202 203 204 205 458 273 106 312 346 50
201 202 203 204 205 397 192 362 224 439 256 82 17 345 10 307 55 494 203 314 72
173 234 310 201 384 201 168 286 5 240 480 457 166 86 85 437
1 2 3 4 5 6 7 8 9 10 181 215 175 138 358 449
1 2 3 4 5 6 7 8 9 10 133 409 490 88 227 424 471 338 177 143 146 196 458 88
1 2 3 4 5 6 7 8 9 10 25 370 419 145 304 493 22 373
439 55 451 327 417 77
427 423 226 149 419 75 205 54 131
1 2 3 4 5 6 7 8 9 10 124 12 157 87 101 330 461 451 363 369 458 222 56 42 388
268 363 480 154 483 163 480 40 147 107 267 423 216
201 202 203 204 205 476 301 417 189 16 205 250 284 54 79 494 357 283
66 395 106 276 483 348 135 259 75 102 194 146 177 144 159 439
287 368 43 219 290 278 43 446 183 169 60 16 37 433 381
26 295 449 142 38 255 35 346 90 5 202 140 270 478 415
127 260 292 203 316 320 153 371 35 341 116 112
103 272 357 10 483
101 102 103 104 105 106 107 108 109 110 111 112 113 114 115 411 400 495 21 405
1 2 3 4 5 6 7 8 9 10 169 200 125 276 245 446 219 109 153 272 291 36 341
201 202 203 204 205 175 167 396 344 6 44 488
239 96 220 457 473 360 13 488 146 13 31 321 108 178 280
278 412 420 237 143 34 284 107
112 313 90 95 40 413 360 159 396 264 333 247 227 112 169 248
1 2 3 4 5 6 7 8 9 10 201 202 203 204 205 253 57 377 353 318 469 107 325 425 449 429 484
21 249 168 439 428 430 413
41 291 424 460 289
1 2 3 4 5 6 7 8 9 10 361 49 326 358 69 425 439 120 390 248 493
201 202 203 204 205 429 447 277 209 255 317 406 279 230 29
398 308 343 104 465 206 22 78 310 482 168 196 66 382 290 434
161 358 224 162 51 282 435
16 242 27 422 263 238 394 425 412 78 439 33 92 114 437 366
1 2 3 4 5 6 7 8 9 10 201 202 203 204 205 191 241 263 416 99 366 43 257 462 402 402 61
201 202 203 204 205 261 112 107 484 327 363
427 130 145 457 311 429 254 23 437 259 98 23 173 115
1 2 3 4 5 6 7 8 9 10 101 102 103 104 105 106 107 108 109 110 111 112 113 114 115 129 61 56 473 444 434 296
101 102 103 104 105 106 107 108 109 110 111 112 113 114 115 201 202 203 204 205 482 397 267 288 192 150
101 102 103 104 105 106 107 108 109 110 111 112 113 114 115 40 260 477 1 302 273 100 244 180 21 346 130 409 309
254 296 57 331 59
201 202 203 204 205 29 49 48 309 197 499 314 243 205 306 226 242 468 401 218
1 2 3 4 5 6 7 8 9 10 201 202 203 204 205 230 309 497 355 367 490 175 110 488 479 63 284 19
417 382 461 207 479
101 102 103 104 105 106 107 108 109 110 111 112 113 114 115 201 202 203 204 205 492 25 233 372 290 457 455 311 426
1 2 3 4 5 6 7 8 9 10 101 102 103 104 105 106 107 108 109 110 111 112 113 114 115 278 305 92 205 395 273 341
201 202 203 204 205 194 157 215 61 311 80 191 181
172 449 239 361 131 152
201 202 203 204 205 295 416 462 262 171 273 250 412 382 228 70 409 498 252 272 62
268 54 326 16 21 108 281 243 358 305 216 415
67 356 154 378 472 239
127 448 56 2 159 154 365 114
201 202 203 204 205 372 331 495 186 252 295 98 57 219 237 44 138 123 315
126 53 352 277 407 47 174 224 444 476 273 348 399 380
319 409 304 206 48 327 202 199 335 247 295 345 4
201 202 203 204 205 118 386 387 239 435 456 234 186 457 344 350 451 480 274
101 102 103 104 105 106 107 108 109 110 111 112 113 114 115 201 202 203 204 205 282 471 374 153 482 79 147 379 284 308 265 283 130 14 465
461 94 14 266 50 80 479 81 393 244 49 473 197
201 202 203 204 205 21 90 263 110 483 135 147 290 85 32 406 97 463 229
78 307 466 125 10 71 14 20 136 300 238 222 90 100 459
44 6 288 286 63 288 21 304 430 333
1 2 3 4 5 6 7 8 9 10 478 432 463 212 243 392
1 2 3 4 5 6 7 8 9 10 230 181 282 328 256 492 218
1 2 3 4 5 6 7 8 9 10 201 202 203 204 205 324 312 3 485 103
1 2 3 4 5 6 7 8 9 10 442 245 27 474 229 238 123 159 464
1 2 3 4 5 6 7 8 9 10 201 202 203 204 205 218 427 43 155 426 99 352 436 148 390 370 7 488 261 264 104
1 2 3 4 5 6 7 8 9 10 201 202 203 204 205 119 123 411 477 329 75 247 393 471 197 463 445 10 316
294 58 320 166 94 231 42
201 202 203 204 205 275 132 33 21 452 273 321 428
1 2 3 4 5 6 7 8 9 10 12 486 156 401 402 115 67 24 156 421 318
1 2 3 4 5 6 7 8 9 10 306 86 228 81 41
201 202 203 204 205 456 327 234 136 331 34 423 5 167 147 306
1 2 3 4 5 6 7 8 9 10 336 136 68 94 34 363 48 269 443 402 91 472 448 32 311 282
144 263 345 32 295 103 406 207 401 375 419 146 207 354 418
1 2 3 4 5 6 7 8 9 10 118 50 63 28 21 414 163 390 328 268
201 202 203 204 205 411 453 64 268 375 231 271 191 121 129 19 382 162 481 404 32
101 102 103 104 105 106 107 108 109 110 111 112 113 114 115 444 315 309 118 354 489
496 225 338 465 401 226 339
1 2 3 4 5 6 7 8 9 10 201 202 203 204 205 315 475 336 113 367 378 19 169
359 484 384 399 419 107 406 421 177 500 362 57 335
201 202 203 204 205 270 94 384 379 4 394
4 183 265 230 371 338 421 217 441
446 296 208 130 394 400 461
414 422 12 327 256 344 273 380 54 49 209
469 496 451 177 195 344 167 377 410 243 1 294 451
201 202 203 204 205 233 196 239 12 101 254 209 272 339 92 339 221 278 181 244
201 202 203 204 205 80 67 160 386 61 407
1 2 3 4 5 6 7 8 9 10 407 349 101 245 121 415 472 500 328 362 87 236 332
177 303 474 235 198
201 202 203 204 205 308 286 83 351 352 395 312 457 177
1 2 3 4 5 6 7 8 9 10 201 202 203 204 205 406 470 268 12 43 41 288 48
1 2 3 4 5 6 7 8 9 10 101 102 103 104 105 106 107 108 109 110 111 112 113 114 115 201 202 203 204 205 157 11 446 193 312
101 102 103 104 105 106 107 108 109 110 111 112 113 114 115 370 226 222 312 270 271 140 328
201 202 203 204 205 344 6 304 234 483 243 103 340 176 24 302 29 399
201 202 203 204 205 475 495 482 429 51 386 209 298
201 202 203 204 205 335 177 367 6 9
210 135 226 165 366 178 157 181 72 462 13 432 452 274 441
208 17 384 198 73 319 327 68
1 2 3 4 5 6 7 8 9 10 201 202 203 204 205 406 207 214 34 373 132 328 22 440
1 2 3 4 5 6 7 8 9 10 201 202 203 204 205 161 26 342 394 266 389 340 478 283 34 326 91 476
1 2 3 4 5 6 7 8 9 10 214 134 398 413 277
382 423 213 280 134 374 342 253 308 147 390 135 139 39 372
1 2 3 4 5 6 7 8 9 10 201 202 203 204 205 277 104 158 380 465 7 455 373 264
1 2 3 4 5 6 7 8 9 10 201 202 203 204 205 477 153 266 234 223 353 468 15 47 19 56 421 443 23 395 193
1 2 3 4 5 6 7 8 9 10 49 268 351 72 286 351 275 355
43 403 299 491 60 468
39 159 468 122 492 19 35 191 361 8 403 54 462 362 185 192
101 102 103 104 105 106 107 108 109 110 111 112 113 114 115 484 297 168 97 224 285 492 92 128 93 272 379 347 306 108 175
348 299 157 225 222 407 178
101 102 103 104 105 106 107 108 109 110 111 112 113 114 115 110 42 85 388 154 23 462 217 168 407 9 346
101 102 103 104 105 106 107 108 109 110 111 112 113 114 115 201 202 203 204 205 295 67 89 236 440 95 120 214 437 162 108 159 359 227
483 171 328 211 333 357 241 163 156 269 286 228 359 214 17
201 202 203 204 205 176 323 392 422 243 187 345 261 230 470 49 393
73 315 34 283 439 250 73 418 385 486 164 359 239 312 290 99
1 2 3 4 5 6 7 8 9 10 168 270 405 353 243 46 109 351 323 69 286 81 419 322 42
101 102 103 104 105 106 107 108 109 110 111 112 113 114 115 120 135 306 11 459 249 424 365 43
225 408 209 387 77 374 383 135 243
20 159 297 484 344 247 479 459 253 301 301 217 84
201 202 203 204 205 136 87 243 325 250 190 328 199 394 402 110 104 140 113
201 202 203 204 205 21 92 306 440 336
1 2 3 4 5 6 7 8 9 10 201 202 203 204 205 498 132 152 11 38 321 310 410 417 396 267
1 2 3 4 5 6 7 8 9 10 398 159 33 145 78 198 71 89 135 235 197 367
201 202 203 204 205 420 325 352 315 166 8 374 18 153 385
1 2 3 4 5 6 7 8 9 10 201 202 203 204 205 179 456 110 408 238 204 250 106 263 363 49 481 426
313 256 493 279 381
101 102 103 104 105 106 107 108 109 110 111 112 113 114 115 201 202 203 204 205 60 232 387 138 203 330 108
201 202 203 204 205 263 213 293 47 421 31 118 475 117
101 102 103 104 105 106 107 108 109 110 111 112 113 114 115 10 407 165 387 298 139 280 292 412 429 44 464 92 359 16
465 428 69 275 335 278 487 273 321 295 121 162 119 118 221
281 246 364 274 157 431 158 321 381 445 434 329 413 488 206 400
201 202 203 204 205 253 383 435 70 487 17 425 321 33 301
201 202 203 204 205 81 219 444 168 422
1 2 3 4 5 6 7 8 9 10 101 102 103 104 105 106 107 108 109 110 111 112 113 114 115 150 409 54 80 453 139 83
201 202 203 204 205 381 59 486 431 490 334 444 282 469 328
228 279 372 88 293 94 418 301 332 483 217 468 247 107
364 72 307 71 129 92 386 143 333 139 460
392 454 90 300 135 436 52 66
165 446 248 304 237 340 293 386 302 32 123 490 443 88 313
1 2 3 4 5 6 7 8 9 10 306 315 331 305 425 442 164 297 47 182 241 137 322 275 500
201 202 203 204 205 102 267 63 464 163 426
1 2 3 4 5 6 7 8 9 10 255 311 432 12 199 249 283 100 40 107 231 367 319
201 202 203 204 205 341 96 419 127 186 464 62 120 111 89 496 154 268 50
92 144 376 218 125 324 440 342 162 463 211 107
1 2 3 4 5 6 7 8 9 10 304 191 319 482 414 230 440 204 222 38 394 398 114 467 125
228 84 227 88 279 320 335 141 25 217 57 442 469 66 128 61
168 62 73 155 316 27 27 217 70 413 405 318
201 202 203 204 205 104 153 135 471 345 132
1 2 3 4 5 6 7 8 9 10 201 202 203 204 205 479 469 106 350 380 422 237 485
101 102 103 104 105 106 107 108 109 110 111 112 113 114 115 383 261 163 68 24 294 447 399 390 190 91
101 102 103 104 105 106 107 108 109 110 111 112 113 114 115 336 435 364 82 324 92 250 476 41 95 283 415
124 268 34 352 395 100 123 422 192 325 349
448 123 58 100 422
429 445 178 31 484 80 122 80 80 414 399 208 159 487
101 102 103 104 105 106 107 108 109 110 111 112 113 114 115 201 202 203 204 205 7 240 300 476 137 287 14 201 448 185 18 354 169 333 276
197 341 211 164 52 464 484 412 414 257 457 259
63 136 136 162 104 101 303 289 40 42 112 276 232
1 2 3 4 5 6 7 8 9 10 201 202 203 204 205 243 176 120 363 186 126 90 412 494 413 117 407 49 442 484
1 2 3 4 5 6 7 8 9 10 201 202 203 204 205 388 330 368 100 199 57 135 242 70
201 202 203 204 205 197 4 200 206 348 84 369 407 477 145 401 357 237 47 235 207
101 102 103 104 105 106 107 108 109 110 111 112 113 114 115 201 202 203 204 205 431 388 308 125 118 262 367 46 307 85 362 113 354
209 313 380 453 26 120 454 480 397 300 337
201 202 203 204 205 377 355 98 83 151 426 65 129 434 463 458
101 102 103 104 105 106 107 108 109 110 111 112 113 114 115 201 202 203 204 205 168 250 401 265 259 306 402 424 205 306 232 164
201 202 203 204 205 129 235 426 96 340 319 161 329 227 312 61 389 133 494
132 423 123 85 219 414 279 366 272 120
201 202 203 204 205 88 78 492 363 314
201 202 203 204 205 76 113 158 29 73 483 432 96 458 202 30
101 102 103 104 105 106 107 108 109 110 111 112 113 114 115 201 202 203 204 205 480 412 10 202 476 81 337 459 400 150
33 415 27 291 254 63 369 52 285 140
101 232 361 376 340
201 202 203 204 205 492 189 470 113 321 221 96 147 221 261 369 280
101 102 103 104 105 106 107 108 109 110 111 112 113 114 115 201 202 203 204 205 474 337 160 222 235 109 462 70 11 454 152 150 45 452 223 140
185 436 474 19 358 93
1 2 3 4 5 6 7 8 9 10 485 79 416 20 247 491 201 293
282 191 410 317 438 496 357 472 228 419 18 391 173 420 401 342
1 2 3 4 5 6 7 8 9 10 201 202 203 204 205 26 365 277 85 387
74 238 193 414 238 66
111 318 50 11 473 469 94
466 274 279 416 353 108 214 258 81 122 245 489 421 455
365 423 204 152 281 9 412 394 370 463 466 372 73 287 133
169 466 120 335 368
201 202 203 204 205 83 457 166 359 500 437 205 336 35
1 2 3 4 5 6 7 8 9 10 201 202 203 204 205 160 429 69 224 278 38 342 124 139 353 297 73 392 442 397 386
201 202 203 204 205 429 261 341 479 344
17 453 266 232 89
1 2 3 4 5 6 7 8 9 10 201 202 203 204 205 383 441 237 443 314 373
1 2 3 4 5 6 7 8 9 10 101 102 103 104 105 106 107 108 109 110 111 112 113 114 115 158 393 242 488 487 359 92 261 214 289 261 212 59
450 200 493 88 468 158 498 462 246 454 248 152 146 136
1 2 3 4 5 6 7 8 9 10 246 408 8 52 333 420 172 259
1 2 3 4 5 6 7 8 9 10 101 102 103 104 105 106 107 108 109 110 111 112 113 114 115 339 165 449 249 215 36 372 141 189 474 83 116 135
1 2 3 4 5 6 7 8 9 10 258 45 419 381 416 159 118 185
201 202 203 204 205 455 358 186 188 281 62 51 442 310 371 466 447
201 202 203 204 205 143 335 31 193 419 261 66 467 410 264
153 426 426 254 218 235 140 244 189 140 426 453
1 2 3 4 5 6 7 8 9 10 201 202 203 204 205 490 453 206 129 404 231 445 403 333
101 336 485 277 76 66 327 274
201 202 203 204 205 447 122 37 220 227 95 469 35 56 49 422 84 413 365 86
49 165 64 158 396 374 39 368 164 406 490 456 378 8
201 202 203 204 205 114 456 362 155 53 324 119 181 131 103
163 260 221 498 181 16
341 74 276 187 437 276 178 340
30 195 485 210 122 473 4 112 219 153 98 298 273 470
101 102 103 104 105 106 107 108 109 110 111 112 113 114 115 271 334 74 354 267 425 4
190 350 493 79 342 355 164 295 160 180 115 46 262 147 16 72
77 63 173 357 355 90 12 358 457
201 202 203 204 205 339 348 289 46 331 386 226 185 480 416 141
447 352 434 324 36 110 393 178 402 373 165 283 245 246 291 169
490 287 450 146 287 176 119 382 205 7 419 379 325 310 276 405
1 2 3 4 5 6 7 8 9 10 201 202 203 204 205 102 157 24 195 43 133 288 143
201 202 203 204 205 234 370 118 136 287 188 300 94 65 207 229
101 102 103 104 105 106 107 108 109 110 111 112 113 114 115 201 202 203 204 205 437 463 50 432 356 135 344 356 81
1 2 3 4 5 6 7 8 9 10 201 202 203 204 205 321 452 152 495 187 428 168 320 200 65 391 428 48 316 69 16
1 2 3 4 5 6 7 8 9 10 227 167 391 469 458 372 175 282 95 345 456
212 252 142 214 305 219 178
201 202 203 204 205 377 390 355 212 44 449 299
348 348 257 29 103 398 55 344 206 53
201 202 203 204 205 221 35 119 234 90 434 242 220 224 75 134 438 440
201 202 203 204 205 308 156 115 175 229 122
201 202 203 204 205 451 12 40 194 489 397 116 140 319
1 2 3 4 5 6 7 8 9 10 201 202 203 204 205 109 38 327 323 91 457 92 317 416 447 480 467 20 84
1 2 3 4 5 6 7 8 9 10 485 470 187 202 185 59 484 159 433 25 77 373 453 246 403 9
201 202 203 204 205 250 372 481 444 5 198 432 485 236 127 196
261 175 153 140 99 195 382 385 237 168
190 372 301 134 163 267 78 37 494 426
462 257 454 215 325 364 436 266 9 325 364 372 83 25 500
101 102 103 104 105 106 107 108 109 110 111 112 113 114 115 118 456 58 320 315 30 486 173 335 227 307 410 427 430 88
1 2 3 4 5 6 7 8 9 10 201 202 203 204 205 480 170 152 443 205 89 187 22 90 232 185 450 496
220 379 311 49 7 371 32 154 174 257 113 459 317
201 202 203 204 205 125 17 407 257 49 349 486 192 437 382 105
23 277 373 167 221 342 302 289 457 244 61 469 495 426 371
295 460 375 101 54 248 401 300 214 311 179
1 2 3 4 5 6 7 8 9 10 402 216 147 380 398 390 435 111 279 483 50 43 401
201 202 203 204 205 373 42 314 46 76 143 236 171 371 51
201 202 203 204 205 30 160 110 470 171 46 59 417 437 175 384 218 452 179
201 202 203 204 205 74 482 444 152 297 330 354 209 24 32 12 241 264 331 165 453
1 2 3 4 5 6 7 8 9 10 201 202 203 204 205 195 391 242 49 430 402 66 75
496 32 40 312 225 101 193 481 341 50 97
343 272 338 126 411
332 260 93 143 203
201 202 203 204 205 242 207 144 24 83 214 252 49 324 115 463 149
362 121 184 147 154 7 291 226
201 202 203 204 205 218 11 194 446 390 93 218 458 273 123
56 313 337 417 392 162 284 151 61 463 339 491 140
321 495 414 49 110 269 352 349 463 67 211
173 226 8 146 418 498 125 259 444 123 131 98 103 397 423 91
1 2 3 4 5 6 7 8 9 10 485 255 291 434 282 75
80 407 248 296 489 236 273 28 493 105 344 325 40 252 332
101 102 103 104 105 106 107 108 109 110 111 112 113 114 115 11 466 312 73 419 399 243 435 138
401 78 443 3 87 199 396 211 204 482 13 423 304 430 27 344
1 2 3 4 5 6 7 8 9 10 201 202 203 204 205 72 491 305 373 422
201 202 203 204 205 281 293 316 451 334 446
201 202 203 204 205 93 145 353 431 415 479 203 473 433 96 57 435 348 48 415
1 2 3 4 5 6 7 8 9 10 101 102 103 104 105 106 107 108 109 110 111 112 113 114 115 373 500 407 367 388 497 349 390 119 275 369 306
201 202 203 204 205 254 474 279 268 164 271 426 411 401 117 230 273 97 150 40
1 2 3 4 5 6 7 8 9 10 201 202 203 204 205 112 414 217 144 251 423 429
1 2 3 4 5 6 7 8 9 10 101 102 103 104 105 106 107 108 109 110 111 112 113 114 115 201 202 203 204 205 400 283 243 352 66 453 306 340 65 117
101 102 103 104 105 106 107 108 109 110 111 112 113 114 115 122 430 387 322 112 3 127 301 258
201 202 203 204 205 448 437 179 446 486 389 273 320 77 492 176 278 401 140 255
78 15 404 11 112 288 51 46 208 281 469 422 98
267 289 414 395 45 351 315 8 391
12 44 463 34 89 486 440 397 186 310 108 166 338 52 192
174 88 218 328 84 277 442 144 240 492 313 413 79
201 202 203 204 205 196 199 442 316 457 125 446 158 84 238 489 65 362 183 74 76
101 102 103 104 105 106 107 108 109 110 111 112 113 114 115 299 480 43 185 54 49
201 202 203 204 205 178 439 49 280 181 410 487 304 87 30 219 377 102 447 482 61
201 202 203 204 205 495 23 36 277 480 62 464 277
201 202 203 204 205 275 132 350 250 481 364 326 134 446 250 90
1 2 3 4 5 6 7 8 9 10 158 243 144 52 471 195 298 169 286 58 27 70 278 312 380 500
1 2 3 4 5 6 7 8 9 10 215 434 216 492 75 39 393 398 369 152 251 279 495
72 345 454 402 456 191 10 35
1 2 3 4 5 6 7 8 9 10 179 265 347 98 81 155 185 440 254 233 155 437
293 172 494 228 306 435 287 98 475 492 266 256 18 200 459
101 102 103 104 105 106 107 108 109 110 111 112 113 114 115 156 64 317 131 337 159 13 260 414 8 462
201 202 203 204 205 212 26 301 123 271 449 244
201 202 203 204 205 222 130 11 231 141 94 185 105
9 330 495 328 357 234 133 271 412 450 114
288 358 200 101 393 256 122 341
101 102 103 104 105 106 107 108 109 110 111 112 113 114 115 19 194 313 228 145 464 113 28 63 429 132 177 313 279 242
101 102 103 104 105 106 107 108 109 110 111 112 113 114 115 162 38 14 342 215 29 324 43 364 128
201 202 203 204 205 405 93 195 353 204 477 30 46 434 124 213 422 316 129 19
494 347 229 275 148 392 47 477
43 243 317 89 11 299 65 225 240 279 377 124
398 391 157 77 8 135 344 414 203 409
402 430 165 391 433 323 335 71
101 102 103 104 105 106 107 108 109 110 111 112 113 114 115 201 202 203 204 205 460 340 242 135 291 5 43 38 331 333
389 491 243 82 93 394 498 379 207 367
447 467 438 266 165 37 397 374 118 157 182 280 322 337
1 2 3 4 5 6 7 8 9 10 330 407 243 335 157 339 102
1 2 3 4 5 6 7 8 9 10 201 202 203 204 205 500 354 462 481 407 337 219 455 475 403 446 391
108 384 88 287 288 478 275 466 146 68 365 64
268 381 473 496 171 272 364 299 203 26
489 37 175 111 400 53 401 157 416 65
201 202 203 204 205 195 375 272 341 348 434 224 308 280 150 479 113
1 2 3 4 5 6 7 8 9 10 54 316 348 31 261 436 293 432 83 439 298 23 479 356 500
195 495 349 63 64 225 87 150 64 316 352
201 202 203 204 205 86 208 210 35 73 328 469
424 289 358 58 35 242 201 25 195
101 102 103 104 105 106 107 108 109 110 111 112 113 114 115 354 246 56 47 448 393 145
1 2 3 4 5 6 7 8 9 10 185 453 28 188 94 108 251 2 81 423 386 465 493 35 159
101 102 103 104 105 106 107 108 109 110 111 112 113 114 115 468 307 352 120 86 342 370 412 117 121 27 169 456 441 293
1 2 3 4 5 6 7 8 9 10 378 55 93 55 406 442 296 119 260 268 480 80 145
1 2 3 4 5 6 7 8 9 10 81 418 142 62 374
101 102 103 104 105 106 107 108 109 110 111 112 113 114 115 150 373 235 143 37 87 202 270 434 61 288 314 268 179 9 56
27 269 223 126 90
201 202 203 204 205 187 177 123 199 432 81 343
399 373 157 361 150 229 150 472 210 102 72 141 432 53
201 202 203 204 205 297 133 377 192 113 486 33 476 8 112 85 5 164
1 2 3 4 5 6 7 8 9 10 201 202 203 204 205 233 213 382 258 224 375 481 32 252 440 330 428
1 2 3 4 5 6 7 8 9 10 410 47 419 192 280 405 372
485 456 117 23 426 461 244 122 454 447 185 127 49 25
201 202 203 204 205 422 427 87 82 498 146 175 353 172 472 308 334 262
193 71 234 165 193 462 281 154 114 467
201 202 203 204 205 7 203 200 259 412 315 175 493 487
1 2 3 4 5 6 7 8 9 10 113 450 369 446 264 453 39 295 148 327 429 211 17 437 9 418
201 202 203 204 205 44 220 241 12 325 428 364 223 216 327 295 246 112 109 396
61 479 15 205 172 274 415 189 188
201 202 203 204 205 80 178 469 347 212 103 194 187
101 102 103 104 105 106 107 108 109 110 111 112 113 114 115 285 265 24 171 216
201 202 203 204 205 319 183 149 209 478 432 318 461 398 190 63 246 242 136 84 232
498 149 340 482 414 306 202 478
54 242 229 63 116 305 436 121 388 329 215 423 23
297 137 222 349 117 455 226 453 325 322 137 268 240 316
79 354 430 359 191 140 171 461 296 315 311 442 212 262 166 175
241 472 106 355 411 465 365 128 381 252 210 123 416 140 424
152 254 236 42 466 284
324 479 240 151 292 381 214 374 429 240 31 390
295 383 453 322 358 378 121 248 472
415 142 48 143 85 224 133
1 2 3 4 5 6 7 8 9 10 201 202 203 204 205 82 67 500 360 446 237 264 51 365
1 2 3 4 5 6 7 8 9 10 453 171 390 289 197 275 199 156 395 15 182 206
201 202 203 204 205 152 408 124 226 120 216 60 287 78 357 203
128 421 258 40 432 192 391 126 240
201 202 203 204 205 235 419 229 337 184
450 129 484 458 493 138 89 418 303 279 164 275 7 379 342 70
18 233 396 343 122 168 449 122 43 307 190 186 34 39
101 102 103 104 105 106 107 108 109 110 111 112 113 114 115 287 360 340 101 477 6 357 193 305 467 182
78 219 159 152 375 202 149 149 379
237 107 173 174 465 190 278 94 348 7 281 140 66 199
479 297 98 165 71 200 272 370 437 14 70 19
288 103 323 301 260 18 279 18 410 107 337 1 267 303
64 139 35 93 94 365 473 66 287 97 190 213 338 366 295
1 2 3 4 5 6 7 8 9 10 165 183 359 376 170 362 190 323 168 112 345
127 200 398 157 500
201 202 203 204 205 111 274 293 277 36 22 480 494 416
201 202 203 204 205 281 125 53 207 333 211 115 364 186
201 202 203 204 205 131 211 287 491 198 309 391 187 244 494 120 288 437 34
101 102 103 104 105 106 107 108 109 110 111 112 113 114 115 265 134 251 242 302 430 360 347 260 232
215 173 300 310 401 145 121 444 146 287 193 341
101 102 103 104 105 106 107 108 109 110 111 112 113 114 115 326 237 485 237 176 434 231 257 98 334 346 383 22
279 261 203 238 486 243 336 196
201 202 203 204 205 466 306 456 314 93 241 257 64 87 5 411 135 377 46 197 139
295 166 397 314 418 47 143 142
1 2 3 4 5 6 7 8 9 10 23 329 81 411 211 417 460 106 96 224 396 207 476 364 108
112 241 459 274 25 37 32 285 55 390 276 465 51
170 145 285 15 294 221 233 300 402 53 326 444 115
1 2 3 4 5 6 7 8 9 10 488 109 350 422 361 93 337 212 487 99 15 274 337 45 454 395
1 2 3 4 5 6 7 8 9 10 201 202 203 204 205 102 448 424 3 440 264 48
1 2 3 4 5 6 7 8 9 10 201 202 203 204 205 336 78 405 290 225 481 161 133 38 208 332
101 102 103 104 105 106 107 108 109 110 111 112 113 114 115 232 473 126 492 305 455 145 146 15 55 29 399 92
101 102 103 104 105 106 107 108 109 110 111 112 113 114 115 442 268 268 321 299 485 195 190 28 311 213 293 143
395 30 218 45 33 395 435 156
201 202 203 204 205 314 320 277 325 158 48 442 463 63 389
300 74 153 107 433 473
101 102 103 104 105 106 107 108 109 110 111 112 113 114 115 350 99 114 255 465
1 2 3 4 5 6 7 8 9 10 201 202 203 204 205 57 482 322 444 478 106 154 409 129 234 401 68 3 499
28 253 385 416 188 21 282 241
201 202 203 204 205 243 429 202 433 52 98 207 365 167 369 49 66 128
1 2 3 4 5 6 7 8 9 10 201 202 203 204 205 288 9 249 3 139 153
451 289 162 103 16 208 363 53 409 155 416 41 142 258 182
45 39 142 101 89 199 229 164 107 177 421 5 236
201 202 203 204 205 448 302 280 201 292
201 202 203 204 205 252 421 316 264 350 55 142 116 159 49 330 212 207 314
201 202 203 204 205 160 487 272 84 263 32 40 380 242 356 131
476 212 247 392 27 167 217 400 320 36 197 344 444
201 202 203 204 205 486 381 64 349 428 381
201 202 203 204 205 315 241 371 398 203 289 167 57 350 110
201 202 203 204 205 67 405 321 118 377 40 215 418 120 2
369 279 222 225 92 28 1
1 2 3 4 5 6 7 8 9 10 135 415 246 493 323 280 207 479 218
429 95 236 407 312 440 204 493 300 277 177
101 102 103 104 105 106 107 108 109 110 111 112 113 114 115 473 36 222 378 357 443 245 413 415 163 272 200 33
201 202 203 204 205 5 94 356 155 91 399 281 68 256 230 250 329 75 132 479 463
399 326 2 159 174 308 90 366 206 98 393 236 383 142 158
1 2 3 4 5 6 7 8 9 10 136 492 38 359 497 440 291
225 268 166 253 230 128 137 75 329 8 390 425 377 334 456
303 240 229 493 26 221 423 395 435 116 418 330
201 202 203 204 205 38 295 86 121 413 225 176 231 212 218 200 35 417
418 498 90 317 412 287 156 212
359 277 359 274 443 9 121 106 5 462 245 343 238 124
1 2 3 4 5 6 7 8 9 10 201 202 203 204 205 250 292 355 56 168 363 245 41 38 236 290
201 202 203 204 205 5 456 427 395 12 358 371
201 202 203 204 205 372 466 93 93 229 290 290 346 189 210 382
201 202 203 204 205 261 233 415 326 261 134 413 461 235
405 426 317 122 139 320 228 83 214 276
320 436 292 65 98 205 223 225 143 480 63 425 309
1 2 3 4 5 6 7 8 9 10 53 289 37 340 62 480 320 125 262 82 307 233 500
67 143 132 90 282 217 30 317 152 36 261
201 202 203 204 205 495 433 157 148 458 360 454
201 202 203 204 205 56 132 452 310 286
1 2 3 4 5 6 7 8 9 10 35 67 244 148 86 339 95 257 268 288 188 214
201 202 203 204 205 190 497 136 194 419 15 159 330 415
371 54 97 289 83 326 488 409 285 353 275 125
313 15 148 371 28 484 166 214 208 76 123 499 10
201 202 203 204 205 417 40 298 328 170
101 102 103 104 105 106 107 108 109 110 111 112 113 114 115 201 202 203 204 205 57 360 56 254 60 317 360 361 472 332 370 482
140 258 391 448 495 125 156 75 376
1 2 3 4 5 6 7 8 9 10 201 202 203 204 205 39 291 398 39 393 244 182 308 320 421 60
1 2 3 4 5 6 7 8 9 10 101 102 103 104 105 106 107 108 109 110 111 112 113 114 115 142 302 38 74 176 203 256 139
425 14 480 67 475 229
101 102 103 104 105 106 107 108 109 110 111 112 113 114 115 264 498 204 62 102 273 325 481 106 484 322 112 228 351 32 131
201 202 203 204 205 20 218 156 388 443 372 169 21 40 77 169
1 2 3 4 5 6 7 8 9 10 407 436 171 490 186 481 91 488 20
37 40 375 25 130 161 8 102 24 267 401 30 481 410 164 41
175 491 348 208 378 452 208 436 212 383 194 248 346 338 458
477 83 449 396 376 185 99 228 330 415 133 308 447 107
333 271 62 326 58 448 494 55 136 320 234 371
273 377 227 16 47 371 142 162 204 490 66 8 125 100 83 413
430 289 334 299 463 292 222
1 2 3 4 5 6 7 8 9 10 454 264 80 251 58 171 181 92 126 140
101 102 103 104 105 106 107 108 109 110 111 112 113 114 115 154 205 108 329 304 120 464 85 394 20 112 330 427 328
201 202 203 204 205 299 98 298 241 374
201 202 203 204 205 133 35 437 400 233 26 103 89 269 479 342 59 55
201 202 203 204 205 39 54 183 430 15 8
354 126 116 7 269 231 90 261
101 102 103 104 105 106 107 108 109 110 111 112 113 114 115 299 132 375 244 189 402 134 167 112
1 2 3 4 5 6 7 8 9 10 102 344 284 206 198 174
201 202 203 204 205 4 20 149 410 96 500 500 210 384 108 258 387
84 317 33 321 91 83
201 202 203 204 205 240 407 493 254 273
201 202 203 204 205 66 303 226 336 10 363 198 482 52 328 282 369 152 407 5 427
50 367 65 181 367 55 175 239 227 276 458 3 251
201 202 203 204 205 377 119 369 280 42 441 35 170 16 333 70 176 49 298 178 11
101 102 103 104 105 106 107 108 109 110 111 112 113 114 115 23 282 93 38 331 266 208 240 202
153 207 119 37 187 68 492 107
28 145 446 99 472 478
445 353 397 212 325 294 144 259 491 76 197
201 202 203 204 205 5 417 217 157 58 313 223 176 114 242 203 370
201 202 203 204 205 49 130 132 248 338 203 130 198 325 289 251 68 90 467
68 21 95 301 495 233 489 448 176 331 50 418 80
291 156 46 73 412 142
332 150 18 357 117 490 465 408 352 335 243 77
482 185 133 439 388 466 469 179 321 6 119 100
201 202 203 204 205 37 230 360 369 393 458 325 35 200 313 229 227 343
210 400 220 480 404 436 63 400 71 375 288 107 162
389 201 11 425 33 402 405 479 305 471 393
29 181 128 195 33 159 396 404 152 284 78 230 451 96
201 202 203 204 205 36 401 169 400 422 46 283 470 340 120 448 211
1 2 3 4 5 6 7 8 9 10 201 202 203 204 205 312 374 443 114 297
201 202 203 204 205 3 371 472 290 68
1 2 3 4 5 6 7 8 9 10 444 364 122 59 199 487 483 441 441 373 124
297 252 368 162 420 38 345 494 406 156 418 473
240 325 156 387 477 279 29 136 447 307 213 283 267
201 202 203 204 205 371 271 437 421 215 133 352 194 464 122
232 385 292 459 277 55 473 313 423
201 202 203 204 205 69 23 162 55 404 16
201 202 203 204 205 74 153 271 281 451 372 33 270 84 294 293 45
201 202 203 204 205 185 223 384 167 370 78
201 202 203 204 205 360 103 440 392 293 300 232 411 418
342 358 187 16 264 142
201 202 203 204 205 465 398 29 196 262 418 238 121 32 132 273 98 412 123
48 329 193 322 360 47
101 102 103 104 105 106 107 108 109 110 111 112 113 114 115 94 396 7 164 32
468 129 462 382 332 464 217 70 326 362 426 264 216 341 380 449
473 106 21 467 280 314 312 449 140 222 405 265 344 177
371 36 193 480 82 143 75 99 74 445 281 194 42 66
101 102 103 104 105 106 107 108 109 110 111 112 113 114 115 113 229 420 124 198 73 244 361 147 430 231 10
369 473 72 443 399 489 369 495 392 199
1 2 3 4 5 6 7 8 9 10 339 446 210 250 85 457 139 68 438 67 380 33 285 459 327 193
110 186 241 87 163 460 293 173 289
1 2 3 4 5 6 7 8 9 10 217 47 7 450 255 328
352 218 440 196 197 485 301 329
201 202 203 204 205 229 314 255 37 52
201 202 203 204 205 5 440 389 367 461 271 111 162 422 500 370
272 195 170 30 387 190 304 377 447 119 73 271 213
356 28 139 262 257 233 152 402 269
429 93 108 301 467 148 444 423 215 8
1 2 3 4 5 6 7 8 9 10 14 102 93 231 78 191 33 229 460 490 472 270
307 420 61 197 423 75 445 77 433
101 102 103 104 105 106 107 108 109 110 111 112 113 114 115 99 461 111 309 354 468 441 45 70 438 444 137 471
1 2 3 4 5 6 7 8 9 10 63 439 19 173 288 16
1 2 3 4 5 6 7 8 9 10 269 5 223 409 392 130 291 393 157 318 255 227
346 474 472 106 245 379 346 415 365 245 212 458 420 383 103 478
201 202 203 204 205 363 427 216 145 135 49 213 60 226 368 463 136 358 66 12
1 2 3 4 5 6 7 8 9 10 33 208 20 99 444 206 388
190 131 254 106 28 431
296 434 318 476 1
201 202 203 204 205 3 123 222 420 290 54
149 116 216 426 277 330 155 338
317 439 457 154 349 343 91 30 293 327 373 393 457 269 91 244
497 29 314 224 383 17
154 338 164 82 19 151 38 288 390 311 36 87 106 163
1 2 3 4 5 6 7 8 9 10 201 202 203 204 205 39 323 245 452 402 145
187 466 314 400 120
1 2 3 4 5 6 7 8 9 10 201 202 203 204 205 69 124 233 277 275 176 128 57 255 194
74 27 111 314 428 395
481 78 343 277 403 309 480 56 139
101 102 103 104 105 106 107 108 109 110 111 112 113 114 115 201 202 203 204 205 457 22 97 25 5 312 308 445 33 470 476
98 233 282 470 1
101 102 103 104 105 106 107 108 109 110 111 112 113 114 115 201 202 203 204 205 407 17 251 418 173 279 498 306
442 262 208 15 484 457
101 102 103 104 105 106 107 108 109 110 111 112 113 114 115 259 495 241 42 121 489 314 485 17 472 368 287 49 365 328 2
101 102 103 104 105 106 107 108 109 110 111 112 113 114 115 201 202 203 204 205 73 14 105 465 380 64 422 470 218 351 88 449 91
201 202 203 204 205 431 113 443 47 195 317 420 463 110
23 126 263 313 279 85 58 360 267 125 156 389
1 2 3 4 5 6 7 8 9 10 227 72 84 444 459 383 396 483 53 344 473 311 435
1 2 3 4 5 6 7 8 9 10 201 202 203 204 205 340 211 266 335 71 184 404 176 138 125 439 349 88 409
201 202 203 204 205 60 44 213 160 446 421 261 67 324 379 211 80 57 310 214 194
101 102 103 104 105 106 107 108 109 110 111 112 113 114 115 368 484 473 46 326 197 98 283
103 7 307 42 193 452
201 202 203 204 205 454 402 120 153 293 138 337 79 253 439 428 276
308 67 302 390 96 210 52 80 454 140 463 186 462
41 420 432 171 500 283 346 363 74 251 443 347
267 208 71 137 173 399 412 431
101 102 103 104 105 106 107 108 109 110 111 112 113 114 115 317 193 347 325 141 387 189 350 156 11 152 9 179 38
201 202 203 204 205 374 224 116 37 18 243 373
75 325 88 115 334
201 202 203 204 205 243 397 458 374 1 380 91 213 384 17 186
201 202 203 204 205 278 286 17 475 243 298 396 343 441 450 412 369 247 75
32 267 395 368 277 326 323 233 415 406 223
256 419 247 115 329 220 189 18 202 167 387 16 418 248
201 202 203 204 205 300 151 357 91 96 417 74 152 263 66 171 203 461 443 83
50 101 319 254 308 180 275 462 386 101 29 343 235 368 122
201 202 203 204 205 395 167 128 182 370 387 118
1 2 3 4 5 6 7 8 9 10 378 347 408 161 499
201 202 203 204 205 213 67 237 140 311 342 274 104 427 330 209 489 126 424
404 139 373 167 306 222 233
201 202 203 204 205 483 155 138 286 244 99 444
1 2 3 4 5 6 7 8 9 10 263 375 4 142 286 91 45 324 64 374 375 249 296 198 310 333
201 202 203 204 205 173 371 433 282 234 307 153 494 216 58 228 459
201 202 203 204 205 352 404 441 94 328 472 91 169 221 477
1 2 3 4 5 6 7 8 9 10 201 202 203 204 205 417 495 163 332 22 195 391 66 368 18 289
66 362 239 194 280 281 136 97 489 255 71 227
201 202 203 204 205 275 400 87 448 268 160 481 141 416 164 96 23 323 69 253
496 109 218 123 161 114 401 370 191 339 21
201 202 203 204 205 286 448 425 205 300 267
171 304 364 50 81 284 391 341 157 494
201 202 203 204 205 307 24 191 112 442 350 193
201 202 203 204 205 18 407 225 233 52 132 467 200 98
291 141 363 306 312 100
399 438 318 79 220 215 455 247 60 431 87
201 202 203 204 205 313 9 173 142 270 489 22 30 309 367
201 202 203 204 205 291 286 303 327 265 165 150 252 274 169 465
101 102 103 104 105 106 107 108 109 110 111 112 113 114 115 83 90 379 441 442 163 209
1 2 3 4 5 6 7 8 9 10 101 102 103 104 105 106 107 108 109 110 111 112 113 114 115 480 334 10 235 285
51 235 98 224 17 332 159 71 206 353 241 135
95 318 398 268 58 404 163 415 155 242
368 351 88 490 382 368 348
6 27 359 386 9 448 408
201 202 203 204 205 146 493 78 225 169 178 357 451 56 318 394 483 316 391
57 213 430 471 318 428 31 52
1 2 3 4 5 6 7 8 9 10 322 31 487 58 196 71 14 486 381 63 383 286 481 85
201 202 203 204 205 428 323 210 346 219 412 13 257 86 179 225 130 417 263 332 443
162 62 358 191 37 88 450 236
115 488 83 86 106 237 249 27
101 102 103 104 105 106 107 108 109 110 111 112 113 114 115 191 18 268 177 493 3 343 44
101 102 103 104 105 106 107 108 109 110 111 112 113 114 115 201 202 203 204 205 78 478 240 164 47 454 37 94 134 125 231 5
101 102 103 104 105 106 107 108 109 110 111 112 113 114 115 354 482 488 149 341 379 231 85 298 164 312 216
270 441 265 254 389 387 251 146 126 280 491 327 328
1 2 3 4 5 6 7 8 9 10 220 228 178 463 126 345 168
201 202 203 204 205 312 9 72 383 374 353 170
5 164 259 426 353 345 487 345 146 460 315 146 78 158 11
1 2 3 4 5 6 7 8 9 10 141 342 176 437 304 393 453 73 346 359 412 279 406 131 483
1 2 3 4 5 6 7 8 9 10 201 202 203 204 205 420 64 301 163 216 449 438 17 342
201 202 203 204 205 17 440 166 244 60 371 343 187 35
201 202 203 204 205 239 163 157 181 180 100 108 60 413 325 285 382 204 364 67 339
1 2 3 4 5 6 7 8 9 10 154 267 380 437 258 332 494 102 333 28 38 492 397
1 2 3 4 5 6 7 8 9 10 201 202 203 204 205 92 264 36 209 91 119 109 68 443 41 95 39 296 337 12 143
480 306 415 318 242 445 219 114 350
1 2 3 4 5 6 7 8 9 10 201 202 203 204 205 245 381 153 416 14 205 469 54 294 287 126 392 436 304 144
201 202 203 204 205 400 250 289 441 261 413 92 109 294
137 322 98 296 62 152 379 314 200 437 499
101 102 103 104 105 106 107 108 109 110 111 112 113 114 115 429 394 139 201 202 360 41 409 443 376 229 166
94 201 268 84 384 156
93 35 327 246 481
101 102 103 104 105 106 107 108 109 110 111 112 113 114 115 201 202 203 204 205 218 428 142 491 298 450 304
201 202 203 204 205 407 500 160 17 175 461 374 465 177 336
201 202 203 204 205 179 209 411 54 357 336 447 499 285
201 202 203 204 205 387 141 461 96 336
201 202 203 204 205 79 292 272 260 192 295 166 319 367 202 68 40 221 336
338 74 292 294 196 91 394 202 256
1 2 3 4 5 6 7 8 9 10 101 102 103 104 105 106 107 108 109 110 111 112 113 114 115 201 202 203 204 205 254 383 82 21 84 297 79 194
1 2 3 4 5 6 7 8 9 10 141 355 414 198 194 182 59 221 463 250
61 221 373 65 123 92 494 472 118 97 281 396 156
201 202 203 204 205 57 433 360 291 200 45
1 2 3 4 5 6 7 8 9 10 371 319 191 425 35 259
246 277 102 205 52 71 368 371 443 364 233 390 117 480 337
1 2 3 4 5 6 7 8 9 10 420 306 489 421 75 423 11 275 7 340 201 429 2 134 261
101 102 103 104 105 106 107 108 109 110 111 112 113 114 115 494 240 8 332 466 341 338 238 182
201 202 203 204 205 403 479 289 341 358 455 355
257 481 60 257 263 266
1 2 3 4 5 6 7 8 9 10 293 134 17 90 313 252 442 215 10 33 151 199 183 458
164 339 75 29 224
201 202 203 204 205 379 149 325 139 305 71 118
66 18 373 492 36 479 202 224 354 102 212 361 437 374 379 356
228 152 33 95 171 62 440 296
226 108 494 291 474 435 325 395 483 425 452
101 102 103 104 105 106 107 108 109 110 111 112 113 114 115 453 33 462 260 468 273 294 192 125 43 492 18 288 272 31
201 202 203 204 205 65 477 408 192 439 179
14 308 209 305 192 338 335 360 250 232 498 65 366 187 152
25 425 307 26 372 132 294 252 156 414 390 450
405 138 170 185 335 421 355 480 249 14 416 14 41 39 250 76
270 67 432 56 229
201 202 203 204 205 85 312 444 479 351 478 136 307 240 342 409 178 20 219 124 283
294 252 274 473 460 458 483 36
201 202 203 204 205 351 52 378 156 121 184
201 202 203 204 205 208 144 159 215 382 255 497 312 161 217 456 228 266
201 202 203 204 205 432 1 186 450 66 356 298 452 4 406 415 357 121 405
101 102 103 104 105 106 107 108 109 110 111 112 113 114 115 496 405 412 34 376 369 254 342 307 284 169 439 172 191 368 20
263 52 359 242 116 7 84
201 202 203 204 205 283 403 315 380 498 479 66 257 372 345 240
201 202 203 204 205 106 328 294 97 235 489 58 381 161 339 313 419
132 456 155 486 13 436 28 25 392 325 283
201 202 203 204 205 144 452 363 232 199 200 42 75 43 66 407 482
272 138 202 221 186 292 101 220 489 117 494 480 83 368 369 356
62 163 113 179 347 270 231
1 2 3 4 5 6 7 8 9 10 174 376 349 478 164 165 170 45 182 398
446 10 425 38 384 253 368 260 264 367 257 95 305
201 202 203 204 205 54 420 347 337 188 457 116 69 391
21 490 384 95 399 356 289 244 402 387 272
101 102 103 104 105 106 107 108 109 110 111 112 113 114 115 169 88 494 456 374 99 137 446 363 359 36 350 368 129 51
201 141 169 216 475 53 86 145 201
201 202 203 204 205 352 471 381 386 136 38 19 467 180 46 372 437 300 291 408
19 324 211 88 123 372 179 296 468 298 115 480 215 259
1 2 3 4 5 6 7 8 9 10 201 202 203 204 205 73 419 46 471 207 220
201 202 203 204 205 468 450 394 206 85 283 42 80 443 45 230 396 61
349 418 194 172 100 85 411 377 411 133 76 425 136
1 2 3 4 5 6 7 8 9 10 201 202 203 204 205 156 371 71 439 309 426 316 11 450
335 347 83 434 371 251
481 93 337 154 439 278 320 461 332 105
1 2 3 4 5 6 7 8 9 10 192 146 439 111 235 197 220 335 83 319 44 430 35 425 336 482
349 105 230 89 361 430
101 102 103 104 105 106 107 108 109 110 111 112 113 114 115 173 184 212 340 17 26 142 371 445 214 264 319 98 262
201 202 203 204 205 74 146 154 385 34 106 131 10 496 106 388 158 69 471 343
218 234 60 85 84 262 321 75 173 30 338 370
101 102 103 104 105 106 107 108 109 110 111 112 113 114 115 201 202 203 204 205 201 135 32 243 19 115
13 386 122 496 425 21 348
357 478 15 439 416 1 32 119
1 2 3 4 5 6 7 8 9 10 128 65 142 317 464 422 79 121 284 54
1 2 3 4 5 6 7 8 9 10 101 102 103 104 105 106 107 108 109 110 111 112 113 114 115 201 202 203 204 205 256 167 387 151 8 471 381 262 448 233 372
1 2 3 4 5 6 7 8 9 10 434 457 33 354 131 355 278 458 267
410 465 243 369 356 308 239 110
488 402 199 381 75 37 255 432 269 185 315 36 7 481
99 325 103 59 120 209 18 470 488
101 102 103 104 105 106 107 108 109 110 111 112 113 114 115 201 202 203 204 205 420 319 471 56 267 323 396 404 359 115 319 5 478 150
151 183 142 53 302 400 1 306 290 293
1 2 3 4 5 6 7 8 9 10 201 202 203 204 205 341 451 115 487 342 340
201 202 203 204 205 498 343 443 459 251 499 219
51 41 343 479 315 343 134
416 346 82 377 12 82 172 264 396 152 395 29 77 83 18
423 332 94 44 389 325 154 385 447 320 385 237
248 210 32 357 471 322 275 297 32 413 130 159 434
225 401 484 195 340
146 458 149 133 367 252 382 300
201 202 203 204 205 248 477 374 128 343 351 87 1 321 235 489 226 346
34 78 482 94 474 449 322 133 354
214 129 50 422 249 300 303 497
147 59 491 333 419
1 2 3 4 5 6 7 8 9 10 354 64 120 351 418 207 271 64 260 327 214 347
234 258 197 57 42 223 371 499 324 312 107 238
492 473 413 54 468 93
372 439 403 436 384 43 254 388 228 285 281 109 61 213 413 51
286 16 60 157 140 319 374 254 328 219 71
399 309 426 168 188 393 491 443 163
306 390 415 212 117 174 450 208 465 396
401 328 363 15 469 336 348
42 412 65 62 481 10 14 245 299
430 109 481 71 230 163 87 346 330
447 340 25 386 288 403 334 428 355
116 330 410 480 256 227 36 353 375 346
1 2 3 4 5 6 7 8 9 10 116 11 99 417 207 287 430 385 369 16 352
101 102 103 104 105 106 107 108 109 110 111 112 113 114 115 201 202 203 204 205 473 3 63 488 41 65 6 247 114 264 299 312 303
1 2 3 4 5 6 7 8 9 10 201 202 203 204 205 417 208 167 212 349 309 433 129 335 419 291 158 200 373
479 399 176 334 228 137 473 269 55 198 97 131 408
87 468 45 341 253 35 277 48 126
1 2 3 4 5 6 7 8 9 10 201 202 203 204 205 116 484 164 141 149
201 202 203 204 205 41 293 365 41 79
1 2 3 4 5 6 7 8 9 10 101 102 103 104 105 106 107 108 109 110 111 112 113 114 115 434 189 104 271 99 325 420 437 372 131 289
101 102 103 104 105 106 107 108 109 110 111 112 113 114 115 201 202 203 204 205 379 108 401 291 179 374 124 266 459 117 302 191
209 172 470 177 142
201 202 203 204 205 218 17 203 113 12 423 52 403
23 180 278 361 116 371 24 152 237 289 55 345 102 302 383 287
201 202 203 204 205 111 53 117 453 141 281 49 171 19 72 281 255 305 356
64 295 476 439 56 464
1 2 3 4 5 6 7 8 9 10 190 24 209 154 202 325 89 144 473 449 41 57 173
88 339 243 368 294 11 369 243 240
201 202 203 204 205 314 446 265 417 350
201 202 203 204 205 483 472 320 77 255
191 8 468 429 150
201 202 203 204 205 38 290 286 280 435 451 292 254 346
71 41 247 4 29 205 439 168 253 461 149 196 319 225
201 202 203 204 205 370 315 243 76 425 196 197 303 169 128 351 419
109 471 469 81 210 115 392 43 138 417 480 372 49 182 325 329
133 380 44 281 229 233 14
201 202 203 204 205 466 22 208 273 453 290 314 344 298
101 102 103 104 105 106 107 108 109 110 111 112 113 114 115 470 471 232 218 459
91 383 12 178 287 267 492 131 34 208 151 243 231 81
195 439 191 305 325 314 133 93 83 7 274 277 306
133 385 286 433 453 337 262 77 188 453 344 183
387 380 348 256 368 92 14 415 222
228 477 159 9 248 127
362 388 368 84 381 168 218 147 482 357 413
345 171 181 227 155 97 132 405 92
310 84 272 255 255 183 214 272 180 174
201 202 203 204 205 343 75 422 8 210 384 262 251 189
1 2 3 4 5 6 7 8 9 10 227 325 298 1 2
201 202 203 204 205 79 354 330 331 419 416
201 202 203 204 205 109 264 185 141 481
160 310 130 172 152 360 147 36 97
201 202 203 204 205 283 420 484 7 423 310 298
1 2 3 4 5 6 7 8 9 10 127 418 445 173 117 69 457
201 202 203 204 205 239 413 497 189 43 226
201 202 203 204 205 263 162 112 50 60 177 71 484 387 384 325 380
201 202 203 204 205 431 490 276 41 349
36 222 493 112 135 44 64 295
141 92 328 492 361 443
1 2 3 4 5 6 7 8 9 10 363 418 134 454 497 170 362 125 82 404 289 217 373
201 202 203 204 205 374 495 332 165 436 468 23 420 222 15 253
176 44 257 387 177 28 471 174 306 335 384 329 196 1 307 145
201 202 203 204 205 108 291 32 374 238 342
201 202 203 204 205 276 385 224 165 188 402 42 102 477 313 191
454 95 472 437 191 143 263 55 230 53 108 316
406 120 475 407 347 474 27 446 177 391 347 277 120 353
255 356 149 462 375 426 403 474 237 136 24 260 238
1 2 3 4 5 6 7 8 9 10 201 96 15 363 378 308 445 169 36 83 311 129 387 75
1 2 3 4 5 6 7 8 9 10 448 276 445 52 68 325 152
1 2 3 4 5 6 7 8 9 10 96 144 158 182 425 80 88 46
276 235 105 169 348 425 214 384 181 14 284 284 245 330 380 173
201 202 203 204 205 227 275 236 122 41 25 108 462 418 103 190 25 271 461 277
396 2 347 162 139 480 204 467 456
73 329 438 324 257 417 46
239 303 188 90 192 222 43 69 47 479 479 454 458
110 438 492 29 54 373 270
442 322 146 124 329 277 356 315 288 422
251 496 361 374 378 282 423 34 4 168 133 225
371 240 102 21 495 497 33 469 106
101 102 103 104 105 106 107 108 109 110 111 112 113 114 115 201 202 203 204 205 69 14 124 75 128 172
201 202 203 204 205 132 488 316 51 203 457 70 250 356 105 325 145
201 202 203 204 205 482 282 417 446 340 385 133 10 288 406 443 15 320
201 202 203 204 205 373 397 195 451 424 449 49
301 317 358 423 450
201 202 203 204 205 103 478 417 376 160 455 333 154 423 108 417 240 463
101 102 103 104 105 106 107 108 109 110 111 112 113 114 115 201 202 203 204 205 254 110 417 27 240 348
101 102 103 104 105 106 107 108 109 110 111 112 113 114 115 246 380 348 359 280 267 340 31 360 422 378 200 148
387 362 84 40 335 444 134 248 364 223 76 144 405 319
89 83 322 492 184 139 479 79 438 195
201 202 203 204 205 400 15 482 457 181 495 346 50 68 220 256 366 500 305 481
201 202 203 204 205 396 375 252 416 462 464 219 169 39 219 107 375 85
101 102 103 104 105 106 107 108 109 110 111 112 113 114 115 315 91 292 483 483 480 239 402 99 274 162 43
374 286 439 48 116 420 39 403 361 6 114 376 491 353 47
1 2 3 4 5 6 7 8 9 10 13 386 357 138 206 307 154 244 182 176 57 290 177
319 16 321 481 244 385 454 406 305 383 419 359 428 263
1 2 3 4 5 6 7 8 9 10 466 310 411 93 19
201 202 203 204 205 498 52 477 133 136 286 446 40 315 295 423 150
330 13 50 92 434
201 202 203 204 205 91 63 155 166 228 50 359 78 383 471 4 458 181 182 414
1 2 3 4 5 6 7 8 9 10 101 102 103 104 105 106 107 108 109 110 111 112 113 114 115 205 385 150 444 304 16 379 122 227 455 23 488
471 316 221 8 72 368 437 443 135 282 456 216 108 267 32 86
169 429 454 11 303 320 270 375 300 117 457 470 189
101 102 103 104 105 106 107 108 109 110 111 112 113 114 115 388 93 360 492 232
355 90 388 418 138 253 116 165 61 267 375 440
201 202 203 204 205 401 357 153 437 236 233 57 138 334 97 252 440 495 492 245
201 202 203 204 205 175 193 478 282 340 273 410 74 287 233 405 199 325 328
36 148 375 352 160 313 365
235 23 165 489 487 421 179 264 99 168
201 202 203 204 205 136 112 182 94 98 219 343 481 5 126 267 442
201 202 203 204 205 308 480 420 241 266 469 350 46 46 232 446 364
1 2 3 4 5 6 7 8 9 10 273 199 96 255 39 331 315 476 380 263 168 331 80 71 144
288 441 166 93 473 124 29 170
1 2 3 4 5 6 7 8 9 10 102 447 18 12 310 414 151 163 489 451
201 202 203 204 205 322 188 431 231 73 491 240 230
1 2 3 4 5 6 7 8 9 10 21 399 230 429 71
1 2 3 4 5 6 7 8 9 10 432 257 78 354 455 280 16 137 8 446
347 196 397 57 76 336 28 37 209 196 366 72 483
1 2 3 4 5 6 7 8 9 10 201 202 203 204 205 19 403 486 160 125 16 377 152 454
201 202 203 204 205 305 347 467 259 111 371 144 342 87 106 171 197 225
201 202 203 204 205 110 86 235 129 115 412 159
101 102 103 104 105 106 107 108 109 110 111 112 113 114 115 201 202 203 204 205 298 289 496 326 311 296 237 115 268 86 78 37 11
201 202 203 204 205 104 450 379 185 124 490 345 231 118 442
451 240 269 126 422 59 270 227 280 80 86 493 249 383 2 247
386 249 439 416 226 463 109
1 2 3 4 5 6 7 8 9 10 472 135 104 304 312 154 337 291 158 325 459 123 378 183 139 32
1 2 3 4 5 6 7 8 9 10 219 61 344 337 366 316 443
1 2 3 4 5 6 7 8 9 10 201 202 203 204 205 200 102 321 56 233 382 153 266 453 345 22
201 202 203 204 205 235 125 459 213 128 167 460 274 296 231
1 2 3 4 5 6 7 8 9 10 201 202 203 204 205 24 138 241 419 408 258
201 202 203 204 205 328 482 210 264 187 23 61 191 304 267 446
101 102 103 104 105 106 107 108 109 110 111 112 113 114 115 201 202 203 204 205 180 83 106 180 318 28 112 448 26 126 163 192
1 2 3 4 5 6 7 8 9 10 201 202 203 204 205 253 397 147 250 198 211 195 315
481 468 132 11 96 460 144 105 49 81 3 94 360
201 202 203 204 205 298 116 280 203 432 248 84 421 175 135 59 72 5 246 250
201 202 203 204 205 449 251 230 262 345 34 479 90 351 190 466 144 383 295 450
178 400 142 497 432 41 226 11 169 16 165 65 42 88
386 232 15 272 312 405 192 126 2
201 202 203 204 205 339 181 59 197 35
460 115 63 472 81 383 416 62 346 378 284 334 398
407 206 225 32 275 367
134 140 71 161 277 85 32 411 18 163
211 479 429 195 65 165 399 300 399 79 420 107 499
319 127 279 189 339 135 156 304
101 102 103 104 105 106 107 108 109 110 111 112 113 114 115 398 402 268 13 196 281 433 70 68 87 64 9 213 161 74
201 202 203 204 205 460 435 316 491 71 4 4 239 494 101 62 207 161 380
201 202 203 204 205 265 417 53 286 149 163 185 301 109 101 251 377
134 493 251 390 354 424 343 57 61 465 477 196 230 310
1 2 3 4 5 6 7 8 9 10 45 222 13 396 256 286 152
198 223 164 289 148 209 105 218 120 190 9
499 235 196 143 269 90
245 211 206 233 302 472 160 386 110 321 113 301
1 2 3 4 5 6 7 8 9 10 101 102 103 104 105 106 107 108 109 110 111 112 113 114 115 299 286 491 147 393 375
201 202 203 204 205 5 463 73 20 27 223 409 270 383
101 102 103 104 105 106 107 108 109 110 111 112 113 114 115 493 264 202 258 192 169 154 143 260 283 225 470 395 236 498 247
201 202 203 204 205 498 13 428 213 293
201 202 203 204 205 114 351 469 166 439
408 361 351 186 401 117 212 127 311 444 377 228 410 135
201 202 203 204 205 201 284 164 246 470 29 198 105 147 203 5 475 131
201 202 203 204 205 342 298 410 80 41 366 46 125 197 358
201 202 203 204 205 411 248 275 183 135 23 151 416 314 61 199 199 430 163 254 266
70 187 274 68 487 66 326 272 488 64 238 436 50 61 44 106
242 71 99 484 487 401 449 338 14 239 51
101 102 103 104 105 106 107 108 109 110 111 112 113 114 115 195 252 184 123 30 412 214
1 2 3 4 5 6 7 8 9 10 220 231 296 243 455 129 43 402 300 205
101 102 103 104 105 106 107 108 109 110 111 112 113 114 115 228 458 359 284 124 458 419 221 222 111 393 227 13
13 254 350 266 155 280 233 31 498 369 192 123 453 193 61
201 202 203 204 205 193 216 127 277 235 398 372 464 7 166
201 202 203 204 205 447 277 472 459 84 467 83 479 154 159
201 202 203 204 205 233 171 19 121 157 107 2 139 224 210 394 415 390
39 402 33 424 450 408 51 95 460 377 393 411 452 268 393 204
1 2 3 4 5 6 7 8 9 10 101 102 103 104 105 106 107 108 109 110 111 112 113 114 115 13 441 359 449 475 442 354 254 333 386 212 257 46 72 163 364
114 55 330 413 286 189 405 93 351 496 94 369 143 239 218
201 202 203 204 205 495 487 311 237 21 47 204 330
35 437 338 311 127 274 316 301 69 35
1 2 3 4 5 6 7 8 9 10 172 215 199 70 90 297 77 246
1 2 3 4 5 6 7 8 9 10 101 102 103 104 105 106 107 108 109 110 111 112 113 114 115 201 202 203 204 205 55 34 351 306 116 341 31 172 189 43 210 460 484 414 238 134
101 102 103 104 105 106 107 108 109 110 111 112 113 114 115 89 202 116 389 430
164 181 471 24 339 347 204 166 218 227 92 409 165 70
201 202 203 204 205 132 237 33 381 66 165 159 381 92
201 202 203 204 205 271 454 162 69 487 62 407 29 215 193 267
201 202 203 204 205 236 137 308 346 72 88 95 318 427 425 210
201 202 203 204 205 64 83 438 100 297 117 349 50 17 355 100 306 299 102 438
1 2 3 4 5 6 7 8 9 10 481 261 490 338 242 375
373 431 45 417 470 438 350 190 192 357 90 162 28 251 98
448 95 104 130 38
101 102 103 104 105 106 107 108 109 110 111 112 113 114 115 201 202 203 204 205 143 251 43 323 366 269 214 108 434 140 197 345 18 292
1 2 3 4 5 6 7 8 9 10 201 202 203 204 205 8 178 455 37 437 276 308 195 344 93 344 154 200 105 442
101 102 103 104 105 106 107 108 109 110 111 112 113 114 115 352 66 183 424 15 88 62 223 5 144 237 37
131 35 465 168 156 449 18
126 338 465 292 471 251 201 236 195 100
340 94 441 44 370
1 2 3 4 5 6 7 8 9 10 101 102 103 104 105 106 107 108 109 110 111 112 113 114 115 495 265 238 163 104
201 202 203 204 205 253 331 439 181 423 235 196 385 28 414 189 429 124 167
1 2 3 4 5 6 7 8 9 10 426 437 476 264 278
341 17 337 72 414 7 72 500 337 207 227 122 447
1 2 3 4 5 6 7 8 9 10 145 499 8 483 69 406 385 436 13 420 271 146
444 246 367 352 430 459 50 446
296 178 328 397 72 186
201 202 203 204 205 413 179 383 427 162 330 47 182 442 328 293 5 86 189 448
36 291 122 86 336 288 211 434 187
324 466 358 208 113 108 211
203 367 449 253 121 102 26 355 90 334
136 254 299 32 372 317 54 37 394 258 56
1 2 3 4 5 6 7 8 9 10 101 102 103 104 105 106 107 108 109 110 111 112 113 114 115 328 183 417 355 33 204 255 39
385 309 307 65 467 98 86 425 300 71 327 185
201 202 203 204 205 184 458 213 419 279 85 266 101 144 310 288 277 194
101 102 103 104 105 106 107 108 109 110 111 112 113 114 115 108 494 324 7 26 28
201 202 203 204 205 375 390 388 135 419
201 202 203 204 205 222 186 143 454 405 363 285
1 2 3 4 5 6 7 8 9 10 377 319 160 395 56 484 149 181 457 110 423 427 257 38
1 2 3 4 5 6 7 8 9 10 175 481 9 85 44 162 133 70 442 461 42 168 246 259 332 155
201 202 203 204 205 369 48 63 241 175 112 66 443
201 202 203 204 205 278 261 180 437 32 36 19 49 141 221
201 202 203 204 205 92 342 3 34 449 205 439 478 391 342 254 41 343
8 185 343 273 29 286 348 483 193 467 281 458 394 266
101 102 103 104 105 106 107 108 109 110 111 112 113 114 115 80 313 242 339 175 417 127 500 14
169 77 201 471 143 225 478 271 410 486
1 2 3 4 5 6 7 8 9 10 201 202 203 204 205 262 346 244 46 13 308 51 451 121 462 246 166
434 218 373 177 358 113 46 153 192 161 367 332 239 456
201 202 203 204 205 229 363 369 146 454 228
1 2 3 4 5 6 7 8 9 10 233 330 489 308 257 323 185 141 192 380 235 201 396 10
120 443 257 347 222 479 419 425 459 494 399
201 202 203 204 205 18 184 485 44 129 226 159 179
1 2 3 4 5 6 7 8 9 10 205 300 80 335 45 413
170 53 293 337 95 299 305 343 433 54 266 397 460 142 432 239
1 2 3 4 5 6 7 8 9 10 15 166 463 457 270 31
201 202 203 204 205 406 370 461 269 88 33 101 244 139 414 244 11 373 367 125 25
201 202 203 204 205 168 331 496 364 215 495 385 455 482 282 172 368
1 2 3 4 5 6 7 8 9 10 208 362 487 216 224 167 97 487 108 283 121 287 355
201 202 203 204 205 446 409 115 207 37 57
491 407 72 83 442 34 388 397 314 428 82 415
201 202 203 204 205 202 367 156 374 412 297 246 182 361 124
308 65 367 187 28 119 36 345 308
201 202 203 204 205 286 31 260 431 182 216 476 219 336 396 107 164 379 416 353 455
97 30 184 368 498 463 170 438 146 255 303 449 482 304
201 202 203 204 205 282 286 422 176 38 127 133 150 236 283
201 202 203 204 205 463 169 325 48 224 415 165 144
201 202 203 204 205 343 19 184 356 264 484 229
195 23 225 310 194 446 247 11 117 467
12 354 145 100 372 281 305 366 362 313 102 30 278 384
17 161 283 139 100 136 76 19 325
101 102 103 104 105 106 107 108 109 110 111 112 113 114 115 201 202 203 204 205 63 118 72 258 275 107 282 48 93 347 410 327 42 412
357 225 207 314 434 343 343 28 235 229 198
1 2 3 4 5 6 7 8 9 10 201 202 203 204 205 33 172 1 274 40 438 114 66 187 22
248 173 208 455 149 70 411 13 238 168 359 242 449
201 202 203 204 205 225 477 378 166 250 200
201 202 203 204 205 447 180 130 356 254 129 34 1 130 272 156
101 102 103 104 105 106 107 108 109 110 111 112 113 114 115 464 377 36 157 320 341 269 76 438
1 2 3 4 5 6 7 8 9 10 201 202 203 204 205 161 414 48 109 207 328 289 162 272 383 419 479 47
282 180 49 400 458
201 202 203 204 205 389 487 290 355 254 256 381 479 344 62 378 3 2 340 419 433
201 202 203 204 205 434 123 419 163 280 261 223 268 222 418 469 235 46 246 377 340
201 202 203 204 205 58 498 478 69 361 446 198
201 202 203 204 205 211 297 460 432 499 474 223
336 219 446 129 237 166 354 156 341 217 461 201 85
199 37 319 9 39 269
1 2 3 4 5 6 7 8 9 10 489 251 49 155 91 387 268 9 186 231 326 162 17 8 398 169
437 315 407 222 189 421 465 432 235 165 203
101 102 103 104 105 106 107 108 109 110 111 112 113 114 115 435 14 207 209 415 355
159 185 302 416 450 417 105 43 296 115 315 400 159 139 276 178
201 202 203 204 205 98 389 105 217 476 178 456 386 273 338 280 280 296
201 202 203 204 205 406 317 236 459 123 275 108 138
101 102 103 104 105 106 107 108 109 110 111 112 113 114 115 480 170 155 267 168 265
101 102 103 104 105 106 107 108 109 110 111 112 113 114 115 201 202 203 204 205 165 56 54 257 39 496 419 284 403 482 261 399 214
31 185 100 126 220 292 66 408 271
201 202 203 204 205 182 112 417 409 447 370 56 459
252 391 419 29 109 292 110 498 417 276 266 301 347 342 116 444
132 219 486 39 34 23 402 184 382 379
201 202 203 204 205 180 105 107 450 445 434 217 365 93 89
201 202 203 204 205 125 287 250 350 219 293 112 23 487 281 363 248 314 402 52 142
201 202 203 204 205 57 23 177 80 91 497 125 319 192 146
312 330 470 327 91 417 468 19
59 306 98 402 271 460 284 323 109 4
201 202 203 204 205 62 90 486 119 374 331 486 127 426 171 119 73
201 202 203 204 205 312 136 372 278 475 83 348 26 231 210 279 469 388 267 292 488
201 202 203 204 205 210 12 257 201 39 351
1 2 3 4 5 6 7 8 9 10 152 312 54 486 357 386 15 127 389 365 318
201 202 203 204 205 464 482 478 137 82 213 265 265 452 131 31 319 166 42
119 23 274 148 122 379 20 442 140 142 453 272
39 198 117 447 79 439 202 321 478 349 264
290 296 495 91 210 65 154 276
9 216 211 19 233 211 378 70 308 313
1 2 3 4 5 6 7 8 9 10 110 449 204 84 167 254 95 468 117 182
1 2 3 4 5 6 7 8 9 10 80 466 284 442 258 72 290 265 301 33 312 172 251 127
201 202 203 204 205 140 13 101 268 145 309 309 435 393 389 20 423 199 222
472 402 198 167 307 343 469 103 474
201 202 203 204 205 31 19 237 311 214 325 168 13 301 152
165 33 14 415 327 459 101 224 161 119 50 60 67 379 406 87
492 73 249 127 100 59
495 217 233 34 485 305 296 127 282
1 2 3 4 5 6 7 8 9 10 201 202 203 204 205 425 497 488 415 39 75 254 15 477
203 299 352 269 467 70 397 382 292 131 189 451 477
201 202 203 204 205 429 378 133 247 403 95
1 2 3 4 5 6 7 8 9 10 201 202 203 204 205 425 123 65 165 329 399 112 141 383 423 322 67 373 205
230 142 81 257 379 270 192 23 126 356 156 487 341
101 102 103 104 105 106 107 108 109 110 111 112 113 114 115 401 219 378 304 229 184 260 133 172 276 392 376 26 62
1 2 3 4 5 6 7 8 9 10 204 422 45 93 384 227 232 90 66 318 87 370 223 153 495 46
201 202 203 204 205 123 314 141 279 485 64 496
1 2 3 4 5 6 7 8 9 10 201 202 203 204 205 401 387 104 134 500 106 63 359 308 51 348 120
255 67 134 138 60 55 7 341 465 33 13
201 202 203 204 205 318 111 490 460 258 430 22 78 23 381 23 261 466
336 263 227 338 360 224 323 77 123
201 202 203 204 205 428 51 329 143 446 409 224
1 2 3 4 5 6 7 8 9 10 257 85 394 480 234 329 117 44 260 312 335 317 335 174
229 238 20 87 333 94 80 61 17 26
236 461 207 324 113 493 275 237 493 328 388 51
448 25 361 226 286
1 2 3 4 5 6 7 8 9 10 249 194 26 457 411 470 387 96 31 213 324 320 13 458 283
199 210 279 100 460 445 318
201 202 203 204 205 461 283 41 365 384
378 23 10 368 163 55 38 188 375
101 102 103 104 105 106 107 108 109 110 111 112 113 114 115 407 311 191 15 319 266 470 306
198 263 18 35 48 166 175 412
1 2 3 4 5 6 7 8 9 10 373 431 454 160 424 488 400 88 310 353 306
329 222 369 7 3 298 210 190 287 495 203 48 418 6 448 179
50 229 149 320 167
431 110 184 237 114 224 273 3 131 291 413 362 122 323 257 270
101 102 103 104 105 106 107 108 109 110 111 112 113 114 115 286 179 163 310 35 492 399
154 372 402 224 148 157
126 474 47 415 174 58 367
1 2 3 4 5 6 7 8 9 10 201 202 203 204 205 478 23 38 232 113 454 441 387 110
201 202 203 204 205 97 76 265 367 429 45 252 148 179 414 154
118 134 278 418 416 8 42
1 2 3 4 5 6 7 8 9 10 37 330 12 477 31 52 497 90 225 252 419 335 12 274
128 487 342 15 403
201 202 203 204 205 5 135 69 150 413 397 167 49 90
1 2 3 4 5 6 7 8 9 10 201 202 203 204 205 27 372 442 124 70 191 27 130 401 329 207 359
1 2 3 4 5 6 7 8 9 10 101 102 103 104 105 106 107 108 109 110 111 112 113 114 115 354 491 244 77 200 16 68 195 496 17 73 87
216 196 106 130 178 284 182
201 202 203 204 205 466 430 109 448 338 133 147 331 139 24 218 341 419 285
1 2 3 4 5 6 7 8 9 10 317 400 458 490 379 315 369 43 10
315 346 132 481 421 405
201 202 203 204 205 244 201 68 435 189 396
201 202 203 204 205 39 30 293 189 201 310 369 452 226 155 485 150 19 5 73 275
1 2 3 4 5 6 7 8 9 10 101 102 103 104 105 106 107 108 109 110 111 112 113 114 115 201 202 203 204 205 401 203 110 232 305 144 287 390 498
101 102 103 104 105 106 107 108 109 110 111 112 113 114 115 201 202 203 204 205 463 71 382 396 241 13 246 470 147 187 47 110 55 273 495
101 102 103 104 105 106 107 108 109 110 111 112 113 114 115 391 114 234 259 275 69 355 269 222 63 366 82 86 269 367
201 202 203 204 205 425 169 334 216 277 85 334 381 366 86 409 489 400 278
201 202 203 204 205 68 194 249 348 94 299 387 486
201 202 203 204 205 268 369 247 314 484 431 25 346
199 418 204 230 133 105
201 202 203 204 205 450 410 169 43 190 493 322 427 344 298 324 417
201 202 203 204 205 289 466 337 423 222
67 101 185 154 323 23 147
201 202 203 204 205 327 328 105 279 98 116
1 2 3 4 5 6 7 8 9 10 201 202 203 204 205 67 357 59 473 7 401 415 259
1 2 3 4 5 6 7 8 9 10 201 202 203 204 205 138 422 454 377 86
1 2 3 4 5 6 7 8 9 10 457 166 387 422 361 123 304 98 197 488 327 57 399
201 202 203 204 205 294 391 272 3 200 296 421 205 6 382 196
423 472 94 339 110 256 484 151 42 99 111
441 120 36 463 372 178 272 76 358 25 407 196 281 357 498 178
1 2 3 4 5 6 7 8 9 10 201 202 203 204 205 500 156 231 397 362
307 424 79 97 380 471 151 321 157 184 493 329 102 51 468 117
6 269 216 79 490 114 419 122 339 438 314 162 401 103
101 102 103 104 105 106 107 108 109 110 111 112 113 114 115 123 423 125 40 434 233 77 288 130 155 159 482 109
194 381 188 207 496 399 462 92 391 309 411 216 273 475 477
1 2 3 4 5 6 7 8 9 10 53 427 218 413 434 419 237 487 495 332 151 211 414 113
325 298 116 162 320 204 188 133 430 380 66 64
1 2 3 4 5 6 7 8 9 10 268 22 484 263 350 382 448 96 354 400 489 406 200 65 64
116 21 138 72 476 32 208 386 320 342 9 233 377 443
462 76 436 165 94 91 395 140 388
101 102 103 104 105 106 107 108 109 110 111 112 113 114 115 418 388 481 394 94 135 378 391 326 308 348 217 207 40
201 202 203 204 205 375 395 271 228 75 259 474 373 273 131 213 338 493 431
201 202 203 204 205 452 69 91 356 117 461
201 202 203 204 205 114 386 382 273 415 397 345 440
442 348 309 492 28 335 219 301 371 40 148 264 19 331 373
101 102 103 104 105 106 107 108 109 110 111 112 113 114 115 201 202 203 204 205 139 21 92 20 192 322 136 406 447 378 491 455
185 130 400 289 42
201 202 203 204 205 191 244 324 42 418 136
44 41 279 137 174 146 443 486 298 290
48 177 125 385 331 15 478
1 2 3 4 5 6 7 8 9 10 57 289 312 38 445 337 348 433 52 30 159 132
271 120 333 326 286 269 483 342
101 102 103 104 105 106 107 108 109 110 111 112 113 114 115 201 202 203 204 205 425 469 193 311 41 393 176 424 180 181 314
242 90 435 392 254 40 314 307 458 352
201 202 203 204 205 249 115 135 270 152 281 162 53
398 185 218 27 389 126 195 80 158 377
1 2 3 4 5 6 7 8 9 10 394 199 125 230 239 439 345 79 370 78 169 319 178
201 202 203 204 205 8 405 256 298 47 295 259 126 130 304 141
96 391 222 88 323 13 164 360 96 211
282 439 340 209 193 299 479 153 33 314 277 359 114 348 185 52
388 34 52 54 218 486 385 3 475 21 100 311 388 84
201 202 203 204 205 343 126 104 62 254 172 419 184 475 395
201 202 203 204 205 79 296 43 149 166 493 361 363 263 442 479 222 145 212
1 2 3 4 5 6 7 8 9 10 116 438 6 290 422 185 456 119 313
201 202 203 204 205 308 120 238 13 239 256 382 52 30 2 244 206 246 259
245 127 417 123 73 50 349 288 468 47 237 260 53 23 439
201 202 203 204 205 221 488 333 409 497 333 117 39
464 212 32 186 174 500 116 261 28 215 445 299 6 58 409 148
476 334 26 216 168 132 396 284 201 50 415
201 202 203 204 205 374 387 64 489 245 427 180 207 434 460 110 196 283 271 471
338 83 265 426 102 386 293 27 450 232 121 428 376 180 319
279 228 82 367 94 40 484 278 238 125 458 422 140
201 202 203 204 205 497 329 153 427 449
257 393 285 124 143 331 349 86 494 122 20 497 462 314 401
26 15 475 187 16 196 409 458 430 370 319 229 176 157
201 202 203 204 205 148 356 96 130 370 178 151 238 255 97
1 2 3 4 5 6 7 8 9 10 201 202 203 204 205 406 200 311 291 86 221 474 92 439 170
201 202 203 204 205 325 250 311 200 353 290 9 196 310 206 434 332 362 181 260 429
419 93 453 5 155 401 393 448 195 431
175 306 105 342 47 130 358 362 350
104 6 217 464 491 218 273 167 211 81 190 165 127 335 44 22
201 202 203 204 205 472 341 277 380 401 287 261 179 100
1 2 3 4 5 6 7 8 9 10 2 412 141 239 236 483 442 469 215 178 321
283 333 177 435 194 172 9
1 2 3 4 5 6 7 8 9 10 204 411 207 13 128 16 49 424 309 272 94 176
1 2 3 4 5 6 7 8 9 10 50 46 51 122 130 101 226 79 408 19 206 428 447
201 202 203 204 205 151 464 317 114 175 194 310 144 372 339 407 262 344 360 103
1 2 3 4 5 6 7 8 9 10 354 97 346 382 323 272 8 425 176 402 484 74
19 394 174 245 446 451 148 124 225 376
421 201 461 395 424 334 198 376 86 316 313 403 215 186 79 217
1 2 3 4 5 6 7 8 9 10 201 202 203 204 205 348 461 387 319 96 383 239 437 76 400 427
273 384 396 415 200
430 297 480 450 451 372 166 250 188 370 47 238 275
1 2 3 4 5 6 7 8 9 10 236 212 121 457 110 67 305 202
1 2 3 4 5 6 7 8 9 10 381 131 488 198 447 87 105 137 41 92 465
1 2 3 4 5 6 7 8 9 10 390 332 271 61 129 291 66 376 247 460 52 191 111
162 28 36 414 173 102 298
232 191 268 339 461 301 361 60 430 17
201 202 203 204 205 26 137 7 96 341 239 454 198 325 208
206 392 274 261 120
1 2 3 4 5 6 7 8 9 10 173 239 19 331 342 320 207 80 85 322 265
1 2 3 4 5 6 7 8 9 10 464 224 242 245 399 245 240 197 277 294
1 2 3 4 5 6 7 8 9 10 284 391 348 323 61 172
201 202 203 204 205 82 376 188 28 169 369 475 213 418 60 51
1 2 3 4 5 6 7 8 9 10 201 202 203 204 205 307 93 488 4 277 163
1 2 3 4 5 6 7 8 9 10 101 102 103 104 105 106 107 108 109 110 111 112 113 114 115 328 415 245 320 2 319 93 326 159 8 73 492 394
72 121 426 438 273 122 34 214 164 425 326 169 196 446 293
1 2 3 4 5 6 7 8 9 10 361 497 452 251 2 30 105 286 84 268 353 329 263 405 453
9 477 258 247 100 251 105 251 157 267 154 425 386 215 361
224 349 131 477 407 57 462 97 204 310
201 202 203 204 205 335 454 489 276 189 456 339 368 82 184 40 482 336 453
206 439 207 73 437 277 55 166 121 94 428 340
201 202 203 204 205 180 390 441 351 420 2 487 233
124 292 117 64 202 304 277 263 370 44
201 202 203 204 205 11 422 241 119 229 56 367 387 414 140 480 284 210
201 202 203 204 205 333 366 467 393 265 161 471 483 189 227 51 175 87 428 21 149
73 32 250 236 324 127 233 279 128 165 260 231
1 2 3 4 5 6 7 8 9 10 461 262 345 323 186 455 453 211 3 258 329 207 415
1 2 3 4 5 6 7 8 9 10 368 200 392 251 299
1 2 3 4 5 6 7 8 9 10 2 421 236 180 69 450 183 379 196 260 142
1 2 3 4 5 6 7 8 9 10 34 462 95 144 346 82 135 311 87 72 180 73 154 438 417
265 59 481 94 58 414
243 132 320 397 15 279 11 227 163 306 214 76 202 414 214
1 2 3 4 5 6 7 8 9 10 201 202 203 204 205 117 170 18 287 476 461 171 88 367 80 461 314 151 180 246 208
101 102 103 104 105 106 107 108 109 110 111 112 113 114 115 186 137 462 251 348 163 93
201 202 203 204 205 365 257 413 178 298 335 232 76 251 240 187
101 102 103 104 105 106 107 108 109 110 111 112 113 114 115 59 208 243 191 444 431 490 37 186 471 147 15
179 342 230 4 324 366 463 307 305 180 207 356
101 102 103 104 105 106 107 108 109 110 111 112 113 114 115 201 202 203 204 205 61 364 193 177 253 248 461 67 382 104 428 217 323 83 351
201 202 203 204 205 204 410 359 413 4 31 476 172 193 207 148 388 486 142 224
201 202 203 204 205 408 33 339 419 388 189 381
101 102 103 104 105 106 107 108 109 110 111 112 113 114 115 292 461 244 7 373 168 243 396 89 409 95 147 333 386
1 2 3 4 5 6 7 8 9 10 201 202 203 204 205 4 53 206 130 262 439 413 159 72 233 448 285 68 197 209
1 2 3 4 5 6 7 8 9 10 282 415 26 448 472 316 40 113 312 137 169 392 75 132 396
201 202 203 204 205 444 385 77 466 286 346 12 446 26 95 426 363
101 102 103 104 105 106 107 108 109 110 111 112 113 114 115 201 202 203 204 205 137 106 255 478 332 190 190 49 72 88 424 114
1 2 3 4 5 6 7 8 9 10 201 202 203 204 205 257 49 317 328 296
201 202 203 204 205 191 187 70 244 445 51 262 404 166 369 454
339 349 429 295 265 252 15 310 240 220 259 27 25 27
201 202 203 204 205 193 435 177 180 3 132 353 177
201 202 203 204 205 39 38 351 275 210 80 56 49 301 48 289 129
1 2 3 4 5 6 7 8 9 10 374 107 172 313 131 336 72
201 202 203 204 205 367 368 17 11 141 154 3 71
347 329 321 64 497 202 37 351
201 202 203 204 205 251 282 73 251 78
357 340 402 81 85 327 250 258 69 442 57 266
201 202 203 204 205 31 84 496 458 498 213 265 430 229 216 155 45
201 202 203 204 205 301 125 144 141 395 473 334 102 240 448 151
201 202 203 204 205 102 395 368 12 301 82 455 354 86 257 243
1 2 3 4 5 6 7 8 9 10 496 157 175 62 449 13 145 334 193 91 119 477 418 358 71
201 202 203 204 205 41 351 71 143 31 186 326 445 400 3
442 156 45 381 149 494 424 405 272 34 313
490 45 278 483 214 82 147 326 18
1 2 3 4 5 6 7 8 9 10 234 311 226 199 333 298
201 202 203 204 205 405 288 210 250 201 438
1 2 3 4 5 6 7 8 9 10 471 1 231 223 292 174 159
482 248 194 33 198 55 200 78 317 271 290 472 139
1 2 3 4 5 6 7 8 9 10 430 191 102 497 331 39 60 79
1 2 3 4 5 6 7 8 9 10 495 396 113 111 464 373 61
201 202 203 204 205 173 457 458 113 478 449 95 409 270 371 129 381 390
55 331 87 195 241 42 319 477 437 495
201 202 203 204 205 316 309 19 297 368 10
201 202 203 204 205 151 472 192 360 116
1 2 3 4 5 6 7 8 9 10 84 110 51 5 288 205 80 69 277 249 457 261 314 185 255 209
373 451 218 332 20 20
112 65 129 311 383
269 209 73 211 378 330 231 429 99 301 301 268 196 187 222 363
101 102 103 104 105 106 107 108 109 110 111 112 113 114 115 87 2 147 336 405 386 319 375 46 174 110 217 160 63 330
417 136 166 439 319 282
265 383 339 33 3 25 135 257 382 5 183 240 302 457 486
423 467 66 232 393 246 247 470 269 132 387 353 93 370
121 457 57 337 305 19 106
90 251 498 484 397 192 86 70 102 145
201 202 203 204 205 437 257 176 366 249 144 398 290
467 101 470 177 305 466 76 184 264 183 126 366 143 486 294
296 286 3 16 131 307 286 319 436 425 464 98 340 86 485
201 202 203 204 205 400 234 288 50 306 466 239 390 61 420 222 310
201 202 203 204 205 293 291 431 235 135 492 243 291 103 231
67 451 32 271 102 134 339 231 214 382 159 153 72 384
1 2 3 4 5 6 7 8 9 10 201 202 203 204 205 235 351 237 306 133 89 189
1 2 3 4 5 6 7 8 9 10 195 23 273 229 443 458 21 134 138 279
201 202 203 204 205 132 459 331 437 372 455 437 379 324
485 252 77 126 97 461 305 295 148 334
101 102 103 104 105 106 107 108 109 110 111 112 113 114 115 201 202 203 204 205 302 325 97 493 54 325 53 494 131 229 163 98 172 169 30 412
201 202 203 204 205 169 60 301 343 243 217
1 2 3 4 5 6 7 8 9 10 201 202 203 204 205 15 81 7 293 205 156 499 348 304
201 202 203 204 205 328 299 466 202 304 365 370 275 495
151 10 130 324 430 67 421 169 199 99
206 494 55 64 412 495 435 76 468 146
201 202 203 204 205 303 161 499 362 378
1 2 3 4 5 6 7 8 9 10 321 480 11 128 334
85 99 178 195 111 13 441 9 67
14 417 284 15 239 462 489 359 205 479 92 74
201 202 203 204 205 406 169 147 159 173 25
201 202 203 204 205 371 93 85 3 209 111 379 307 394 378 484 111
201 202 203 204 205 199 457 484 156 44 429
488 296 393 325 101
78 214 161 431 364 415 149
1 2 3 4 5 6 7 8 9 10 232 386 490 231 398 233 482 8 377 169 357 259
201 202 203 204 205 355 427 471 266 112 252 456 434 155 269 325 340 192 65 1 350
201 202 203 204 205 339 53 22 53 326 303 322 109 215 461 61 195 299 174
64 462 363 365 353 31 96 106 69 469 90 415 36 211 207 395
1 2 3 4 5 6 7 8 9 10 497 239 368 198 359 428 57 11 451 58 334 442 440 289 310
201 202 203 204 205 245 332 493 296 3 59 102 29 435 209 245 395 40 445 453 165
217 422 253 406 291 270 494 261 331 49 81 56 263 434 81 187
1 2 3 4 5 6 7 8 9 10 350 44 267 359 491 84 395 223 273 118 183 70 25 53
99 424 121 196 336
48 465 183 123 310 392 253
1 2 3 4 5 6 7 8 9 10 101 102 103 104 105 106 107 108 109 110 111 112 113 114 115 201 202 203 204 205 365 442 407 154 414 208 290 124 101 164 36 5 483 411
201 202 203 204 205 422 448 146 407 149 103 360 1 11 258 404 10
201 202 203 204 205 354 309 18 373 40
101 102 103 104 105 106 107 108 109 110 111 112 113 114 115 226 93 457 92 425 78 171 254 304 33 491 448
1 2 3 4 5 6 7 8 9 10 201 202 203 204 205 49 91 117 491 262 444
7 232 130 113 88 486 445 307 271 217 187
370 381 255 64 80 250 266
201 202 203 204 205 334 474 318 405 429 433 427 94 230 22 210 295 192 223 241 77
1 2 3 4 5 6 7 8 9 10 201 202 203 204 205 313 491 29 93 173 170 464
1 2 3 4 5 6 7 8 9 10 233 472 44 115 173 42 360 325 405 457 285 63 379 253
201 202 203 204 205 5 3 448 415 373 167 19 77 183 413 83 81 246 472 401 264
384 40 145 21 314 47 200 427 65 207
274 131 85 94 207 226 174 425
201 202 203 204 205 165 127 215 352 270 5 385 65 375 353
166 175 390 167 310 211 444 211 65 95 325 40 295 76
201 202 203 204 205 84 423 360 280 492 327 270 192 466 466 57 222
101 102 103 104 105 106 107 108 109 110 111 112 113 114 115 143 208 81 229 390 178 334 373 336 365 1 361 239 123 443 193
21 481 345 88 303 190 304 234 176 388 5 12 125 146 443 453
201 202 203 204 205 412 423 342 413 398 162 438 198 264 431 30 329 132
201 202 203 204 205 235 4 312 396 187 67 424 281 435 181 461 21 97
201 202 203 204 205 500 432 300 79 105 338 122 346 500 291 366 169 417 398 156 136
1 2 3 4 5 6 7 8 9 10 201 202 203 204 205 32 439 386 427 307 290 397 74 431 47 97 242 476 165 272
101 102 103 104 105 106 107 108 109 110 111 112 113 114 115 207 365 377 297 376 202 275 309 249 311
290 237 300 1 296 405 161 104 392 390 172 251 265 419 87 171
408 369 462 453 410 400
1 2 3 4 5 6 7 8 9 10 122 355 489 460 279
101 102 103 104 105 106 107 108 109 110 111 112 113 114 115 201 202 203 204 205 86 207 192 447 451 384 40 363 422 338 142 200
1 2 3 4 5 6 7 8 9 10 201 202 203 204 205 452 495 359 251 197 408 287 186 61 471 402 397
97 324 291 385 305 373 87 420 44 157 421 240 464 308
93 433 260 104 154 490 45 169 288 477
1 2 3 4 5 6 7 8 9 10 201 202 203 204 205 480 294 160 332 289 381 437 74
49 41 458 140 422 314 455 15 44 250
1 2 3 4 5 6 7 8 9 10 318 47 381 289 391 404 309 74 163 263 136 288 190 470 174
201 202 203 204 205 475 447 171 352 204 427
475 380 65 62 35 499 354 441 288
201 202 203 204 205 372 290 200 50 185 89 4 440 254 101 257 442 179 311
384 140 133 330 171 246 269
1 2 3 4 5 6 7 8 9 10 399 268 449 74 142
432 189 143 440 355 479 63 128 268 313 308 442 14 297 38 307
201 202 203 204 205 39 44 453 428 231 377 421 417 97 215 104 57 477 452
1 2 3 4 5 6 7 8 9 10 460 271 372 104 200 495 258 224 277 328 49 89
37 183 95 292 91 466
473 297 104 264 325 99 74 256 130 111 121 387 432 228 172
9 107 250 430 315 132 472 167 118
201 202 203 204 205 132 212 73 337 436 478 436 126
201 202 203 204 205 73 265 321 220 294 422
1 2 3 4 5 6 7 8 9 10 201 202 203 204 205 281 358 83 264 369 397 59 287 104 233
101 102 103 104 105 106 107 108 109 110 111 112 113 114 115 201 202 203 204 205 296 377 356 446 398 313 359 299 120 387 429
55 405 76 232 161 416 132 484
389 33 361 214 54
1 2 3 4 5 6 7 8 9 10 201 202 203 204 205 445 252 362 199 414 354 292 67 420 87 390 133 295 118 52 455
201 202 203 204 205 77 216 456 49 346 102 82 389 233 230 158
365 18 495 62 418 416 240 199 3 49 139 181
78 451 6 67 41
30 486 9 276 337 119 79 291 221
201 202 203 204 205 160 212 3 447 412 443 211 250 486 283 376 224 42 149 137 3
201 202 203 204 205 333 12 315 268 19 5 91 438 171 375 227 415 298 141 287 226
491 38 280 419 294 317 232 247 92 18 279 74 359 281 339 12
201 202 203 204 205 243 242 305 65 131 266 83 465 38
101 102 103 104 105 106 107 108 109 110 111 112 113 114 115 96 391 17 156 284 251 331 447
370 90 21 211 238 35 67 65 244 347 267 365 352 257 1 440
201 202 203 204 205 179 13 465 47 63 442 241 339 258 47 120 301 185
479 211 235 301 260
37 417 261 295 79 435 420 493 267 459 164 404 491 290 350
3 340 216 402 278 450 215 93 333 110 13 209 201 186 41 115
385 176 356 276 354 489 235 378 71 283 175
101 102 103 104 105 106 107 108 109 110 111 112 113 114 115 405 263 23 308 391 102 250 330 226
201 202 203 204 205 416 409 362 488 314 44 363 63 272 194 442 438 220 255 405
378 151 23 498 225 499
148 115 276 116 388 157 71 207 421 422 309 477 298
101 102 103 104 105 106 107 108 109 110 111 112 113 114 115 201 202 203 204 205 134 375 41 10 343 185 234 333 361 66 387 233 351 112 273 78
239 424 486 358 23 258 166 386
201 202 203 204 205 203 338 442 4 473 218 420 373 254 317 223 476 330
244 471 426 33 299 432
1 2 3 4 5 6 7 8 9 10 190 153 157 370 10 394 494 384 99 126 189
101 102 103 104 105 106 107 108 109 110 111 112 113 114 115 195 434 276 357 253 75 466 263 105 297 236
1 247 49 105 493 197 268 97 343 231 28 12 142
138 203 240 354 300 359 25 171 160
5 45 499 131 99 115 272 313
1 2 3 4 5 6 7 8 9 10 214 466 320 168 449 202 73 489 136 303 294 59
408 22 232 65 107 179 120 467 424 3 40 138 338
201 202 203 204 205 320 409 184 168 475 360 455 404 39 14
268 279 397 10 82 28 169
195 316 417 177 383 368
201 202 203 204 205 460 234 258 374 332 102 47 48 467 351 174 33 380 64 31
14 330 267 82 414 237
201 202 203 204 205 41 168 397 291 381 16 480 192 118 103 218 492 463 478
171 260 78 16 269 254 50 178 305 417 139 257 55
101 102 103 104 105 106 107 108 109 110 111 112 113 114 115 473 346 460 34 34 269 67 4 465
1 2 3 4 5 6 7 8 9 10 312 478 148 452 281 188
356 106 389 144 376 228 98 395 32 173 492 63 319
201 202 203 204 205 295 164 465 104 263 460 412 71 318 192 128
201 202 203 204 205 141 43 134 319 448 138 417 490 294 251 443 77
101 102 103 104 105 106 107 108 109 110 111 112 113 114 115 7 118 330 356 336 170 60 277 69 391 153 218
1 2 3 4 5 6 7 8 9 10 201 202 203 204 205 326 428 310 144 485 67 260 266 470 204 31
1 2 3 4 5 6 7 8 9 10 101 102 103 104 105 106 107 108 109 110 111 112 113 114 115 276 15 160 135 264 269 390
1 2 3 4 5 6 7 8 9 10 483 95 453 76 87 258 483 58 10 297
1 2 3 4 5 6 7 8 9 10 201 202 203 204 205 378 64 337 213 457 411 411 316
1 2 3 4 5 6 7 8 9 10 201 202 203 204 205 159 116 53 51 214 427 74 276 102 469 225 217 206
101 102 103 104 105 106 107 108 109 110 111 112 113 114 115 201 202 203 204 205 288 171 432 299 173 368 484 129
499 442 430 211 291 437 245 40 347 218 471 287 90 449
166 34 309 255 430 176 446 375 170 361 166 201 99 220
331 458 5 116 254 412 369 324 498 27
395 150 247 203 275 423 196 45 238 313 265 219 135 283 324
1 2 3 4 5 6 7 8 9 10 315 87 320 94 123 130 168 305 443
428 316 254 223 104 225 89 31 470 296 235
435 489 395 104 353
101 102 103 104 105 106 107 108 109 110 111 112 113 114 115 201 202 203 204 205 370 437 272 18 420 246 411 15 322 323
1 2 3 4 5 6 7 8 9 10 261 238 188 395 297 114 95 39 30 299 294 430 121
111 301 304 439 463 439 216 475 125 61 136 274 368 166 380
1 2 3 4 5 6 7 8 9 10 201 202 203 204 205 378 271 86 472 160 478 273 346 447 176 29 418 364 378
357 470 176 363 296 498 298 9 30 386 179 213 62
78 302 317 392 497 155
1 2 3 4 5 6 7 8 9 10 457 432 55 302 131 372
1 2 3 4 5 6 7 8 9 10 101 102 103 104 105 106 107 108 109 110 111 112 113 114 115 127 283 82 344 79
439 295 69 65 89 366
1 2 3 4 5 6 7 8 9 10 6 286 455 270 184 134 22 6 378 361 48 420 343 37 214
192 488 379 214 39 481 436 180 51 14 171
1 2 3 4 5 6 7 8 9 10 487 231 450 400 434 63 377 238 282 335 338 296 246
65 45 37 329 100 256 28
201 202 203 204 205 486 296 116 16 441 386 120 434 274 419
201 202 203 204 205 109 470 232 214 245 129 141 368 265 322
1 2 3 4 5 6 7 8 9 10 201 202 203 204 205 51 102 335 236 303 443 201 261 73 403 432 24 377 485 353 373
151 331 470 272 454
1 2 3 4 5 6 7 8 9 10 462 498 169 500 288 79 174 358 85
201 202 203 204 205 24 78 431 201 427 71 300 61 179 130 259 201
201 202 203 204 205 294 95 206 290 58
101 102 103 104 105 106 107 108 109 110 111 112 113 114 115 201 202 203 204 205 399 371 476 126 111 349 118 458 387 93 111 382 243 32 273 490
201 202 203 204 205 363 354 119 31 103 430 449 373 422 434 386 358 261 408 135
120 452 454 280 484 455
101 102 103 104 105 106 107 108 109 110 111 112 113 114 115 113 106 234 34 418 150 179 279
201 202 203 204 205 436 246 129 441 311
95 376 241 247 418 34 403 437 130 494 74
1 2 3 4 5 6 7 8 9 10 101 102 103 104 105 106 107 108 109 110 111 112 113 114 115 272 442 293 410 370 104 231 393
276 442 394 34 391 41 111 333 59 95 80
1 2 3 4 5 6 7 8 9 10 137 432 347 279 21 477 72
166 118 452 184 5 222 14 258 255
201 202 203 204 205 449 51 98 42 43 184 473 49 183 231 433 192 12 448
28 220 67 479 161 123 83 173 302 486 167
10 219 191 69 223 141 328 25 52
101 102 103 104 105 106 107 108 109 110 111 112 113 114 115 399 447 183 433 61 355 101 267 290 137
61 348 75 447 116 296 271
140 158 371 352 140 63 22 328 118 213 494 37 450 176 23 1
201 202 203 204 205 294 250 498 109 378 39 146 68 447 413 248 319 113 472
1 2 3 4 5 6 7 8 9 10 252 199 355 347 278 82 393
232 488 67 227 386 243 237 128 402 272 132 120 498
1 2 3 4 5 6 7 8 9 10 148 354 108 337 481 210 160 173 235 26 215 56 436 379 187 456
110 327 85 476 332 46 322 455 328 393 206 262 439
147 51 302 258 172 106 344 309 248
101 102 103 104 105 106 107 108 109 110 111 112 113 114 115 223 450 147 173 157 286 489 78 424 457 84 321 414 469 424 346
410 319 277 292 372
201 202 203 204 205 381 300 453 93 306 11 113 363
1 2 3 4 5 6 7 8 9 10 448 321 240 334 74
75 332 111 83 487 347 247 368 465 288 29 318 177 314 330 360
415 405 358 148 87 386
378 397 13 373 351 332 385 307 217 167 36 359 166 192
1 2 3 4 5 6 7 8 9 10 467 63 446 383 30 128 412 252 20 124 247 93 337 31
234 272 150 202 319 331 203 129 148 84
101 102 103 104 105 106 107 108 109 110 111 112 113 114 115 266 431 345 264 88 352 29 53 23 165 78 239 167 432
201 202 203 204 205 32 268 327 63 458 395 374 475 19 322 282 403 183
201 202 203 204 205 244 497 123 482 22 261 344 423
201 202 203 204 205 388 456 265 197 127 491 290 496 364 486 43 127
126 156 120 185 297 270 101 387 80 308 300 492 144 208 142 48
201 202 203 204 205 310 367 8 266 421
418 207 178 146 355 179 318
1 2 3 4 5 6 7 8 9 10 295 232 46 239 59 406 47 343
201 202 203 204 205 453 422 171 104 24 203 146 474 106 456 353 218 320 188 287 225
101 102 103 104 105 106 107 108 109 110 111 112 113 114 115 487 208 115 222 112 458 368 491 195 109 124 470 443
428 84 500 447 180 328 401
95 85 198 470 475 376 248
201 202 203 204 205 37 367 185 153 426 37 282 197 472 94 22 213 460 377
201 202 203 204 205 49 399 448 318 400 204 375 56 461 480
345 225 431 71 306 423 183 91 422 351 320 241 277 481 339 118
1 2 3 4 5 6 7 8 9 10 201 202 203 204 205 68 77 234 496 72 174
306 338 31 434 131 278 225 261 236
1 2 3 4 5 6 7 8 9 10 201 202 203 204 205 489 366 107 307 249 179 50 305 203 208 119 323 306 229
101 102 103 104 105 106 107 108 109 110 111 112 113 114 115 144 288 48 235 430 210 458 262 134
305 280 397 438 281 288
306 222 56 7 25 348 382 162 61 41 147 46
101 102 103 104 105 106 107 108 109 110 111 112 113 114 115 201 202 203 204 205 419 407 296 310 67 172 312 394 88 379 227
192 299 27 40 461 230 15 57 59 290 400 119 217 89
201 202 203 204 205 160 299 65 444 347 428 271 161 58 19
1 2 3 4 5 6 7 8 9 10 80 478 261 264 382 163 300 348 315 123 65 105 391 419 162 418
238 70 223 413 395 334 302 217 499
101 102 103 104 105 106 107 108 109 110 111 112 113 114 115 201 202 203 204 205 453 198 411 185 499 121 303 266 170
1 2 3 4 5 6 7 8 9 10 201 202 203 204 205 172 355 131 146 280 299 377 123 235 225 59
20 426 219 12 439 483 22
201 202 203 204 205 448 358 427 325 117 192 437
101 102 103 104 105 106 107 108 109 110 111 112 113 114 115 201 202 203 204 205 293 39 41 365 270 414 300 4 489 343 324 164 469 492 372
101 102 103 104 105 106 107 108 109 110 111 112 113 114 115 201 202 203 204 205 369 308 201 71 57 239 237 316 497 496 260 353 355 406 174 354
101 102 103 104 105 106 107 108 109 110 111 112 113 114 115 201 202 203 204 205 298 18 51 277 416 225 41 215 239 422 420 16
1 2 3 4 5 6 7 8 9 10 8 415 496 441 464 32 177 471 126 134 360 327 81 70 73 341
1 2 3 4 5 6 7 8 9 10 101 102 103 104 105 106 107 108 109 110 111 112 113 114 115 139 235 111 378 483
1 2 3 4 5 6 7 8 9 10 101 102 103 104 105 106 107 108 109 110 111 112 113 114 115 337 213 375 273 280 152 165 377 455 87 484 41
1 2 3 4 5 6 7 8 9 10 201 202 203 204 205 392 249 243 62 135 469 270 128 260 494 255 467
101 102 103 104 105 106 107 108 109 110 111 112 113 114 115 215 320 74 416 467
201 202 203 204 205 70 144 263 189 270 158 256 331 64 458 241 77
103 228 14 455 294 273 330 453 170 203 80
201 202 203 204 205 243 406 471 273 11 127 335 433
125 499 327 396 369
1 2 3 4 5 6 7 8 9 10 149 93 96 424 124 436
57 13 323 197 311 45 417
1 2 3 4 5 6 7 8 9 10 403 39 198 148 102 274 457 455 394 316 469 433 89
218 447 52 498 489 325 58 414 408 291 398 61 176 74
38 148 346 435 111 187 238 271 260 161 354 166
1 2 3 4 5 6 7 8 9 10 201 202 203 204 205 389 335 312 496 189 106 149 395 445 354 183 235 110 75 352
356 469 279 292 433 321 209 310 54
1 2 3 4 5 6 7 8 9 10 201 202 203 204 205 202 111 438 441 70
1 2 3 4 5 6 7 8 9 10 71 322 324 14 287 371 402 453 460 191
201 202 203 204 205 394 156 301 191 454 165 391 132 360 75 244 126 21 308
223 302 205 228 375 259 292 171 259
1 2 3 4 5 6 7 8 9 10 103 286 454 108 468 115 394 5 174 200 392 323
101 102 103 104 105 106 107 108 109 110 111 112 113 114 115 201 202 203 204 205 387 347 359 92 155 307
1 2 3 4 5 6 7 8 9 10 201 202 203 204 205 166 64 138 230 456
380 91 56 370 392 327 150 289 439 406 23 156 450
201 202 203 204 205 436 342 11 359 370
493 374 341 109 21 247 364 21
14 475 382 298 474 498 196 127 375 264 253 226 289
201 202 203 204 205 147 164 121 310 13 244 453 432 51 431 9 308 149 449
233 344 420 238 114 5 188 162 89 156 31
138 404 405 209 446
1 2 3 4 5 6 7 8 9 10 421 310 350 359 182 377 62 70 479 124 380
201 202 203 204 205 402 1 479 489 284 320 360 493 211 418
201 202 203 204 205 252 141 102 382 177 424 365 325 413
430 65 283 210 439 135 21 316 255 331
201 202 203 204 205 339 140 234 26 129 481 236 302 203 348
1 2 3 4 5 6 7 8 9 10 479 437 246 411 500 499 210 486 73 143
1 2 3 4 5 6 7 8 9 10 348 169 447 254 342 283 50 429 152 98 148 397 161 120
105 186 420 322 100 104 160 153 274
1 2 3 4 5 6 7 8 9 10 94 34 275 103 357 28 412 95 407 183 14 219
51 24 169 96 108 180 299 4 309 398 292 93 228 34
279 6 345 273 480 217
439 36 409 88 258 425 94 211 269 367 107 398
1 2 3 4 5 6 7 8 9 10 101 102 103 104 105 106 107 108 109 110 111 112 113 114 115 120 109 192 454 245 115
101 102 103 104 105 106 107 108 109 110 111 112 113 114 115 201 202 203 204 205 62 361 243 12 280 272 106 292 390 429 317 237
201 202 203 204 205 458 113 437 92 68
223 28 347 7 339 312 370 111 117 301 29 30 161 334 161
201 202 203 204 205 434 69 371 393 191 154 410 421 157 471 336 52 141 444
201 202 203 204 205 374 499 26 151 358 471 20
1 2 3 4 5 6 7 8 9 10 201 202 203 204 205 485 75 393 359 157 46 236 46 71 358 77 305 295
320 278 288 167 182 414 111 286 307 488 441 406
201 202 203 204 205 409 365 127 428 370 282 188 178 477 393 193 425 160 359 112 272
317 120 319 239 6 321 202 46 270 400 487 441 172 391 43 468
1 2 3 4 5 6 7 8 9 10 146 57 440 141 248 205 396 126 105 457
374 128 420 326 262 401 105 272 146 174 496 487 461
19 267 5 199 115 472 281 349 232 44 500 202 342 227
201 202 203 204 205 494 209 205 388 480 294 215 314 473
323 169 359 148 213 284 367
101 102 103 104 105 106 107 108 109 110 111 112 113 114 115 382 49 363 335 283 414 383 345 303
1 2 3 4 5 6 7 8 9 10 101 102 103 104 105 106 107 108 109 110 111 112 113 114 115 422 294 356 232 26 328 190 208 279 101 277 15 235
201 202 203 204 205 344 38 353 354 177 157 303
286 144 325 91 30 153 74 113 280 301 92 179 141 397
11 494 465 276 81 217 232 98 144 195 92 122 54 102 484
250 330 255 408 110 287 209
368 446 454 116 443 430 256 56
342 33 359 413 465
475 155 352 190 215 397 185 320 482
201 202 203 204 205 482 230 202 259 400 392 148 258 290 362 123
1 2 3 4 5 6 7 8 9 10 101 102 103 104 105 106 107 108 109 110 111 112 113 114 115 156 321 1 475 287 429 342 400 248 189 253 141 6 320
265 401 136 118 362 123 216 299 466
194 201 363 49 253 79 384 489 301 269 123 395 377 120
232 309 176 60 20 217 391 267 67 440 473 459
1 2 3 4 5 6 7 8 9 10 201 202 203 204 205 53 270 408 105 227 495 366 363 418
201 202 203 204 205 354 333 148 424 18 432 379 179 187 444
255 355 14 229 215
164 318 429 260 88 331 24 326 377 235 162
201 202 203 204 205 322 439 374 175 464 108 141 204 20
346 475 471 244 425 227 318
201 202 203 204 205 183 99 203 363 462 110 101
201 202 203 204 205 99 31 337 191 9 347
1 2 3 4 5 6 7 8 9 10 201 202 203 204 205 244 242 343 404 44 437 188 432 24
1 2 3 4 5 6 7 8 9 10 201 202 203 204 205 91 136 264 125 168 347 316 258 492 85 50 137
101 102 103 104 105 106 107 108 109 110 111 112 113 114 115 201 202 203 204 205 142 150 229 78 62 427 275 251 93 95 350 220 5 224 32
201 202 203 204 205 292 451 261 392 205
276 327 175 143 11 259 84 272 359 20 418 375 259 144
101 102 103 104 105 106 107 108 109 110 111 112 113 114 115 201 202 203 204 205 13 142 478 455 352 195 207 219 187 204 462 164 169 305
143 199 361 374 224 218 295 253 202 362
242 444 393 426 141 494 171 458 373 73 77
101 102 103 104 105 106 107 108 109 110 111 112 113 114 115 201 202 203 204 205 410 241 429 359 430 280 432
64 58 382 333 183 398 5
25 325 161 54 255 158 226 41 165 367 80 189
162 13 130 48 10
285 484 381 104 375 58 45 496
265 207 33 459 418
101 102 103 104 105 106 107 108 109 110 111 112 113 114 115 201 202 203 204 205 144 468 192 352 312 375 454 339 446 72 485 498 476 303
201 202 203 204 205 466 454 60 339 413 417 481 9
201 202 203 204 205 457 377 98 346 193 40
201 202 203 204 205 398 440 480 209 39 249 448 343 384 370 497 341 448
101 102 103 104 105 106 107 108 109 110 111 112 113 114 115 413 418 243 387 422 487 316 287 50 387 169 303 459
485 132 311 197 213 101 112 162 372 449 233
494 289 469 354 483 460
201 202 203 204 205 211 79 92 396 115 294 339 244 456 435 134 304
154 318 197 189 209 473 299 434 406 55 233 363 316 220
316 336 314 422 239 417 244 97 336 174 399 35 56 189 496 240
201 202 203 204 205 96 257 106 119 469
15 212 445 443 52 75
101 102 103 104 105 106 107 108 109 110 111 112 113 114 115 489 387 424 383 201 495 403 374 130 110 113 33 378 33
292 476 191 279 149 107 74 114 278 10 215 379 248 467
75 299 449 425 449 8 162 403 289 482 272 190
201 202 203 204 205 157 105 186 295 88 211 445 166 64
201 202 203 204 205 25 107 500 272 206
101 102 103 104 105 106 107 108 109 110 111 112 113 114 115 472 7 237 336 296 30 254 71 172 250 79
424 32 280 262 444 35 381 152 99 265 104 497 263 326
469 119 370 87 85 208 79
201 202 203 204 205 105 222 448 340 49 96 342 433 301
1 2 3 4 5 6 7 8 9 10 201 202 203 204 205 131 145 370 352 5 243
104 95 6 260 137 356 151 30 6 482 376 64 319 150
1 2 3 4 5 6 7 8 9 10 101 102 103 104 105 106 107 108 109 110 111 112 113 114 115 201 202 203 204 205 374 423 140 198 374 388
48 196 310 263 34 250 18
130 358 223 327 143 349 493 200 129 4 56
437 155 407 348 33 468 103 306 373 337 56 482 249
101 102 103 104 105 106 107 108 109 110 111 112 113 114 115 482 460 380 67 59 167 108 145 353 105
1 2 3 4 5 6 7 8 9 10 101 102 103 104 105 106 107 108 109 110 111 112 113 114 115 299 59 90 217 214 216 265 141 344 62
79 425 102 377 317 51 397 15 479 107 152 184 22 499
431 373 20 389 456 348 371 290 84 204 406
101 102 103 104 105 106 107 108 109 110 111 112 113 114 115 91 467 200 319 473
201 202 203 204 205 433 80 373 16 315 120 149 465 395 119 165 127 254 332 465
16 214 365 238 202 79 223 57 114 346 394 30
1 2 3 4 5 6 7 8 9 10 201 202 203 204 205 366 237 201 457 172 462 25 454 207
54 118 412 19 354 179 301 371 374 18 63 168 275 88
201 202 203 204 205 202 357 289 12 157 364 211 482 330
281 377 349 9 75 40 343 422 169 288 84 72 444 52
222 45 47 287 35 326 398
1 2 3 4 5 6 7 8 9 10 201 202 203 204 205 251 289 230 159 468 226
54 212 237 441 296 387
487 373 34 473 346 336 462 452 451 236 345 361 481 365
1 2 3 4 5 6 7 8 9 10 201 202 203 204 205 60 190 322 243 144
101 102 103 104 105 106 107 108 109 110 111 112 113 114 115 12 465 255 491 398 217 370 104 116 112 328 248
201 202 203 204 205 166 142 132 338 205 354 281
201 202 203 204 205 500 461 140 176 239 131 22 373 286 45 20 372
353 493 115 384 101 477 148 373 222 372 484 68 197 230 264
201 202 203 204 205 449 250 385 462 358 378
414 266 192 416 343 395 391 202 347 1 342 451
298 83 216 285 212
462 429 163 264 253 298 78 61 85 364 298 11 106 487 459 402
1 2 3 4 5 6 7 8 9 10 201 202 203 204 205 236 85 283 118 241
397 265 410 195 356 183 109 194 29 210
201 202 203 204 205 379 348 378 399 72 176
348 54 411 436 167 167 87 461 317
101 102 103 104 105 106 107 108 109 110 111 112 113 114 115 201 202 203 204 205 313 285 109 286 319 329 318 8
201 202 203 204 205 339 160 441 358 481 430 263 257 259
101 102 103 104 105 106 107 108 109 110 111 112 113 114 115 386 178 341 287 132 339 309 94 128 256 9 385
201 202 203 204 205 108 205 367 34 338 394 194 432 338 478 424 89 500 289
201 202 203 204 205 464 235 188 319 326 100 450 265 318 341 225 119 190 425 232
47 50 92 320 390 396 89 162 226 92 413 329 58 387
299 363 170 500 87 153 32 176 227 77 242 191 471 313 156 104
222 35 246 350 113 207 97 306 465 419 35 358 138 255
201 202 203 204 205 216 44 183 300 223
438 231 339 120 429 485 60 119 294 320 284 406 44
61 287 436 357 130 54
263 385 373 221 290 208 100 147
402 98 180 497 330 174 20 399 59 18 117 422 412 440
175 352 485 494 381 158 483 452 389 155 455 370 390 288 99 487
201 202 203 204 205 209 10 31 59 197 268 233 241 174 340 177 168 363 343 415 331
79 310 143 467 189 430 214 468
118 47 459 84 326 269 455 23 159 337 228 23 465
1 2 3 4 5 6 7 8 9 10 101 102 103 104 105 106 107 108 109 110 111 112 113 114 115 34 169 476 81 339 245 497 313 60 375 259 418 404 192 270 310
201 202 203 204 205 481 210 32 337 26 329 185 170 26 127 411
201 202 203 204 205 275 488 395 213 227 303
236 447 493 337 166 17 53 469 182 482
165 132 9 99 113
1 2 3 4 5 6 7 8 9 10 436 467 371 74 29 119 441 266 13 379
1 2 3 4 5 6 7 8 9 10 201 202 203 204 205 88 419 44 323 441 309 213 169 200 42
201 202 203 204 205 128 38 395 49 152 203
201 202 203 204 205 481 74 294 37 491 14
1 2 3 4 5 6 7 8 9 10 42 217 23 160 103 15 281 490 103 151 73 299 6
500 71 405 211 482 139 252 415 270 7
256 375 91 298 75
1 2 3 4 5 6 7 8 9 10 252 10 79 336 234 475 122 365
458 369 15 324 246 113 23 117 258 128 135 43
344 363 312 481 38 256 290 156 289
318 483 125 150 46 462 467 302 184
1 2 3 4 5 6 7 8 9 10 177 71 371 100 365 303 86
201 202 203 204 205 185 236 259 98 116 389 414 269 378 429
1 2 3 4 5 6 7 8 9 10 260 407 470 117 341 333 139 388 387 33 41 485
121 131 53 230 194 465 256 431 208 256 347 165 147 269
201 202 203 204 205 102 43 41 306 198
201 202 203 204 205 42 229 316 286 169 409 100 352 383 408 190 12 222 310 211 97
201 202 203 204 205 328 98 197 102 262 299 329
1 2 3 4 5 6 7 8 9 10 487 422 476 191 424 331 156 228 438 428 225 177
16 74 487 13 443 290 223 98 76 20 426 143 268
219 368 122 121 160 397 292 435 253 246 355 116
179 155 386 346 399 178 216 313 337 83 314 447 190 385 232 121
415 372 125 319 141 343 299 356 95 462 426 276 217 257 326
482 338 57 332 466 405 35 255 203 26 185 229 403 60 322
201 202 203 204 205 412 252 33 321 45 102 166 104 135 184 97 136 255 133 175
494 497 298 292 370 225 69 37 434 40 171 225 158 349 416 383
101 102 103 104 105 106 107 108 109 110 111 112 113 114 115 268 56 300 186 42 212 91 468 321 266 416 87
492 333 257 384 173 137 488 493 325 359 28 226
101 102 103 104 105 106 107 108 109 110 111 112 113 114 115 90 261 438 29 111 435 140 317 9 363 42
201 202 203 204 205 294 212 413 407 62 154 247 192 364 311 271 372 270 467 110
498 251 422 167 440 437 456 317 497 493 53 393 77 385
101 102 103 104 105 106 107 108 109 110 111 112 113 114 115 201 202 203 204 205 441 307 158 455 468 438
1 2 3 4 5 6 7 8 9 10 78 120 330 408 360 356 472 428 227 108 450 318 80 435
1 2 3 4 5 6 7 8 9 10 155 230 309 141 223 391
1 2 3 4 5 6 7 8 9 10 7 59 62 269 161 57 256 41 328 340 40
305 386 357 163 430 184 181 363
1 2 3 4 5 6 7 8 9 10 233 152 96 106 22 210 45
36 467 278 82 427 178 154 363 225 18 113 360 80 427 493
264 254 116 207 22 62 243 42 288 59 197 296 43 437 137
1 2 3 4 5 6 7 8 9 10 101 102 103 104 105 106 107 108 109 110 111 112 113 114 115 189 370 278 349 431 12
107 269 298 279 184 116 97 351 357 430 49 467 270 165 314
490 143 128 92 240 70 411 494 129 40 338
280 257 463 190 227 349
1 2 3 4 5 6 7 8 9 10 201 202 203 204 205 218 393 332 352 91 54 238
201 202 203 204 205 50 413 295 364 462 327 425 461 440 245
196 119 102 406 408 232 211 334 281
101 102 103 104 105 106 107 108 109 110 111 112 113 114 115 208 266 433 403 494 272 196 65 422 428 326 198
353 233 262 288 126 367 232 454 395
417 12 463 275 209 220 212
101 102 103 104 105 106 107 108 109 110 111 112 113 114 115 201 202 203 204 205 332 370 310 371 139 292 497 139 300 83 385 245 120
201 202 203 204 205 362 107 52 172 137 272
495 440 163 224 127 474 34 298 355 142 294 310 129
77 451 86 200 45 405 128
201 202 203 204 205 237 48 113 37 419 14 156 290 123
117 230 198 191 249 67 222 459 324 243 110 305 25 104 326
101 102 103 104 105 106 107 108 109 110 111 112 113 114 115 201 202 203 204 205 232 385 324 395 52 278 449 162 318 355 58 247 77
58 305 113 475 359 438 109 140 103 316
249 416 261 451 64 238 97 93 131 23 288 56 325
201 202 203 204 205 76 233 454 433 333 137 226 88 288 466 469 83 82
378 396 71 265 259 161 402 82
1 2 3 4 5 6 7 8 9 10 201 202 203 204 205 293 341 53 223 291 421 268 384 102 136 470
201 202 203 204 205 468 7 429 171 195 341 160 264 233 229 253 317 255 428
367 158 174 26 248 10 236 281 435 424 373 380 368 393 304 373
242 224 59 89 284 384 138 78 488 332
213 475 300 222 269 376 405 281
1 2 3 4 5 6 7 8 9 10 201 202 203 204 205 472 5 272 262 152 37 319 178 334 480 259 214 468
153 382 496 324 306 184 217 415 385 355 234 154 169
1 2 3 4 5 6 7 8 9 10 370 181 80 426 167
201 202 203 204 205 243 284 445 137 18 67 91 354 38 340 358 70 286 55
1 2 3 4 5 6 7 8 9 10 201 202 203 204 205 144 287 198 393 87 214 15 173 353 338 118 131 106 204
201 202 203 204 205 98 283 278 440 269 320 449 295 441 316
459 260 120 19 373 308 153 202 337 55 8 490
124 332 263 103 402 31
299 130 383 299 184 316 149 253 441 95 276 7 417 111 364
464 44 32 258 167
235 388 185 61 23 81 5 128 363 10 351 471 39 23 437 216
201 202 203 204 205 166 90 315 466 283 48 235 387 205 85 48 123 106
297 93 40 256 239 374 474 406 150 102
101 102 103 104 105 106 107 108 109 110 111 112 113 114 115 201 202 203 204 205 359 59 420 331 471 29 151
359 207 59 493 184 265 199 383 296 196
321 380 364 450 66 335
201 202 203 204 205 367 56 267 80 282 228 233 103 6 65 277 429 352 232 482
303 38 214 388 257 191 160 196 281 82
1 2 3 4 5 6 7 8 9 10 488 232 255 471 369 156 303 443 461 260
342 207 107 62 46 452 215 144 82 3 320 435 139 183 255 156
384 368 68 35 106
1 2 3 4 5 6 7 8 9 10 201 202 203 204 205 127 412 257 451 235 154 478 231 375 276 420 157 244 385 204
201 202 203 204 205 468 319 321 314 364 193 50 370 196 366 285 500 352 489 427
101 102 103 104 105 106 107 108 109 110 111 112 113 114 115 129 163 313 411 429 128 6 484 390
64 135 40 53 329 366 210 178 86 114 122 463
157 295 143 435 92 479 98 74 146
1 2 3 4 5 6 7 8 9 10 452 467 168 105 437 203 464 373 215 470
201 202 203 204 205 441 47 176 424 477 61 352 6 49 472 257 493 88
492 336 495 58 279 182
1 2 3 4 5 6 7 8 9 10 144 347 38 367 29 231 369 152 154 87 203 152 131 295 130 30
499 397 331 194 258 290 435 434 237 401 203 341 29
1 2 3 4 5 6 7 8 9 10 123 11 234 439 380 338 242 33 487 95 336 219 236 151 62
227 41 335 433 336 371
311 264 418 113 157 106 35 419 18 280
165 335 274 197 152 58 301 264 159 462 77 67 390 483
33 36 424 412 292 16 158 324 476 132 411 35 202
1 2 3 4 5 6 7 8 9 10 20 413 57 225 160 178 482 128 372 123 148 309
1 2 3 4 5 6 7 8 9 10 101 102 103 104 105 106 107 108 109 110 111 112 113 114 115 201 202 203 204 205 329 366 368 98 100 123 452 243 404
1 2 3 4 5 6 7 8 9 10 101 102 103 104 105 106 107 108 109 110 111 112 113 114 115 402 399 405 97 236
400 56 184 237 152 110 335 231 50 49 155 315 194 409 198 467
401 414 435 210 179 386 70 228
101 102 103 104 105 106 107 108 109 110 111 112 113 114 115 445 202 371 426 331 417 260 144 214 196 118 61 462 332 205 301
201 202 203 204 205 67 245 412 402 435 457 440 191
101 102 103 104 105 106 107 108 109 110 111 112 113 114 115 416 388 417 211 345 250 108 38 161 374 374 245 234 155 59
484 252 398 330 64 129 372 172 250 386 21 211 465 417 356 234
480 38 148 478 359 61 334 427 126
101 102 103 104 105 106 107 108 109 110 111 112 113 114 115 233 302 195 73 262 50 8 216 268 277 20
1 2 3 4 5 6 7 8 9 10 451 305 116 189 292 11 500 164 470
220 74 345 322 5 4 192 292 20
294 408 40 291 131 160 147
101 102 103 104 105 106 107 108 109 110 111 112 113 114 115 484 324 287 243 25 397 192 406
1 2 3 4 5 6 7 8 9 10 201 202 203 204 205 393 336 457 23 191
166 377 417 292 275 21 59 166
101 102 103 104 105 106 107 108 109 110 111 112 113 114 115 451 178 398 324 25 193 230 172 466
223 3 349 179 494 399
201 202 203 204 205 51 399 430 334 306 78
147 147 472 93 172 277 399 430 89
1 2 3 4 5 6 7 8 9 10 201 202 203 204 205 260 133 242 42 495 170 168 98 57 177 269 473
201 202 203 204 205 227 418 46 96 409 149 262 122 210 233
81 25 205 248 215 118 65 467
256 291 16 152 301 178 54 149 159
253 318 410 486 276 80 226 401 78 67 205 105 88 412
201 202 203 204 205 424 300 245 366 10 8 90 197 76 450 342
1 2 3 4 5 6 7 8 9 10 389 96 418 87 490 23
1 2 3 4 5 6 7 8 9 10 477 23 194 473 229 182 218 149 21
201 202 203 204 205 150 293 224 9 326 189 62 287 453 287 406 403 246
1 2 3 4 5 6 7 8 9 10 325 122 116 339 261 195 191 383 104 396 36 436 34 393 12
443 494 85 444 78 103 249 41 276 439 487 153 368 61 172
1 2 3 4 5 6 7 8 9 10 101 102 103 104 105 106 107 108 109 110 111 112 113 114 115 201 202 203 204 205 257 290 264 138 363 74 291 117 13 477
169 386 201 401 374 471 44 252 247
1 2 3 4 5 6 7 8 9 10 101 102 103 104 105 106 107 108 109 110 111 112 113 114 115 201 202 203 204 205 498 393 121 424 378 275 379 200 202 148 399 148 361 445
201 202 203 204 205 500 257 348 207 362 159 132 464 48
403 352 110 451 500 304 94 301 289 145
201 202 203 204 205 266 356 80 52 248
377 99 423 334 366 243 367 20 450 130 195 162
101 102 103 104 105 106 107 108 109 110 111 112 113 114 115 390 430 38 309 486 449 127 374 88 212 246 407
410 10 408 109 31 122
201 202 203 204 205 134 245 499 193 231 331 397 401 362 70 72 337
8 29 491 212 134 112 153 104 52 145 244 45 361 410 227 40
1 2 3 4 5 6 7 8 9 10 294 470 250 303 340 435 397 293 183 49 411 193 31 46
1 2 3 4 5 6 7 8 9 10 201 202 203 204 205 173 320 142 70 3 272
34 9 382 205 53 193 152 12 300 174 496 333 44 347 346 462
163 224 8 371 291 169 457
1 2 3 4 5 6 7 8 9 10 185 62 438 294 138 226 297 57
201 202 203 204 205 236 317 16 30 13 218 26 450 426 434 111 325 45 318 92
101 102 103 104 105 106 107 108 109 110 111 112 113 114 115 201 202 203 204 205 412 126 191 402 406 220 480 424 192 477
9 15 133 219 499 409 123 318 346 14 267
458 463 229 453 297 33 218 491 204 436 352 412 34 396
201 202 203 204 205 364 500 399 447 39 398 127 484
347 113 331 237 186 197 404 71 312 341 245 157 220 394 125 154
427 307 199 336 128 373 151 74 119 210 290 298 286 111 332
201 202 203 204 205 109 466 76 473 436 80 343
474 393 197 94 336 410 260
201 202 203 204 205 90 342 171 150 232 225 32 407 289 159 136
1 2 3 4 5 6 7 8 9 10 52 437 120 422 324 464 195 91 356 393 334 412 399 187 447 433
101 102 103 104 105 106 107 108 109 110 111 112 113 114 115 172 276 473 100 470 305
201 202 203 204 205 348 490 305 101 75 436 147 396
201 202 203 204 205 184 18 330 261 179 288 374 229 107 172 154 471 430 480 168 65
1 2 3 4 5 6 7 8 9 10 109 53 314 367 117 472 187 308 425 481 246 371 431 93
226 367 471 180 126 64 285 167 76 353 181 355 125
463 250 354 241 406 6 173 76 94 47 184 149 232 197 495
201 202 203 204 205 475 29 125 194 143 324 112
151 248 293 74 111 295 159 255 300 437
201 202 203 204 205 365 239 106 438 237 132 52 174 468 28 128 3 472
201 202 203 204 205 140 46 369 405 416 346 247 275 191
428 209 71 158 7 394 49 81 223 333 135 339 218 454 200 200
475 54 283 125 260 164 370 438 286 460 402
201 202 203 204 205 499 50 451 195 400 425 330 448 462 339
354 333 292 353 476 255 476 304 214 256 494 391 75 17 277
314 471 386 406 74 148
101 102 103 104 105 106 107 108 109 110 111 112 113 114 115 201 202 203 204 205 187 71 277 168 160 450 269 254 373 350 231 42 169 109
267 250 247 430 379 160 216 210 84 143 452 90 291 383 266 241
294 8 289 295 316 10 372 404 157 311 114 188 17 134
1 2 3 4 5 6 7 8 9 10 201 202 203 204 205 276 374 118 295 218 92 219 378 214
152 468 386 6 335 59 368 303 2 213 413 268 228
201 202 203 204 205 66 211 305 440 117 132 183 297
101 102 103 104 105 106 107 108 109 110 111 112 113 114 115 27 43 312 479 308 460 482 97
101 102 103 104 105 106 107 108 109 110 111 112 113 114 115 337 500 446 245 438 488 443 425
347 187 376 218 272 312 432 197 27 346 75 269
17 43 281 122 436 82 197 331 381 410
1 2 3 4 5 6 7 8 9 10 101 102 103 104 105 106 107 108 109 110 111 112 113 114 115 358 204 244 218 191 139 122 454 224 230 443 320 287 52
1 2 3 4 5 6 7 8 9 10 101 102 103 104 105 106 107 108 109 110 111 112 113 114 115 201 202 203 204 205 404 273 225 464 22 134
173 201 343 272 290 102 199 475 109 499 415 310 371 192
201 202 203 204 205 264 69 120 136 85 87 423 429 80 165 225 493
201 202 203 204 205 101 318 431 54 424 445 229 303 279 328 86 415 77 402 414
225 161 31 137 158 297 413 223 161 142 190 179 111 193 372 22
491 135 317 329 78 111 162 140 54 489 235 157 469
1 2 3 4 5 6 7 8 9 10 201 202 203 204 205 138 20 257 374 419 152 23 161 77 490 128
201 202 203 204 205 370 35 323 232 66 17 241 168 476 126 55 284 215 52 74 44
207 200 74 64 12 384 261 363 449 179 343 46 478 422 280
1 2 3 4 5 6 7 8 9 10 201 202 203 204 205 241 315 328 418 217 40 71 337 138 383 70
201 202 203 204 205 95 167 86 315 36 468 428 483 206 499
201 202 203 204 205 296 403 373 427 468 483
101 102 103 104 105 106 107 108 109 110 111 112 113 114 115 98 247 239 113 77 411 136 128 195 354 92 352 479 363 82 356
201 202 203 204 205 169 384 178 270 353 397 495 40 186 133 159 240 155 140
201 202 203 204 205 143 143 366 114 101 199 246 460
65 215 108 31 437 294 49 317 47 314 187 24 332
201 202 203 204 205 201 106 318 499 470 220 75 103 239 325 475 478 391
330 86 256 479 136 57 154 494 315 5 484
201 202 203 204 205 147 13 500 196 377 166 121 243 124 149 200 201 4 353 103 361
283 290 239 21 227 68 84 74 226 248 445 270
362 491 56 157 483 297
101 102 103 104 105 106 107 108 109 110 111 112 113 114 115 390 374 271 156 315 33 89 332 105 127 478 72 261 23
201 202 203 204 205 316 359 351 200 318 411 35 216
245 320 332 115 154 192 81 479 382 336 372 150 190
314 468 194 115 230 392 395 419
1 2 3 4 5 6 7 8 9 10 201 202 203 204 205 461 490 279 301 495 105 316 492 46 296 37 468 356
24 182 426 190 334 200 22 234 190 258 456
201 202 203 204 205 45 39 388 348 24 230 160 430 19 266 268 107 87
219 395 223 140 490 469 469 17
269 68 201 241 197 96 281 61 457 236 295 42 481 255
239 102 299 371 411
101 102 103 104 105 106 107 108 109 110 111 112 113 114 115 201 202 203 204 205 286 312 383 228 226 124 466
233 264 415 56 188 290 195 51 497 14
201 202 203 204 205 22 338 344 52 492 202 288 461 409 381 107
479 224 211 95 360 100 475
1 2 3 4 5 6 7 8 9 10 289 431 255 291 168 141 62 471 197 49 262 311 309 158 474 103
172 464 45 343 407 281 16 382 192 295 243 34 190 359 60
47 247 416 474 251 489 213 456 270 241 60 332
157 34 259 211 37 151 187
101 102 103 104 105 106 107 108 109 110 111 112 113 114 115 425 215 110 138 289 490 472 292 322 222 169 43 273
243 146 211 11 194 15 23 212 23 477 436 411
201 202 203 204 205 376 410 296 55 27 148 277 464 22 84 439 101 270 322 110 400
101 102 103 104 105 106 107 108 109 110 111 112 113 114 115 42 187 56 93 154
225 201 360 14 399 467 455 312 326 335 137
367 207 86 321 298 138 342 61 337 265
106 175 351 191 13 221 410 153 42 465 142 10 135 309 247 61
101 102 103 104 105 106 107 108 109 110 111 112 113 114 115 33 435 56 134 352 251 70 90
127 497 204 382 285 190 296 29 297
201 202 203 204 205 488 22 198 443 220 299 190 491 422 7 220
201 202 203 204 205 265 465 258 337 421 490 150 53 288
1 2 3 4 5 6 7 8 9 10 279 496 498 305 38 40 11 76 161 226 304 196
389 228 62 174 141 291 145 466
260 72 137 20 215 219 382 436 123 449
201 202 203 204 205 402 309 315 279 147 67 169 453 438 429
282 384 376 115 377 19 449 159 301 168 24 485
450 498 81 421 213 484 101 470
363 148 42 129 119 179 468 411 454
1 2 3 4 5 6 7 8 9 10 201 202 203 204 205 221 33 314 370 316 42 299 218 136 137 363 332 270
201 202 203 204 205 261 398 232 172 228 133 173 352 297 59 188 354 134 347 230 423
201 202 203 204 205 185 8 399 461 237 302 408 482 265
1 2 3 4 5 6 7 8 9 10 201 202 203 204 205 124 161 196 474 70 178 177 150 89 295 1 415 363
404 453 139 492 111 100 329 447
412 281 34 295 396 255 75 318 243 467 331 323 72 215 344
1 2 3 4 5 6 7 8 9 10 177 424 345 437 141
1 2 3 4 5 6 7 8 9 10 201 202 203 204 205 302 279 131 439 118 272 343 64 234 386 231 479 329 350 401
296 199 380 184 68 479 445 342 121 228 271 247
101 102 103 104 105 106 107 108 109 110 111 112 113 114 115 362 381 273 349 162 431 201 390 7 494 85 92
201 202 203 204 205 81 397 2 360 7 332 297 218 223 328 464 137 294
201 202 203 204 205 195 297 346 220 187 307 426 230 323 305 411 412 350 242
436 187 21 172 22 435 220 49 475 312
322 408 394 45 474 465
1 2 3 4 5 6 7 8 9 10 201 202 203 204 205 418 303 266 62 70
1 2 3 4 5 6 7 8 9 10 53 132 347 241 122
201 202 203 204 205 218 486 404 166 3 65 459 118 420
251 370 45 18 68 304 288 161 63 489 20 130 318
256 458 164 145 87 51 358 161 108 16 297 356 384 233
228 340 90 338 242 492 248 284 324 60 470 385 284 345
343 115 248 132 151 124 32
1 2 3 4 5 6 7 8 9 10 201 202 203 204 205 343 238 254 139 57 98 140 57 335 285 85 108 318 328 314
260 430 309 196 239 393 4 21 327 234 165 233
201 202 203 204 205 419 48 292 62 462 188 108 72 415
150 316 458 97 163 288 497 452 357 379 35 357 39 408 320 81
417 118 52 209 429 38 284 281 101 385 395 388 243 276 4
147 188 245 478 141 431 120 70 453 303 207 242 93 243
1 2 3 4 5 6 7 8 9 10 201 202 203 204 205 254 212 450 322 57 354 79 165 153 412 182 498 374 456 40 450
198 458 190 181 173 399 223 107 400 124 89
201 202 203 204 205 27 348 292 95 12 195 120 494 184 18 5 103 54 425
201 202 203 204 205 339 27 435 312 403 323 285 220
101 102 103 104 105 106 107 108 109 110 111 112 113 114 115 74 433 363 191 452 482 379 293 238 203
201 202 203 204 205 265 394 31 304 454 46 387 475 242 111 254 415 8 16 98
27 79 377 122 486 55
29 189 410 346 354 179 229 433 239 310 292 313 303
201 202 203 204 205 125 261 112 20 252 243 71 115 395 5
400 457 15 439 487 228 232
112 6 371 415 390 304 498 196 328 452 420 70 223 39
194 286 87 168 58 1 373 150 249 191 154 306 131 377
1 2 3 4 5 6 7 8 9 10 201 202 203 204 205 362 285 47 459 360 360 91 418 154 254 217 126
143 183 9 456 426 271 432 166 107
101 102 103 104 105 106 107 108 109 110 111 112 113 114 115 384 37 452 202 479 13 439 187 113
201 417 271 319 354 304 401 67 489
187 419 78 253 460 293
1 2 3 4 5 6 7 8 9 10 101 102 103 104 105 106 107 108 109 110 111 112 113 114 115 211 193 427 235 490 308 166 16 19 456 294
201 202 203 204 205 20 480 382 329 229 82 226 109 94 195
201 202 203 204 205 500 434 101 212 174
101 102 103 104 105 106 107 108 109 110 111 112 113 114 115 429 75 390 471 373 470 355
1 2 3 4 5 6 7 8 9 10 489 468 87 120 284 212 452 456 421 433 385 161 310 363 452 488
255 494 258 476 429 466 317 452 141 247 411 201
201 202 203 204 205 189 129 297 421 486
101 102 103 104 105 106 107 108 109 110 111 112 113 114 115 201 202 203 204 205 108 467 65 321 387
231 321 115 366 484 345 11 35
318 52 104 186 353 373 98
272 492 175 270 352 265 32 152
201 202 203 204 205 288 339 180 121 225 343 152 159 63 222 273 242
201 202 203 204 205 468 269 216 120 447 98 368 317 32 447 406 100 415 23
1 2 3 4 5 6 7 8 9 10 323 336 187 254 330 279
101 102 103 104 105 106 107 108 109 110 111 112 113 114 115 57 497 265 301 220 57 170 248 114 277 254 382 453 271
364 93 306 292 75 183 452 290 390
1 2 3 4 5 6 7 8 9 10 25 478 38 173 160 222 169 369 256
30 441 62 279 424 322 61 60 458 131 23 179
201 202 203 204 205 278 234 23 318 192 189 236 38 427
201 202 203 204 205 229 259 375 140 309 172 166 395 158 413 415 217
309 251 202 227 106 71 173 75 404 291 264 38 104 349 495 416
1 2 3 4 5 6 7 8 9 10 101 102 103 104 105 106 107 108 109 110 111 112 113 114 115 351 137 444 145 333 136 89 422 468
408 336 315 224 55 443 212 29 122 153 278 124 46 140 383 149
9 88 315 235 432 147 313 239 68 249 496 272 139 156 204
394 188 13 381 255 464 99 490 204 289 145 457 284 439
248 82 306 139 498 189 121
201 202 203 204 205 173 231 489 469 2 261 443 359 387
18 323 252 252 164 287 147 230 281 293 12 107 452
101 102 103 104 105 106 107 108 109 110 111 112 113 114 115 162 421 340 448 365 107 224 273 222 246 370 308
1 2 3 4 5 6 7 8 9 10 401 314 423 47 101 486 180 405 59
1 2 3 4 5 6 7 8 9 10 201 202 203 204 205 37 141 101 123 475 494 16 66 84 437 347 292 450
101 102 103 104 105 106 107 108 109 110 111 112 113 114 115 99 221 135 17 206 9 260 300 42 305 270 121 273 245 447 117
347 254 349 148 178 458 383 253 126 292
478 15 23 194 204 308 316 243 96 239 207 153 165 202
94 370 141 227 135 127 197 444 264 180 209 327 83 489 244 390
101 102 103 104 105 106 107 108 109 110 111 112 113 114 115 50 30 172 465 17 472 358 375 78 158 400 427
1 2 3 4 5 6 7 8 9 10 201 202 203 204 205 463 80 9 179 465 305 47 336 499 449 379 192 125
1 2 3 4 5 6 7 8 9 10 80 266 95 277 368 186 93 16 132 202 165 157 279 384 150
16 222 440 322 481 435 111 475 458 77 135 231 32 1
201 202 203 204 205 89 385 36 107 25 440 328 123 43
201 202 203 204 205 225 147 116 187 148 229 386 382 220 29 415 356
201 202 203 204 205 151 461 34 124 361
490 181 112 253 294 476 327 152 63 346 294 416 251
160 230 235 305 402 202 473 179 343 357 274 9 370 458 12 263
223 16 443 124 317 233
177 277 67 126 133 149 381 413 11
201 202 203 204 205 299 322 189 165 454
22 367 374 261 312 50 491 251 192 265 420 477 64 382 286 241
201 202 203 204 205 19 458 20 86 363 203 368 433 246 224 463
201 202 203 204 205 208 368 495 213 462 485 481 13 295 228 196 382 352
201 202 203 204 205 426 225 488 210 358 251 337
201 202 203 204 205 221 292 44 80 194 387 71 349 338 407
135 57 7 181 239 20 431 281 416 269 244 126 222 336
201 202 203 204 205 211 13 497 222 130 84 174
377 420 131 339 251 150
105 309 71 124 79 74 109 203
205 377 297 146 37 156 111 172 308 58 183 403 426
201 202 203 204 205 133 348 97 69 470 450 294 18 217 444 476
465 131 187 199 278 13 77 414 70 435
220 170 55 125 225 135 41 38 465 469
201 202 203 204 205 407 250 253 51 444 312 406 348 44 422 8 285
201 202 203 204 205 312 450 499 296 431 295 171 238 370 497 118 42
1 2 3 4 5 6 7 8 9 10 71 478 122 396 286 450 132 322 166 57 24 290 260 1
1 2 3 4 5 6 7 8 9 10 201 202 203 204 205 93 302 478 392 488 402 251 407 244 181 467
1 2 3 4 5 6 7 8 9 10 201 202 203 204 205 270 59 100 48 295 79 357 152 92 141 208 219 159 158
101 102 103 104 105 106 107 108 109 110 111 112 113 114 115 201 202 203 204 205 363 128 375 17 42 177 37 70 249 32 330 331 222
1 2 3 4 5 6 7 8 9 10 49 273 205 309 235 30 256 392 479 412 331 408 455 176 141 48
195 242 110 263 86 127 19 365 351 498 80
201 202 203 204 205 309 251 340 439 250 57 430 381 118 188 316
64 436 250 438 186 219 82 168 90 426 321 246 41 463 362
1 2 3 4 5 6 7 8 9 10 101 102 103 104 105 106 107 108 109 110 111 112 113 114 115 224 103 82 496 136 462
101 102 103 104 105 106 107 108 109 110 111 112 113 114 115 201 202 203 204 205 17 77 248 197 107 465 109 64 304
101 102 103 104 105 106 107 108 109 110 111 112 113 114 115 253 455 493 102 145 331 407 483 351
126 28 176 31 356
201 202 203 204 205 386 10 233 295 94 87 193 434 140 208 412 334 211 301 12
201 202 203 204 205 459 413 190 475 273 156 275 296 40 249 496
101 102 103 104 105 106 107 108 109 110 111 112 113 114 115 473 4 234 108 69 203 104 181 185 261 73 471 163
385 220 247 199 467
1 2 3 4 5 6 7 8 9 10 201 202 203 204 205 207 108 496 149 284
11 134 249 63 129 65 370 302 322 493
206 16 321 352 162 318 200 314 484 164
307 310 273 319 411 261 83 187 235
1 2 3 4 5 6 7 8 9 10 202 422 391 113 296 474 12 493 326 49 481 495 350 327 452
1 2 3 4 5 6 7 8 9 10 412 147 132 177 149 413 385 61 168 424 23 488 157 343
162 434 239 18 400 21 180 77 292 359 276 418 461 222 23
66 319 153 240 279 455 370 438
466 145 173 138 63 15 291 124 350 274 29 182 159 70 143 258
325 237 55 215 297 64 370 239 122 269
1 2 3 4 5 6 7 8 9 10 272 371 310 286 242 227 22 189 142 319 155
201 202 203 204 205 188 45 108 194 104
201 202 203 204 205 238 500 438 360 122 209 197
101 102 103 104 105 106 107 108 109 110 111 112 113 114 115 86 56 97 68 5 66 285 87 109 356
201 202 203 204 205 241 304 50 228 44 127 115 76 276 500 241 223 445 173 52
60 29 213 490 489 426
101 102 103 104 105 106 107 108 109 110 111 112 113 114 115 201 202 203 204 205 376 303 338 471 311 361 404 278 292 416 133
201 202 203 204 205 321 302 32 356 489 95 410 82 276
145 186 57 429 56 101 138 215 268 445 402 119 299 418 10
201 202 203 204 205 263 363 103 15 373 287
201 202 203 204 205 397 195 179 287 209 214 92 116 118
213 3 417 402 353 91 160 253 360 453 192 165
39 470 253 226 307 235 288 487 90 471 401 91 484 56 154
201 202 203 204 205 70 319 494 252 447
101 102 103 104 105 106 107 108 109 110 111 112 113 114 115 445 201 372 95 459 265 220 400 118 211 85 431 430 67
1 2 3 4 5 6 7 8 9 10 195 243 66 235 483
47 174 90 261 458 479 258 201 464 212 155 272 183 187 51 438
201 202 203 204 205 481 58 152 153 107 440 83 112 467 280 91 375
42 302 205 91 489 471 439 12 396 256 254 406 261 274 324 178
235 263 30 180 55 455 109 10 118
305 449 15 390 345 470 213 405
395 30 240 293 284 259 202 491 57 411 130 176
201 202 203 204 205 18 264 183 218 158 215 436 83
201 202 203 204 205 37 16 40 44 43 53 155 125 38 35 201 156
201 202 203 204 205 161 204 485 57 347 258 35
1 2 3 4 5 6 7 8 9 10 201 202 203 204 205 193 317 220 164 212 50 146
1 2 3 4 5 6 7 8 9 10 167 489 161 56 218 36 81 142 21 422 221 354
112 171 371 264 167 266 124 319 141 398 287 480 499
201 202 203 204 205 316 38 215 475 245 20 268 246 83 452 210
445 291 118 403 384 252 281 241 88 152 162 318 20 267 458 373
1 2 3 4 5 6 7 8 9 10 258 466 141 180 129 425 154 83 374 108 361 244
371 166 244 137 482 44 160 155
92 87 365 163 147 207 484 275 240 53 2
409 136 435 205 458 267
441 45 416 473 84 442 45
45 424 437 308 316 401 46
26 486 332 239 206 317 499 496 386 145
1 2 3 4 5 6 7 8 9 10 101 102 103 104 105 106 107 108 109 110 111 112 113 114 115 86 1 363 230 359 352 13 256 178 196 500 123 271 288 359 234
416 378 32 488 234 365 467 438 406 76 321 475 98
81 160 313 404 125 11
47 183 108 255 60 84 19 267 369 109 480 150 214 30
201 202 203 204 205 468 387 79 456 222 494 268 486 36 481 204 234 334 193 312 325
108 112 479 272 41 88 20 36 182 269 267 284 468 60
75 156 400 321 6
378 56 387 328 464
447 485 260 11 218 313 56 235 343 393 397 293 329 141 193
85 19 342 409 372 17 136 1 201 125 328 459 94 184 388
1 2 3 4 5 6 7 8 9 10 308 208 38 240 141 337 381 436
42 461 96 424 364 457
201 202 203 204 205 442 130 490 346 426 146 465 128 290 403 60 238 130
360 399 179 302 306 248 117
1 2 3 4 5 6 7 8 9 10 353 336 439 268 155 210 17 470
201 202 203 204 205 375 197 344 491 409 338 86 241 385 229
408 167 91 127 353
201 202 203 204 205 423 109 123 387 14
201 202 203 204 205 490 96 446 283 352 330
476 433 333 367 14
289 182 382 107 133 371
201 202 203 204 205 188 299 182 117 394 281 4 355 139 16
244 57 167 427 375 330 181 183
169 139 12 493 266 324 217 171 120 246
253 278 138 451 253 258 228 95 234 134 496 346 317 168
309 404 442 267 142
438 413 240 146 129 19 464 189 117 93 149 495 259 356 380
12 394 221 9 177 486 99 78 147 418 238 320 288 157 354
299 22 88 87 262 407 69 296 328 479 326 137 175 336
101 102 103 104 105 106 107 108 109 110 111 112 113 114 115 80 5 290 304 398 307 330
280 359 146 475 223 144 403 452 395 10 192 239
1 2 3 4 5 6 7 8 9 10 322 329 95 129 217 476
1 2 3 4 5 6 7 8 9 10 395 167 72 305 139 40 448 342
1 2 3 4 5 6 7 8 9 10 305 252 115 452 457 56 454 178 212 92 47 177 46
195 474 28 349 379 264 457 103 447 83 416 372 482 147
235 54 364 114 93 211 1 13
1 2 3 4 5 6 7 8 9 10 86 157 372 160 438 46 444 193 336
477 359 346 42 133 143 400 49 349 82 38 478 326 14 102
160 266 122 53 466 485 116 7 305
352 456 83 106 220
1 2 3 4 5 6 7 8 9 10 201 202 203 204 205 270 208 367 312 131 213 68 226 88 303 364
201 202 203 204 205 95 219 322 354 129 116 103 92 95 73 472 163 184 372 258 59
158 475 394 23 152 242 21 20 4 487
455 266 376 249 215 206 51 55 253 173 66 231
201 202 203 204 205 331 40 324 498 34 399 27 133 261 93
80 304 229 485 402
498 332 483 10 379 380 408 213 134 297 129
331 249 477 179 90 377 406 293 30 289 156 342 404 440
1 2 3 4 5 6 7 8 9 10 398 483 431 193 18 168 169 52 251 217 58 111
488 147 127 379 44 58 155 14 380
201 202 203 204 205 329 174 496 240 351 474
1 2 3 4 5 6 7 8 9 10 201 202 203 204 205 364 383 456 347 253
19 463 458 6 447 238 479 29 125 311 276 110 82
121 351 316 497 281
101 102 103 104 105 106 107 108 109 110 111 112 113 114 115 247 338 81 408 83 370
201 202 203 204 205 110 55 5 238 452 393
1 2 3 4 5 6 7 8 9 10 201 202 203 204 205 72 431 469 471 5 434
201 202 203 204 205 190 387 191 71 144
201 202 203 204 205 321 288 187 225 418
474 173 445 120 408 108 404 159 29 466 69 25 247 105
101 102 103 104 105 106 107 108 109 110 111 112 113 114 115 296 490 57 265 61 176 224
201 202 203 204 205 40 88 399 75 365 7 290 217 217 139 419 463 187 124
126 38 310 299 221 77 68 120 308 218
160 431 470 463 366 144 444 342 82 80 176 475
1 2 3 4 5 6 7 8 9 10 196 316 348 110 17 296
209 401 189 424 452 233
1 2 3 4 5 6 7 8 9 10 433 271 126 432 368 369 218
1 2 3 4 5 6 7 8 9 10 201 202 203 204 205 401 491 330 296 144 63 119 2 367 193 219
101 102 103 104 105 106 107 108 109 110 111 112 113 114 115 201 202 203 204 205 275 377 256 206 117 91 156 152 207 131 102 89
201 202 203 204 205 18 227 305 459 372 379 421 168 373 105 109 80 121 425 449 416
201 202 203 204 205 317 454 367 456 289 82 101 457 126 139 204 147 359 40 25 484
1 2 3 4 5 6 7 8 9 10 201 202 203 204 205 420 172 177 60 421 50 220 112 55 185 11 63 136 245 381 289
155 277 232 387 270 23 367
201 202 203 204 205 113 427 371 481 303 141 328 251 89 268 201 51 199 362 240
252 196 441 373 78 270 163 474 272 358 264
167 106 365 126 243
322 312 79 410 79 427 446 5 120 41 315
201 202 203 204 205 147 175 447 128 326 350 147 280 160 259 138 345 169
152 342 79 252 39 107 116 339 484
26 194 86 41 401
1 2 3 4 5 6 7 8 9 10 322 362 373 51 140 288 467 187 398 288 96
357 469 302 317 376 436 219 387 490 361
472 304 446 113 128 107 155 356 329 157 420
296 72 178 90 454 109 38 111 470 498 438
201 202 203 204 205 360 83 8 85 186 111 115 165
466 142 172 327 61 416 173 32
48 420 46 59 415 208 341 321 398 59 500 495 477 497 458 84
67 178 436 267 188 368 110 138 125 53 146 54
201 202 203 204 205 296 269 471 137 177 437 208 427 66 464 10 148 9
201 202 203 204 205 133 391 177 76 338
36 113 257 64 164 8
201 202 203 204 205 124 298 219 287 185 466 479
101 102 103 104 105 106 107 108 109 110 111 112 113 114 115 201 202 203 204 205 493 27 129 312 357
458 263 130 244 228 398 241 269 245 387 436 167 122 210 342 267
1 2 3 4 5 6 7 8 9 10 345 75 50 234 177 299 200 435 341 188 63 173
1 2 3 4 5 6 7 8 9 10 101 102 103 104 105 106 107 108 109 110 111 112 113 114 115 22 448 104 219 215 106 226 434
101 102 103 104 105 106 107 108 109 110 111 112 113 114 115 314 266 35 121 116 169 305 256 395 244 331 337 185 319
201 202 203 204 205 65 24 356 296 369 63 40 342 187
201 202 203 204 205 164 256 8 130 234 170 68
332 416 282 98 190 127 226 206 477 488
354 212 259 39 252 155 410 54 412
364 48 120 97 326 453 246 428 483 245 142 8 483 142 229
1 2 3 4 5 6 7 8 9 10 243 480 454 133 134 11 183 364 358 324 494 117 104 224 368
6 39 363 423 364 409 60 480 322 299 163 182 87 237 190
1 2 3 4 5 6 7 8 9 10 73 484 274 317 203 4 59 98 174 299 423 348 9
430 295 117 286 56 401 42 469 105 452
201 202 203 204 205 119 434 97 285 339
373 44 74 194 221 275 390 288 296
278 127 350 339 296 138 292 193 275 275 467 7 96
101 102 103 104 105 106 107 108 109 110 111 112 113 114 115 201 202 203 204 205 188 304 318 103 393 62 184 434 361 333 433 211 434 94
258 384 361 92 170 163 81
201 202 203 204 205 430 151 110 161 448 337 391 205
225 463 323 491 259 118 348 291 381
438 157 213 61 472 54 393 120 155 422
305 323 410 141 63 424 80 198
406 468 92 102 490 318 109
201 202 203 204 205 460 164 73 231 147 397 492 116 347 389 149 73 16 433 346 61
1 2 3 4 5 6 7 8 9 10 101 102 103 104 105 106 107 108 109 110 111 112 113 114 115 395 464 283 316 14
80 203 448 421 494
201 202 203 204 205 351 360 352 5 57 94 10 197 378 149 154 495
164 106 21 13 235 122 319 452 358 123
250 302 107 345 306 45
334 70 432 25 92 38 384 166 486 329 424 260 336 89
314 311 381 49 40 495 448 224 25 410 38 493 400 224
205 306 29 130 184 454 81 244 120 490 89 222 341
440 26 463 323 105 102 391
201 202 203 204 205 210 49 349 215 65 419 3 465 488 421 196
157 93 371 469 269 452
12 356 392 43 343
201 202 203 204 205 433 55 497 496 101 327 156 322 476 384 125 497
101 102 103 104 105 106 107 108 109 110 111 112 113 114 115 201 202 203 204 205 299 229 257 356 44 437 465 252 128
1 2 3 4 5 6 7 8 9 10 202 6 483 156 497 349 458 416 404 342 248 345 332 302
1 2 3 4 5 6 7 8 9 10 201 202 203 204 205 259 453 64 318 74 192
201 202 203 204 205 270 151 424 266 9 188 282 283 282 117 105 198 436
397 202 304 157 146 420 431 373 471 144 16 60
113 293 448 85 45 200 173 321
75 317 332 453 58 397 387 41
201 202 203 204 205 204 202 53 385 275 463 75 41 460 20 289 326 86 62 487 230
1 2 3 4 5 6 7 8 9 10 201 202 203 204 205 431 244 86 442 194 282 156 14 269 178 372 185 273 434 134
1 2 3 4 5 6 7 8 9 10 101 102 103 104 105 106 107 108 109 110 111 112 113 114 115 201 202 203 204 205 487 149 362 89 52 5 164 236 25 289 41 258 149
201 202 203 204 205 251 422 48 232 46 471 84 164 361 166 291
325 376 390 146 200 83 301 204 494 392 126 427 138 491 164 6
399 255 431 239 157 486 55 233 96 340
201 202 203 204 205 457 391 41 408 350 456 282 496 268
60 61 3 487 286 471 498 239 10 461 247 364 268 85 399 325
1 2 3 4 5 6 7 8 9 10 473 447 48 383 128 276 52 159 237 494 182
343 337 181 125 107 144 283 211 146 182 298 78 75
195 482 311 171 326 488 75 342 343 257 54 161
19 232 186 346 269 275 160 213 202 381
399 403 10 415 264 416 293 390 143 139 306
350 181 435 394 32 131 93 454 13 400
201 202 203 204 205 111 252 238 488 109 164 412 41 135 210 14 450 143 365 244 415
424 381 9 486 32 150 350 73 141 177
1 2 3 4 5 6 7 8 9 10 158 411 337 269 295 329 431 15 409 494 77
201 202 203 204 205 451 311 232 463 393 495 152 246 454 488
81 187 292 121 203 233 440 307 296 350 496 181 197 79
1 2 3 4 5 6 7 8 9 10 201 202 203 204 205 162 1 29 436 468 347 353 248 293 405 190 227 11
397 310 51 161 288 149 37 288 452 156 478 472 275 37
101 102 103 104 105 106 107 108 109 110 111 112 113 114 115 409 370 420 237 174 188 280
1 2 3 4 5 6 7 8 9 10 201 202 203 204 205 478 81 110 408 42 387 285 283 430 143
285 208 371 422 383 447
408 431 138 465 414 112 14 356 456 402
359 10 373 194 242 164 306
246 178 294 74 105 436 97 390 408 192 12 98 72 272 318
1 2 3 4 5 6 7 8 9 10 405 409 88 239 168 108 404 490 466 191 131 178
1 2 3 4 5 6 7 8 9 10 34 182 157 289 331
224 303 123 355 475 462 113 471 317 423
94 421 77 337 333 96 6 261 460 393
81 281 202 186 321 390 267 460 305 336 477
201 202 203 204 205 361 419 255 395 15 131 4 372 83 454 456 448 117 234 314 409
201 202 203 204 205 386 71 18 150 418 322 107 6
201 202 203 204 205 36 460 68 83 374 394 54 178
201 202 203 204 205 471 87 207 197 275 153 316 368 22 133 466 172 476 128 219 123
1 2 3 4 5 6 7 8 9 10 101 102 103 104 105 106 107 108 109 110 111 112 113 114 115 38 456 492 498 493 38 486 463 214 336
201 202 203 204 205 25 470 488 377 195 238 62 336 171 286
392 371 199 40 404 209 263 230 320 454 165 263 447 254 178 396
1 2 3 4 5 6 7 8 9 10 201 202 203 204 205 411 156 441 334 357 292 263 187
92 441 163 276 324
201 202 203 204 205 467 390 294 65 313 395 4 81 156 202 496
201 202 203 204 205 197 404 101 151 226 176 101 415 18 94 240 37 159
1 2 3 4 5 6 7 8 9 10 201 202 203 204 205 93 382 441 76 330 218 129 91 488
1 2 3 4 5 6 7 8 9 10 101 102 103 104 105 106 107 108 109 110 111 112 113 114 115 92 394 393 157 19 274
101 102 103 104 105 106 107 108 109 110 111 112 113 114 115 497 330 189 471 220 164 90 72 192 31 183 187 160 345 50 202
201 202 203 204 205 407 480 93 137 500 483
127 418 363 120 455 43 73 207 148 469 470 218 317 152 401
1 2 3 4 5 6 7 8 9 10 410 79 113 355 434 384 318 256
1 2 3 4 5 6 7 8 9 10 201 202 203 204 205 27 376 160 39 297 92 119 481
1 2 3 4 5 6 7 8 9 10 334 227 340 178 263
1 2 3 4 5 6 7 8 9 10 460 366 217 420 488
201 202 203 204 205 467 165 1 110 110 105 204 180 497 104 20 64 30 403 15
402 253 390 227 396 19 266 201 231 427 70
1 2 3 4 5 6 7 8 9 10 201 202 203 204 205 73 326 345 140 99 66 372
377 8 364 370 445 176 248 410 309 408 298 425 78 482
201 202 203 204 205 74 262 258 222 263
1 2 3 4 5 6 7 8 9 10 328 222 160 287 4 160
283 27 336 91 251
201 202 203 204 205 223 165 341 463 483 272 438 425 290 398 253
322 405 408 274 489
1 2 3 4 5 6 7 8 9 10 201 202 203 204 205 295 314 378 125 6 306 443 23 368 421 428 245
326 233 162 354 466
282 116 240 163 244 69 462
201 202 203 204 205 167 364 96 251 220 103
189 68 336 236 178 251
101 102 103 104 105 106 107 108 109 110 111 112 113 114 115 336 38 258 360 143 116 253 266 392 182 331 461 351 400 264 47
59 374 48 211 287 279
1 2 3 4 5 6 7 8 9 10 201 202 203 204 205 134 261 445 141 48 240 144 422 121
1 2 3 4 5 6 7 8 9 10 201 202 203 204 205 423 473 144 319 274 268 339 429 34 357 37 492 429 196 183 94
1 2 3 4 5 6 7 8 9 10 113 325 106 182 326 13 348 126 308
70 254 389 142 131 44 192 451 23 183 321 72
201 202 203 204 205 139 358 331 361 157 373
1 2 3 4 5 6 7 8 9 10 124 105 191 330 488 388 261 409 201 436 297 311 23
201 202 203 204 205 273 13 183 351 470 265 255 468 357 132
217 351 100 296 153 311 342 83 489 449 315 463 320 134
132 358 247 348 500 28 132 424 72 258 121 424 446
175 88 100 239 23 274 239 189
58 469 388 153 228 431 199 53 211
201 202 203 204 205 211 281 78 283 62 209 278 179 172 443 26 221
201 202 203 204 205 45 275 457 450 304 285 295 44 155 3 201 263 379 289 374 89
1 2 3 4 5 6 7 8 9 10 128 426 94 268 83 360 360 494 488 289 193
247 118 434 306 301 296 166 272 59 136 74 332 366
201 202 203 204 205 409 297 472 323 463 139 209 430 77 249 442 428 135 16 214
1 2 3 4 5 6 7 8 9 10 201 202 203 204 205 364 421 91 13 256 47 454 427 90 185 350 62 71 297 229 7
91 471 451 179 351 359 83 467 322 476 364 211 248
154 389 28 22 235 111 309 432
419 102 275 44 50 268 440 289 162 237 473 240 344
38 472 423 355 494 138 421 12 141 265 270 482 64 287 229
119 276 408 343 250 383 240 46 187 81 78 132 88 293
1 2 3 4 5 6 7 8 9 10 475 152 398 58 49 179 280 434 263 305 344 253 379 131 456
438 48 325 381 399 11 469 190 21 461 323 472 463
1 2 3 4 5 6 7 8 9 10 101 102 103 104 105 106 107 108 109 110 111 112 113 114 115 82 58 180 62 65 71 52
66 112 65 6 228 128 189 74 182 36 46 432 428 83 409
201 202 203 204 205 118 129 307 120 396 106 377
1 2 3 4 5 6 7 8 9 10 201 323 123 443 33 333 142
1 2 3 4 5 6 7 8 9 10 201 202 203 204 205 316 234 286 392 385 353 322 35 193 240 435 326 94 443
1 2 3 4 5 6 7 8 9 10 202 313 51 402 84 498 422 309 378 188 191 381
324 339 117 8 121 299
201 202 203 204 205 165 19 45 70 366 262 263
465 137 220 270 478 213 430 465 245 192 484 342 351 480
201 202 203 204 205 428 496 128 364 343 123 149 170 426 445 323 262
1 2 3 4 5 6 7 8 9 10 201 202 203 204 205 262 308 472 360 391 299 332
149 276 262 205 216 451 224 253 109 411 368 174 281
281 26 100 390 112 171
480 95 33 203 425 249 22 340 470
201 202 203 204 205 370 196 107 395 189 490 496 418 492 172
38 52 120 107 153 356 487 383 262 271 412 359 72
201 202 203 204 205 254 391 465 210 293 11 54 410 288 1 268 83 6 481
429 325 206 53 223 413 15 281 89
373 279 346 391 437 356 414 244 500 100 345 339 492
55 75 496 439 248 100 268 125 145 338 491 70 391 302 86 361
484 388 187 483 346 44 121 53 484 243 362 13 53 245
1 2 3 4 5 6 7 8 9 10 201 202 203 204 205 215 120 477 56 462 49 140 391 462
1 2 3 4 5 6 7 8 9 10 201 202 203 204 205 255 361 75 243 185 193 333 305
444 135 312 243 275
201 202 203 204 205 171 486 61 53 124 285 226 337 29 217 411 494 495 243 417 392
1 2 3 4 5 6 7 8 9 10 310 36 251 317 160 8 415 395 270 333 197 43 207 106 261
1 2 3 4 5 6 7 8 9 10 380 130 194 314 405
3 407 284 9 439 32 401 232 14 37 464 330 220 63 244
269 144 47 192 421 106 148 2 199 301 485 305
201 202 203 204 205 187 487 292 175 369 383 362 145 209 483 267 60 128 360 215
1 2 3 4 5 6 7 8 9 10 66 1 74 227 494 13 138 15 327 57 400 108 389 346 31
308 399 455 303 300 62 404 234 255
101 102 103 104 105 106 107 108 109 110 111 112 113 114 115 201 202 203 204 205 148 331 91 26 387 333 132 494
445 443 217 66 196 67 298 314 49 64 272
114 200 368 347 399 273 183 71 90 472 369 62 88
201 202 203 204 205 12 180 122 277 319 435 291 281
201 202 203 204 205 23 237 219 444 329 40 477 67 129 265 411 134
1 2 3 4 5 6 7 8 9 10 201 202 203 204 205 158 12 459 212 329 191
156 173 134 328 309
201 202 203 204 205 64 44 116 381 22 405 245 463 160 216
201 202 203 204 205 52 378 383 212 55 69 277 333 437 485
101 102 103 104 105 106 107 108 109 110 111 112 113 114 115 201 202 203 204 205 3 60 408 340 383 50 490 97 265 256 315 447 358
201 202 203 204 205 132 93 215 417 250 405 411 359 347 180 186 399 217
1 211 421 318 405 459
100 134 444 114 93 343 193
201 202 203 204 205 447 204 293 137 291 49 17 150 380 109 164 10 128 481 304
403 295 451 153 423 229 174 443 186
201 202 203 204 205 203 318 301 83 60 372 238 442 371 482 156 432 491 268 409
201 202 203 204 205 452 107 88 293 22 21 317 213 282 363 93
1 2 3 4 5 6 7 8 9 10 366 77 305 407 191 65 146 169 249 90 256 302 233 117
1 2 3 4 5 6 7 8 9 10 101 102 103 104 105 106 107 108 109 110 111 112 113 114 115 201 202 203 204 205 263 300 345 496 94 38 336 311 328 157 110 82 255 155 37
201 202 203 204 205 280 471 22 36 328 275 387 3
160 311 486 82 157 309 485 184 465 39 152 136
101 102 103 104 105 106 107 108 109 110 111 112 113 114 115 201 31 424 474 250 40 92 233 66
291 404 184 24 222 36 71 346 92 465 266 66 264
23 467 289 131 398 21 283
201 202 203 204 205 415 212 346 447 35 489 19 182 394
475 242 8 167 53 19 107 458 75 225 383
201 202 203 204 205 370 110 250 339 492 328 119 127 242 441 498
101 102 103 104 105 106 107 108 109 110 111 112 113 114 115 201 202 203 204 205 20 148 306 435 117 112 288
1 2 3 4 5 6 7 8 9 10 101 102 103 104 105 106 107 108 109 110 111 112 113 114 115 207 7 80 238 111 222 343 317 330 38
423 438 352 64 337 158 201 206 182 500 249 35 94 106 81
201 202 203 204 205 341 473 94 322 205 408 82 264
101 102 103 104 105 106 107 108 109 110 111 112 113 114 115 201 202 203 204 205 61 344 245 198 216 225 323 316 339 161 423 45
201 202 203 204 205 451 327 472 120 461 305 482
120 216 94 134 93 399 64 393 219
336 345 215 450 368 202 97 455 278 29 46
491 387 133 190 69 468 463 497 92 55 23
315 411 423 137 346 117 274 258 95 187 29
1 2 3 4 5 6 7 8 9 10 162 117 36 216 401 292 271 167 261 19 329 492 204
1 2 3 4 5 6 7 8 9 10 201 202 203 204 205 434 283 474 19 130 29 97 89 255 184 214 274 150 410 296
394 444 323 315 46 52 353 231 177 185 247 443 122 177 224
268 409 266 360 212 469 3 68 137 274
1 2 3 4 5 6 7 8 9 10 201 202 203 204 205 54 416 231 192 43 215 490 100 336 254 438 477
1 2 3 4 5 6 7 8 9 10 323 201 399 131 216 455 207 235 488
1 2 3 4 5 6 7 8 9 10 201 202 203 204 205 30 375 143 73 43
101 102 103 104 105 106 107 108 109 110 111 112 113 114 115 363 410 314 472 392 368 286 370 397 1 268 373
423 304 437 482 474 342 350 248 144 391 482 123 380 387 438
254 35 43 372 40 225 62
201 202 203 204 205 483 407 97 116 313 287
101 102 103 104 105 106 107 108 109 110 111 112 113 114 115 192 184 412 320 280 415 217 408 92 28 413 315 189 118 334 163
201 202 203 204 205 393 66 181 317 332 330 102 479 255 446 16 71 191 22 341
101 102 103 104 105 106 107 108 109 110 111 112 113 114 115 472 212 183 34 416 317 21 469 406 325 180
269 129 483 192 413 478 295 358 255 291 370 216 295 16 438 5
1 2 3 4 5 6 7 8 9 10 318 168 483 348 345 89 122 304 209 389 37 380 65
201 202 203 204 205 265 274 110 26 232 371 492 78 297
24 174 323 131 180 318 486 285
169 490 254 484 35 364 144 359 390
201 202 203 204 205 368 300 69 480 99 382 163 204
433 83 489 486 183 262 122 121 318 3 308 446 451 111
101 102 103 104 105 106 107 108 109 110 111 112 113 114 115 370 232 234 11 70 313
201 202 203 204 205 225 442 236 119 260 80 497 380 302 495 12 26 152
38 266 230 305 291 36 11 188
1 2 3 4 5 6 7 8 9 10 201 202 203 204 205 142 129 452 231 406
201 202 203 204 205 178 286 358 266 400 318 232 176 18 93 244
281 50 114 248 442 107 477 307 64
251 379 145 86 128 323 307 262 138 127 250 205 457
1 2 3 4 5 6 7 8 9 10 334 380 287 49 215 280 46 132 255 362 433 224 104 388
110 118 271 404 256 60 492 97 496 70 120 238 260 125 337
281 380 255 329 92 449 324 489 491 30 360 456
483 232 421 398 91 62 426 309 147 45
201 202 203 204 205 199 436 319 352 371 451 132 111 310 104
1 2 3 4 5 6 7 8 9 10 84 368 179 281 275 189 394 271
1 2 3 4 5 6 7 8 9 10 435 374 375 263 326 55 443 479 214 285 496 38
1 2 3 4 5 6 7 8 9 10 333 138 126 445 186
201 202 203 204 205 316 441 253 324 350 61 300 194 303 360 341 93 276 252 417
1 2 3 4 5 6 7 8 9 10 488 312 305 326 220 336 349 205 304
1 2 3 4 5 6 7 8 9 10 301 66 199 19 444 496 236 460 191 489 329 92 226
101 102 103 104 105 106 107 108 109 110 111 112 113 114 115 167 400 414 122 414 244 163 5
162 340 135 487 372 65 401 24 125 35 73 427 14 331 284
201 202 203 204 205 339 477 139 57 339 494 64 48 42 344 152 465 79
487 39 352 220 417 470 389 71 330 428 475 236 20 231 336
201 202 203 204 205 179 420 381 112 343 193
397 139 489 120 105 421 46 159 178 156 31
366 298 272 484 248 498 242 325
201 202 203 204 205 25 436 16 177 161 435 316
201 202 203 204 205 491 16 12 49 494 312 359 132 69
201 202 203 204 205 398 81 239 227 143 302 482 459 72 267 10 387 282 420 422
122 175 155 346 245 227 374 15 242 59 462 46 336 254
201 202 203 204 205 467 187 19 275 328 232 254 101 188 145 1 391 158
94 191 276 292 314 484 119 459 145 31 259
453 223 134 294 7 26 373 183 371
134 309 289 360 320 225 313 315 485 479 135 418 476
101 102 103 104 105 106 107 108 109 110 111 112 113 114 115 166 55 75 202 329 236 49 116 265 351
201 202 203 204 205 372 337 245 195 359 374 327 234 121 491 86 87 221 273
101 102 103 104 105 106 107 108 109 110 111 112 113 114 115 346 496 127 212 52 417 164 73 378 350 27 84 231 255 216
1 2 3 4 5 6 7 8 9 10 6 405 466 137 466 286 156 364 486 313 414 343 298 456
222 294 471 400 350 244 51 441 214 164 316 16 480 479
473 187 5 197 409 63 412 116 338 58 252 119 297 21 134
201 202 203 204 205 304 263 16 326 20 421 203 138 485 352 323 21 411 363 393
1 2 3 4 5 6 7 8 9 10 201 202 203 204 205 120 157 33 141 296 475 452 62 494 109
280 229 48 220 60 369 398 388 193 452 91
201 202 203 204 205 401 80 15 34 314 330 240 31 255 261 248 385 497
230 68 487 100 20 174 325 21 261 204 417 430 204
77 269 331 112 401 332 305 90 173
335 431 268 300 120 216 419 486 62 286 336 312 18 337 94 81
1 2 3 4 5 6 7 8 9 10 201 202 203 204 205 389 281 157 353 351 325 426 314 181 93
1 2 3 4 5 6 7 8 9 10 101 102 103 104 105 106 107 108 109 110 111 112 113 114 115 201 202 203 204 205 480 218 154 181 271 388 217 265 286 160 147
32 234 299 191 435 467 120 237 73 456
1 2 3 4 5 6 7 8 9 10 219 271 79 296 110 17 322 46 1 183 65
211 94 330 264 482 463 42 212 24 253 93 474 222
453 311 418 98 271 138 203 406 181 376 138 103 474 294 118 285
201 202 203 204 205 68 331 387 474 177 224 417
289 108 66 209 312
101 102 103 104 105 106 107 108 109 110 111 112 113 114 115 201 202 203 204 205 219 7 320 46 9 13 118 287 158 383 135 189 171 453 405 450
302 420 10 358 80 430 262 127 367 357 218 449 5
128 399 305 409 268 21 216 100 277 135 233 134
1 2 3 4 5 6 7 8 9 10 201 202 203 204 205 395 190 315 208 78 439 44 434 262 267 311 76 244 197
447 285 134 442 240 134 42 2 221 366 190
201 202 203 204 205 100 252 441 455 455 97 158 145 69
201 202 203 204 205 96 328 311 113 372 213 292
149 343 120 355 472 17 323 343 332 217 499 480 18 43 384 341
201 202 203 204 205 418 207 133 124 270 266 354 450 134 434 276 116 224 231
201 202 203 204 205 50 141 423 462 349 198 40 314 255 46 497 313
201 202 203 204 205 486 180 48 88 212 389 101 364 47
351 222 362 376 342 287 178 388 476 309 138 281 497 372
493 399 347 101 74 499 469 427 172 388 492 91 185 497 187
242 339 84 19 490 247 88 398 478 415 263 115 58 496
70 44 308 344 255 56 426 34 346 213 158
371 285 290 166 301 408 500 253 13 203 297
1 2 3 4 5 6 7 8 9 10 357 445 154 53 244 254 500 114 398
254 172 153 438 340 58 85 125 204 490 111 404 280 126 446
296 74 338 49 160 44 426 361 6 16 402 76 98 187 29
201 202 203 204 205 277 279 87 422 436 467 482 67
144 341 56 399 366 55 183 118
270 350 52 345 370 175 209 50 438 40 456 320 354 422 210
143 81 273 473 401 416 104 467
192 458 262 268 18 79 32 405 405
294 482 231 6 167 281 258 430 173 295 258 472
286 371 201 254 268 481 418 21 496 272 229 317 464 104
159 231 454 107 399 101 241 331 151 195 360 382 390
1 2 3 4 5 6 7 8 9 10 376 197 424 440 5 357 306 478 246 169
201 202 203 204 205 493 312 355 179 294 499 263 288 37
293 458 241 225 446 305 28 105 248
201 202 203 204 205 219 375 189 464 124 205 489 252 362 6 346 206 377 487
344 289 270 61 482 179 92 282 98 4 67 500 173 214 49
110 197 273 95 76 247 495 379 309 316 447 297 38 50
490 161 142 245 46 246 307 38
144 362 465 54 464 439 252 398 244 381 202
59 344 360 453 145 235 466 376 85 463
1 2 3 4 5 6 7 8 9 10 201 202 203 204 205 251 64 159 31 447 22
133 400 266 443 71 461 13 143 491 87 169 257 243 115 257
270 93 94 483 444 229
201 202 203 204 205 324 399 8 134 39 171 103 260 5 373 244 171 74 304 98
1 2 3 4 5 6 7 8 9 10 201 202 203 204 205 305 367 160 223 269 481 280 324 188 400 435 162 164
12 479 107 332 470 485 122 497 351 269 297 299
305 25 248 370 373 261 353 121 322
166 234 119 469 427 182 165 219 10 435 299 112
201 202 203 204 205 406 251 374 18 2 80 110 189 195 422 469 449
201 202 203 204 205 152 283 68 108 351
201 202 203 204 205 166 72 375 243 27 188 303
463 55 331 408 254 104 169 45 160 436
1 2 3 4 5 6 7 8 9 10 201 202 203 204 205 330 259 87 499 51 272 137 149 92
83 337 359 291 416 31
146 27 10 271 209
232 416 466 388 59 169 232 116 408 31 480
101 102 103 104 105 106 107 108 109 110 111 112 113 114 115 350 87 126 452 408 305 276 398 464 361 252 457
111 108 284 429 393 65 13 67 300 466 312 446 497 252 339 434
430 310 71 294 83 231 427
1 2 3 4 5 6 7 8 9 10 201 202 203 204 205 489 337 438 312 308 282 393 134
101 102 103 104 105 106 107 108 109 110 111 112 113 114 115 364 164 395 445 422 313 172 91 23 491 408 250 48 446
468 315 300 162 224 474 262 430 76 494 281 300 297
66 306 440 396 213 370 451 137 418 370 26 370 79 355 315
1 2 3 4 5 6 7 8 9 10 179 423 404 337 61 378 498 109 65 273 423 52 482
101 102 103 104 105 106 107 108 109 110 111 112 113 114 115 279 61 95 36 465 309 214 493 497 227 395 321 110
46 99 276 343 84 415 176
201 202 203 204 205 121 160 213 175 192 72
1 2 3 4 5 6 7 8 9 10 201 202 203 204 205 259 375 347 437 61 60 138 257 226
53 451 143 328 179 264
201 202 203 204 205 408 439 391 495 298 413 208 391 369 432 400 115 120 268 71
352 460 387 292 239 287 483 448 95 188 211 50 248
64 432 361 438 254
201 202 203 204 205 20 359 189 47 174 150 17 381 212 146 235 419 86
201 202 203 204 205 90 322 26 231 493 419 317
464 208 496 24 146 34 143 374
61 313 103 72 45 37 276 187 325 151
201 202 203 204 205 415 255 67 327 440 30 14 342 275 56 5 182
79 474 360 379 251 178 392 129 414 428 344 380 248 348
383 95 311 161 473 368 494 227
419 238 77 218 384 91 215 396
404 120 160 301 191 314
294 49 412 249 238 6 408 373 330 443 378 239 389
201 202 203 204 205 31 137 305 352 349 326 269 419 328 40 29 13 281 367
370 311 308 288 362 316 469 451 205 385 200 169
1 2 3 4 5 6 7 8 9 10 261 468 243 345 75 326 338 307 77 141 61 230 16 303
101 102 103 104 105 106 107 108 109 110 111 112 113 114 115 127 241 106 52 193 458 340 491 235
1 2 3 4 5 6 7 8 9 10 283 233 238 490 58 156 284 279 213 254 336
1 2 3 4 5 6 7 8 9 10 201 202 203 204 205 488 480 288 96 228 399
201 202 203 204 205 205 89 98 331 309 437 169 21 241 428 243 284 58 48 51 213
56 121 166 318 129 224
431 368 151 321 96 24 497 469 250 495 135 39 81
231 11 447 139 247
201 202 203 204 205 438 281 191 324 292 63 295 303 362 193 266 108 494 76 485
33 270 2 190 173 180 63 254 340 176 298 405 205
201 202 203 204 205 201 471 234 324 466 227 144
365 205 141 179 15 420 23 361
448 202 196 58 147 318 385 285 331 59 8 188
214 11 67 120 1 281 195 123 55 426 439 44 74
101 102 103 104 105 106 107 108 109 110 111 112 113 114 115 201 202 203 204 205 49 82 195 258 64 197 370 361 376 424 369 190 30 132 86
101 102 103 104 105 106 107 108 109 110 111 112 113 114 115 201 202 203 204 205 104 264 190 316 417 389 4 113
1 2 3 4 5 6 7 8 9 10 434 259 53 241 257 174 65 361 476 190 297 388
166 332 38 210 337 435 250
216 457 106 315 194 33 43 479 112 341 131 271
486 278 387 93 331 331 181 1 124 378 308 167 427
1 2 3 4 5 6 7 8 9 10 201 202 203 204 205 406 429 114 491 242 74 385
201 202 203 204 205 308 130 298 482 423
201 202 203 204 205 200 55 292 110 63 93 157 78 9 86 181 20 86 320 491
1 2 3 4 5 6 7 8 9 10 201 202 203 204 205 219 169 42 296 320 378 16 22 394 103 408 158 187 152 235
201 202 203 204 205 468 346 261 429 14
1 2 3 4 5 6 7 8 9 10 221 212 365 193 219 130 193 205 82 203 62
101 102 103 104 105 106 107 108 109 110 111 112 113 114 115 61 107 331 198 54
159 421 381 9 406 253 419 111
201 202 203 204 205 473 456 490 374 482 437 169 370 105 178 166 378 38 214 419
1 2 3 4 5 6 7 8 9 10 201 202 203 204 205 276 98 431 488 46 63 464 243 253 401
246 447 116 163 437 272 287 397 157 45 211 421 248 282 176
296 386 400 453 163 489 51 26 249 139 370 135 306 392
355 230 123 319 1 459
201 202 203 204 205 214 392 400 137 126 27 188 134 457 157
389 48 473 487 82 7
248 23 315 421 481 143 427 209 36 404 140
1 2 3 4 5 6 7 8 9 10 141 394 291 284 413 123 43 306
1 2 3 4 5 6 7 8 9 10 201 202 203 204 205 424 164 384 93 374
201 202 203 204 205 51 472 465 228 236 16 59 5 281 389 45 54 406 44 268
201 202 203 204 205 196 82 153 294 158 412
1 2 3 4 5 6 7 8 9 10 201 202 203 204 205 75 33 115 341 224
101 102 103 104 105 106 107 108 109 110 111 112 113 114 115 405 34 164 95 182
272 84 494 344 149 187 433 147 45
1 2 3 4 5 6 7 8 9 10 201 202 203 204 205 342 174 497 174 330 119 238 169 453 294 178 132 274 305
39 112 407 122 68 251 189 22 255
186 18 476 67 173 7 410 355 439 390 352 379
477 22 89 311 83 312 409
278 154 262 283 12 185 232
65 25 18 176 466 254 444 238 15 89 141 453 111 324 496 126
201 202 203 204 205 464 305 111 293 90 297 342 201 391 91 318 68
169 205 269 396 298 442 152
201 202 203 204 205 315 327 270 423 308
201 202 203 204 205 279 57 400 337 284
468 419 435 120 56 291 77 382
201 202 203 204 205 445 160 332 29 91 92 357
381 226 477 127 59 175 127 452 268 321 33 199 475 81 30
101 102 103 104 105 106 107 108 109 110 111 112 113 114 115 325 481 113 83 225 134 402 297 426 167 31
387 288 309 323 8 323 404 217 399 340 219 405 326 78 219
195 324 313 479 371
101 102 103 104 105 106 107 108 109 110 111 112 113 114 115 201 202 203 204 205 136 140 89 100 68 256
201 202 203 204 205 500 478 473 374 335 277 479 331 384 445 325 58 108 9
444 72 481 68 374 192 107 221 90 94
1 2 3 4 5 6 7 8 9 10 103 33 387 176 4 296 77 470 94
201 202 203 204 205 221 272 204 479 368 309 263 213 393
201 202 203 204 205 218 343 338 174 125 276 61 315 205 431
89 154 404 314 209 54 302 72 482 76 321 452 118 330 457
201 202 203 204 205 315 422 335 274 58 203 271 411 395 239 75 119
454 355 45 28 231 393 102 226 57 234 294 95
201 202 203 204 205 97 100 33 441 56 149 405 337 375 197 408 24
201 202 203 204 205 301 19 392 436 25 399 458 275 422 236 465 37 225 367
1 2 3 4 5 6 7 8 9 10 201 202 203 204 205 220 224 329 273 221 143 432 239 335
162 234 150 209 415 56 460
1 2 3 4 5 6 7 8 9 10 35 440 436 221 262 170 426 224 404
1 2 3 4 5 6 7 8 9 10 116 346 126 258 200 62 198 338 196 103 279 119 277 270 213 181
201 202 203 204 205 160 194 252 52 312 273 21 342 22
372 414 76 432 191 393
1 2 3 4 5 6 7 8 9 10 201 202 203 204 205 86 62 12 394 276 265 112 362 69 77 293
145 412 185 412 152 279 472 267 114 185
1 2 3 4 5 6 7 8 9 10 201 202 203 204 205 114 475 81 330 6 233 237 217 378
201 202 203 204 205 169 426 34 138 378 283 296 444 120 375 144
81 211 98 425 30 283 182 319 120 206
477 12 461 392 58 465 226 288 152
252 455 456 402 405 136 237 45 245
201 202 203 204 205 446 3 15 433 79 139 248 350 141 380
201 202 203 204 205 40 479 165 32 358 29 372 309 208 416 103 313 110 481
243 419 217 141 11 238 49 7 394 445 49 331 263 338
1 2 3 4 5 6 7 8 9 10 201 202 203 204 205 467 285 489 211 29 194 451 342 488 306 253
1 2 3 4 5 6 7 8 9 10 208 131 202 415 305 350 424
1 2 3 4 5 6 7 8 9 10 101 102 103 104 105 106 107 108 109 110 111 112 113 114 115 201 202 203 204 205 345 104 333 87 39 138 391 14 315 125
201 202 203 204 205 67 18 236 391 52 137 305 463 488 406 32 413 295
201 202 203 204 205 410 244 418 188 377 220 165 307 146
201 202 203 204 205 290 30 244 11 126 181 85 472 419 335 400 368 188 177 332
118 306 490 245 340 392 399 38 484 473 20 428
201 202 203 204 205 56 49 441 4 489 207 18 4 428 452
101 102 103 104 105 106 107 108 109 110 111 112 113 114 115 17 248 194 293 236 44
101 102 103 104 105 106 107 108 109 110 111 112 113 114 115 201 202 203 204 205 333 478 173 148 125 81 481 454 177 410 320 234 103 459 189 435
34 307 355 185 322 74 270 146 481 300 343 110 143
1 2 3 4 5 6 7 8 9 10 101 102 103 104 105 106 107 108 109 110 111 112 113 114 115 201 202 203 204 205 42 291 247 66 414 470 230 177 205 316 158
1 2 3 4 5 6 7 8 9 10 34 442 75 308 407 113 2 443
316 484 364 496 36 300 55 181 176 39 470 45
498 324 43 315 410 125 240 20 111 251 148 373
355 253 371 264 484
434 65 50 451 294 216 214 103 424 223
101 102 103 104 105 106 107 108 109 110 111 112 113 114 115 102 216 30 194 398 44 340 419 61 464 274 158 89 492 446
387 177 133 265 286 371 130 492 103 423 47 322 176 357 33
1 2 3 4 5 6 7 8 9 10 101 102 103 104 105 106 107 108 109 110 111 112 113 114 115 201 202 203 204 205 485 223 425 495 3 238
378 238 130 312 175 5 308 403
344 428 76 3 46 494 70 77 404
349 51 363 389 292 476 126 122 76 491 183 123 330 13 344 219
101 102 103 104 105 106 107 108 109 110 111 112 113 114 115 488 451 343 116 260 339 162 209 470
1 2 3 4 5 6 7 8 9 10 376 193 231 81 67 242 20 362
101 102 103 104 105 106 107 108 109 110 111 112 113 114 115 317 381 311 353 139 258 315 284 103 189 375 285 486 103 220 220
317 387 438 53 338 388 235 193 395 289
269 473 130 393 185
201 202 203 204 205 431 250 265 73 399 85 442 142
101 102 103 104 105 106 107 108 109 110 111 112 113 114 115 61 362 439 139 92 22 396 351 251 149 10 456 343
1 2 3 4 5 6 7 8 9 10 414 358 382 409 1 407 333 363 213
1 2 3 4 5 6 7 8 9 10 33 473 99 436 305 449 151 318 310 185
375 209 162 470 138 461 337 290 475
1 2 3 4 5 6 7 8 9 10 40 136 163 169 254 229 89 121 70 83 5 294 441 55 401 164
201 202 203 204 205 409 84 426 150 60 141 31 461 172 398
1 2 3 4 5 6 7 8 9 10 383 396 90 190 353 374 89 304 450 189
1 2 3 4 5 6 7 8 9 10 101 102 103 104 105 106 107 108 109 110 111 112 113 114 115 376 432 371 467 108 66 333 162
101 102 103 104 105 106 107 108 109 110 111 112 113 114 115 201 202 203 204 205 49 372 435 346 136 136 222 364 387 24 474 358
201 202 203 204 205 348 68 41 433 122
201 202 203 204 205 205 390 56 267 196 458 166 499 456 320 135 80 310 481 103
1 2 3 4 5 6 7 8 9 10 201 202 203 204 205 34 426 304 433 12 137 117 411 302 2 50 195 7
1 2 3 4 5 6 7 8 9 10 201 202 203 204 205 410 379 497 364 91 136 8 447 327 183 140 199 237
1 2 3 4 5 6 7 8 9 10 201 202 203 204 205 121 125 115 340 183 259 86 328 289 294 426 244
1 2 3 4 5 6 7 8 9 10 2 212 182 489 119
472 135 332 104 42 343 275 124 329 211 158 264 296
201 202 203 204 205 305 89 477 440 373 138 287
201 202 203 204 205 296 450 393 158 133 319 405 67 318 467 180 452
238 282 235 197 399 16 215 479 63 422 37
151 21 261 386 354 25 39 138
174 242 86 350 9 129 270 289 114 33
296 397 320 14 173 406 125 108 72 314 238 323 275 483
201 202 203 204 205 405 194 372 280 225 237 309
200 184 380 452 136 57 370 371 119 201
1 2 3 4 5 6 7 8 9 10 55 363 54 74 116 128 381 417 147 312 349 363 454
201 202 203 204 205 460 272 27 345 440 319 271 230 75 190 320
201 202 203 204 205 101 115 105 282 230 8 88 423
1 2 3 4 5 6 7 8 9 10 377 220 183 22 87 195 29 7 113 197 113 194 398 257 155 13
334 411 221 295 191 436
215 195 221 492 427 489 58 146 170 195 424 227 36 27
1 2 3 4 5 6 7 8 9 10 79 56 207 192 336 190 453 364 179 6 413 467
478 215 383 364 135 36 311 36 163 86 181 30 75
201 202 203 204 205 138 126 441 33 362 166 326
201 202 203 204 205 57 236 151 465 368 181 198 233 37 139 350 201 17
431 125 215 277 446 468 18 28
427 164 105 254 497 285 148 88
350 205 486 422 74 40 155
500 101 298 97 345 13 50 179 234 64 188 126 228
434 200 7 326 164 121 484 390 388 166 114 250
84 496 305 417 412 286 114 290
399 342 92 498 320 6 131 415 182 317 94 485 307 54 458
1 2 3 4 5 6 7 8 9 10 398 317 497 312 342 44 329 398 18 263 462 12 321 394
101 102 103 104 105 106 107 108 109 110 111 112 113 114 115 265 295 115 225 15 409 168 314 343 372
484 1 238 190 26 63 410 362
132 348 93 234 33 55 118 234 489
201 202 203 204 205 415 354 255 42 343 471 381 392 36
1 2 3 4 5 6 7 8 9 10 387 118 116 158 166 436 230 115 293 353 178 106 72 360
290 417 499 415 272 458 193 80
1 2 3 4 5 6 7 8 9 10 100 201 41 119 433
21 391 166 109 209
101 102 103 104 105 106 107 108 109 110 111 112 113 114 115 306 44 482 51 49 133 26 60 169 101 127 83 339 381 147
33 285 90 352 448 168
67 208 285 302 237 9
407 489 105 366 71 423 141 235 263
201 202 203 204 205 189 1 144 121 124 252 474 2 239 248 30 83 247 490 308 463
91 188 275 210 175 317 18 294 71 316 153 60
101 102 103 104 105 106 107 108 109 110 111 112 113 114 115 201 202 203 204 205 230 353 420 246 231 308 427 437 236 43 366 4 123
1 2 3 4 5 6 7 8 9 10 84 485 327 102 284 451 69 436 239 71 420 178
428 123 292 483 36 386 471 14
287 220 76 143 84 104 220 241 42 306 128 413 74 433 66 471
29 51 57 423 295 403 105
55 208 147 204 69
208 267 451 435 381 109 297 361 392 375 6
201 202 203 204 205 90 441 139 387 288 314 162 297 367
1 2 3 4 5 6 7 8 9 10 201 202 203 204 205 201 213 214 305 213 431 326 214 293 453 204 82 86 143
1 2 3 4 5 6 7 8 9 10 16 13 15 8 440 477 265 176 34 373 263 82 131 266 124 163
1 2 3 4 5 6 7 8 9 10 256 177 90 488 281 28 290 392 246 411 212 452
1 2 3 4 5 6 7 8 9 10 386 253 148 58 76 489 184 361 264 440 305 495 220 241 425 236
201 202 203 204 205 298 83 119 240 268 461
237 462 220 419 256 294
201 202 203 204 205 99 385 12 360 451 378 405 6 13
201 202 203 204 205 205 418 313 65 375 325 100 167
101 102 103 104 105 106 107 108 109 110 111 112 113 114 115 201 202 203 204 205 193 489 174 139 366 128 461 24 48 10 494 162 87
481 132 328 368 26 354 416 447 49 143 381 230 245 236 223 292
437 149 431 163 482 197 199 460 230 173 322 430 55 176 176
201 202 203 204 205 81 59 88 203 144
101 102 103 104 105 106 107 108 109 110 111 112 113 114 115 201 202 203 204 205 203 308 237 86 237 114 135 343 153 481 91
129 34 379 341 87 370 73 483 154
479 248 221 499 149 137 344 378 457
147 362 224 241 420 111 284 369 473 115 376 467 270 464
201 202 203 204 205 218 149 456 335 348 127 30 372 104 251 167 402 133 22 178
453 101 220 402 18 274 392 448 78
75 206 147 44 202 278 26 428 232 375
201 202 203 204 205 354 365 255 230 72 255 482 476 443 42 161 468 50 167 42 205
1 2 3 4 5 6 7 8 9 10 281 373 4 201 261 69 330 184 413 25 226
446 230 53 391 265 66
473 330 336 194 268 215 387 224
476 309 306 178 155 288 55
201 202 203 204 205 269 207 209 269 277 485 313 426 162 433 37 193 114
201 202 203 204 205 427 391 88 493 131 165 350 147 280 474
339 271 325 16 150 47 464 114 274 417 495 487 325 339 41 354
201 202 203 204 205 221 41 215 316 467 357 414
394 441 387 43 148 88 200 267 192 259 156
1 2 3 4 5 6 7 8 9 10 101 102 103 104 105 106 107 108 109 110 111 112 113 114 115 170 189 289 444 321 116 406 1 161 476 62 219 346
324 82 341 21 432 218
201 202 203 204 205 427 70 174 327 229
50 442 87 208 99 386 442 461 468 449 39 114 437 93 491 365
418 106 309 350 414 363 198 353 30 454 200 298
1 2 3 4 5 6 7 8 9 10 201 202 203 204 205 434 313 60 71 172 105
439 36 13 319 32 335 228 397 454 497
201 202 203 204 205 436 56 329 119 111 419 303 292 474 427 299
201 202 203 204 205 252 95 91 247 104 398 138
201 202 203 204 205 9 112 207 462 191 106
201 202 203 204 205 336 483 277 192 251
104 343 235 246 288 70
54 364 49 145 496 189 224 317 70 437 311 149 346 180 428
201 202 203 204 205 449 358 27 472 138 94 101 468 276 72
177 190 351 244 97 12 482
1 2 3 4 5 6 7 8 9 10 101 102 103 104 105 106 107 108 109 110 111 112 113 114 115 358 361 169 12 267 339 237 272
439 414 460 142 351 427
1 2 3 4 5 6 7 8 9 10 201 202 203 204 205 16 498 324 159 227 285 414 301
201 202 203 204 205 227 312 441 287 429
298 18 458 380 92 265 332 462 241 149 267 476 426 384 430 20
201 202 203 204 205 237 102 34 297 304
201 202 203 204 205 84 384 180 439 441 33 11 20 12 174 368
228 72 240 41 22
201 202 203 204 205 440 318 24 385 347 129 54 415 303 350 271 92 313 467 414
416 164 452 176 396 157 140 368 408 113 236
476 322 351 60 47 320 11 398 448 142
201 202 203 204 205 354 380 22 395 424 182 201 421
269 170 133 88 198
71 33 282 463 43 20
1 2 3 4 5 6 7 8 9 10 201 202 203 204 205 407 52 133 362 202 488 489
470 48 341 362 268 208 422 350
102 110 419 78 427 175 410 383 257 498 121 339
1 2 3 4 5 6 7 8 9 10 201 202 203 204 205 460 342 116 238 293 230 23 329 279
201 202 203 204 205 484 397 41 496 152 363 68 236
12 115 404 68 337 340 406 58 348 429 481
201 202 203 204 205 158 130 117 447 399 431 494 260
1 2 3 4 5 6 7 8 9 10 480 277 314 166 17 249 308
101 102 103 104 105 106 107 108 109 110 111 112 113 114 115 200 470 406 175 434 267 5 314 57 408
114 157 287 377 387 252 128 251 139 74 494 418 182 107
1 2 3 4 5 6 7 8 9 10 201 202 203 204 205 298 127 10 144 445 394
454 257 346 454 302 72
379 412 61 127 56
340 102 133 90 334 451 62 318 236 1
236 498 119 191 126 88 385 100 146 248 277
201 202 203 204 205 334 51 179 432 28 20 371 67 98 72 85
1 2 3 4 5 6 7 8 9 10 201 202 203 204 205 201 143 42 26 196 151 155 50 180 28 363 175 31 366
325 328 13 138 378 436
155 387 106 475 106 479 89 234 398 56
44 228 93 479 316 394 315 156 140 464 182 164 159 27
237 374 12 435 271 134 463 13 1 246 167 181 162
201 202 203 204 205 334 354 40 491 178 470 5 228 19 211 138 279 495
199 218 364 45 263 89 121 196 146 386 382 443 392 424 132
1 2 3 4 5 6 7 8 9 10 101 102 103 104 105 106 107 108 109 110 111 112 113 114 115 112 70 430 279 430 258 14 442 460 71
292 364 471 21 332 305 250 76 420 251 213 450
238 113 133 192 398 295 486 201 224 480 46 390 442
1 2 3 4 5 6 7 8 9 10 391 425 281 16 122
377 432 135 302 17 214
1 2 3 4 5 6 7 8 9 10 101 102 103 104 105 106 107 108 109 110 111 112 113 114 115 95 279 90 114 362
201 202 203 204 205 283 85 272 197 291 266 160 235
201 202 203 204 205 330 486 350 150 441 158 28 124 178 105
1 2 3 4 5 6 7 8 9 10 171 97 491 407 468 409 103 288 136 283 490 307 192 239 57
297 12 310 310 185 384 93 136 204
447 273 197 297 292 479 345 390
101 102 103 104 105 106 107 108 109 110 111 112 113 114 115 201 202 203 204 205 243 350 492 381 464 256 133 337 351 33 211 143 209 273 142
201 202 203 204 205 209 15 106 69 97 47 376
372 354 260 189 388 461 438 123 27
1 2 3 4 5 6 7 8 9 10 201 202 203 204 205 291 235 440 231 221 216
1 2 3 4 5 6 7 8 9 10 201 202 203 204 205 144 439 78 11 18 145 244 423 369 154 309 352 376
201 202 203 204 205 70 33 321 248 431 69 218 190 312 158
403 355 354 353 428
207 272 407 109 163 41 344 87 211 227 445 196 96 84 218 162
324 162 168 96 207
459 239 302 12 125 261 473 342 367 290 310 396 118
201 202 203 204 205 377 500 50 474 468 81 292
201 202 203 204 205 169 162 328 361 371 485 161 193 43 206 458 189
6 231 239 206 133 135 262 285 74 260 111 92 85 215
201 202 203 204 205 429 187 357 65 177 12 316 350 430
201 202 203 204 205 202 437 383 127 25 209 303
215 179 31 431 69 276 352 170 342 331 346 31 39 134 144
1 2 3 4 5 6 7 8 9 10 138 284 462 476 205 3 465 380 78 255 211 385 90 193 95 498
201 202 203 204 205 463 339 97 113 460 169 95 101 494 169 450 392
369 379 467 306 343 422 207 172 72 150
124 137 407 216 461 83 375 481 111 285 13 92 208 141 202 247
1 2 3 4 5 6 7 8 9 10 201 202 203 204 205 122 179 114 261 313 347 374 32 135 66 165 92 22 256 295 22
190 245 55 308 215 131 359 458 344 126 356 328 248 62
1 2 3 4 5 6 7 8 9 10 201 202 203 204 205 443 1 230 180 23 31
95 320 337 80 348 248 429
396 112 33 360 349 408 140 429
201 202 203 204 205 104 414 441 21 133 459 115 193 145 449 86
1 2 3 4 5 6 7 8 9 10 422 496 480 429 53 349 84 309 130 326 18
201 202 203 204 205 322 107 17 145 108 12 271 260 463 390
160 321 14 95 468 350 228 55 129
1 2 3 4 5 6 7 8 9 10 270 395 241 367 413 264 22 321 133 11 407
153 418 143 416 418 239 396 107 25 165 373 209 220
403 173 28 372 182 125 249 94 412 483 87 252 23 121 161 260
185 195 422 425 15 306 376 487 24 264 50 218 211
1 2 3 4 5 6 7 8 9 10 201 202 203 204 205 338 412 310 43 28 387 419 198 62 22 470 135 170 99
1 2 3 4 5 6 7 8 9 10 191 397 344 159 465 333 339 77 39
209 263 309 400 434 57 415 169 386 333 497 5 307 85
484 355 288 411 327 269
1 2 3 4 5 6 7 8 9 10 201 202 203 204 205 284 195 250 391 143 463 94 264 474
189 29 136 204 416 71 157 95 291 22 13 330 274 75 409
201 202 203 204 205 453 360 92 153 216 199 331
1 2 3 4 5 6 7 8 9 10 201 202 203 204 205 219 77 236 263 111 383 213 54 385
24 454 96 69 240 26 87 25 36
201 202 203 204 205 427 99 3 348 245 191 443 16 500 410 327 373 225 420 450 489
1 2 3 4 5 6 7 8 9 10 447 241 467 13 320 100 132 70 417 382 313 202 211 22
101 102 103 104 105 106 107 108 109 110 111 112 113 114 115 201 202 203 204 205 122 420 361 70 378
72 33 192 13 428 496 126 385 226 180 70 474
201 202 203 204 205 44 458 473 499 118 481 440
201 202 203 204 205 358 245 92 112 399 451 213 483
86 8 297 454 413 34 330 454
150 177 139 423 246 342 294 184 318 308 156
470 405 295 189 2 358 67 312 183
201 202 203 204 205 390 392 167 77 95 311 153 114 414 149 468 473 454 21 162
1 2 3 4 5 6 7 8 9 10 201 202 203 204 205 157 456 421 424 309 61 307 440
447 203 327 121 2
201 202 203 204 205 14 396 109 295 186 160 64 95 360 239
20 264 483 364 126 214 19
453 183 403 36 5 139
201 202 203 204 205 459 58 253 335 452 456 413
297 364 189 290 406 199 350 362 26 355 473 417 137 371 364 231
23 164 295 332 330 427
201 202 203 204 205 424 362 46 152 86 469 104 226 102
372 342 159 70 150 44
201 202 203 204 205 98 364 469 447 153 4 494 163
101 102 103 104 105 106 107 108 109 110 111 112 113 114 115 201 202 203 204 205 400 38 305 7 442 150 101 199 384 364 319 487 242 402 92 33
1 2 3 4 5 6 7 8 9 10 330 393 223 139 377 16 24
99 329 81 134 84
468 143 180 328 140 141 223 303 441 465 4 160 304
201 202 203 204 205 344 174 386 184 499 194 443
201 202 203 204 205 127 174 321 482 179 388 484 252 454 409 245 430 91 324 57
347 80 454 31 55 326 293 388 339 412 241
201 202 203 204 205 223 94 136 357 403 296 483 268 323 174 210
1 2 3 4 5 6 7 8 9 10 69 131 67 88 241 258 500 260 318 121 484
101 102 103 104 105 106 107 108 109 110 111 112 113 114 115 14 99 44 308 204 376 389 468 148
1 2 3 4 5 6 7 8 9 10 315 126 241 345 359 126 190 201 174 141 469 394 385 386
221 269 296 298 469 142
448 432 19 77 348 102 236 456
201 202 203 204 205 95 342 61 447 59 259 472 24 120 471 459 446 193 198
1 2 3 4 5 6 7 8 9 10 290 11 49 254 253 366
101 102 103 104 105 106 107 108 109 110 111 112 113 114 115 143 188 171 160 298 131 325 471 130 412 155 191 491
65 175 397 299 73 313 210
302 185 424 79 433 489 410 153 326 210 80 379 164 313
166 461 228 437 224 466 455 227 228 161 123 90 398
201 202 203 204 205 123 324 455 3 13 19 324 204 290 151 238 371 244
406 55 420 214 268 123 102 347 471 420
63 424 86 491 3 311 425 333 91 4 405 259 20 121 129
201 202 203 204 205 259 426 256 165 287 412 236 249 22 382 83 362 444 499 146
1 2 3 4 5 6 7 8 9 10 85 302 213 14 142 44 129
1 2 3 4 5 6 7 8 9 10 85 357 465 183 485 304 170 153 453 329 103
109 158 440 309 436 214 317 493 272 32
310 348 435 446 272 41 231 8 441 491 230 321
201 202 203 204 205 353 424 276 403 300
415 338 117 324 305 411 242
101 102 103 104 105 106 107 108 109 110 111 112 113 114 115 201 202 203 204 205 298 103 178 345 330 12 75 264 472 51 419 416 427
447 183 423 22 60 160 477 475 50 99 432
201 202 203 204 205 472 363 467 333 353 171 132 207 363 484
384 106 111 57 340 497 455 211
351 443 163 382 343 40 99 465 207 136 213 102 404 274 296
101 102 103 104 105 106 107 108 109 110 111 112 113 114 115 341 213 300 231 180 384 402 432 114 358 252 219
309 402 179 342 249 365 297 318 3 408 436 119 167 47
47 475 122 43 381 99 396
1 2 3 4 5 6 7 8 9 10 258 219 301 229 274 324 57 430 83 200 324 495
201 202 203 204 205 332 66 350 123 183
1 2 3 4 5 6 7 8 9 10 218 346 29 479 497 32 124 425 227 230 374 99 446
211 30 111 270 336 330 418 183 36 423 308 261 7 19
1 2 3 4 5 6 7 8 9 10 344 414 122 164 384 188 238 499 471 154 168 375 381 470 484 64
201 202 203 204 205 260 325 385 376 19 40 116 111 216 133 105 11 128 151 182
162 432 51 180 419 347
46 182 197 140 128 126 346 340 165
1 2 3 4 5 6 7 8 9 10 101 102 103 104 105 106 107 108 109 110 111 112 113 114 115 181 336 51 444 148 289 468 87 173
400 95 413 140 85 375 493 388
29 103 55 378 164 14 461 185 261 262 355 288 41
1 2 3 4 5 6 7 8 9 10 331 113 436 132 89 425
201 202 203 204 205 428 271 176 62 48 69 59 499
487 144 261 191 190 101
101 102 103 104 105 106 107 108 109 110 111 112 113 114 115 201 202 203 204 205 457 138 324 233 271 243 358 186 127 6 479
234 341 40 360 368 171
1 2 3 4 5 6 7 8 9 10 317 71 89 318 466 301 346 57 173 444 16 279
263 320 1 155 478
141 222 131 133 2 420 206 296 322 329 34
346 309 73 173 198 412
298 318 42 427 142 370 191 211 225 66 290
1 2 3 4 5 6 7 8 9 10 155 365 282 33 35 269 469 191 326 21 499 439 325
419 161 336 318 50 301 308 465
239 470 370 486 373 358 178 49 98 486 434 379 226 87
1 2 3 4 5 6 7 8 9 10 388 275 147 121 121 421 258
201 202 203 204 205 433 271 310 93 91
201 202 203 204 205 30 375 44 325 107 400 201 306 472 130 327 191
203 183 236 360 235 285 378 220 295 498 258 384 31 455
135 273 313 325 238 63 369 31 291 251 14
80 178 272 381 420 453 158 46 264
108 465 221 95 79 151 408 263 404
383 80 322 437 14
201 202 203 204 205 496 250 194 174 447 496 425 234 465 21
1 2 3 4 5 6 7 8 9 10 280 227 201 120 241 490 85 111 427 198 325 230 26
201 202 203 204 205 413 25 193 428 45 279
201 202 203 204 205 471 27 252 470 211 46 364 216 458 136 460
266 272 442 48 419
101 102 103 104 105 106 107 108 109 110 111 112 113 114 115 152 285 271 117 458 216 125 189 259 442 353 325 460 85 31
1 2 3 4 5 6 7 8 9 10 359 32 478 148 259 477 79 248
14 220 388 352 61
174 230 343 416 169 248 291 361 83 371
326 47 195 191 465 444 37 97
191 264 332 258 16 38 310 365 393 380 200 249 214 151 313 116
201 202 203 204 205 328 454 232 336 131 209 29 149 488 186 410 183 489 130
201 202 203 204 205 277 320 248 320 315 290 466 335 484 210
201 202 203 204 205 294 80 287 228 225 310 76 374 84 485
492 252 38 430 146 239 479 452 125 101 488 169 151
101 227 499 364 352 384 204 403 288
313 276 127 296 396 424
342 168 323 80 274 457 466 335 400 363
201 202 203 204 205 83 378 308 487 425 1 70 142 91 408 404 202 402 299 335 390
1 2 3 4 5 6 7 8 9 10 101 102 103 104 105 106 107 108 109 110 111 112 113 114 115 201 202 203 204 205 160 24 217 489 266 92 96 371 121
1 2 3 4 5 6 7 8 9 10 161 269 367 454 29 259 60 232
68 14 213 410 93 2 34 91 182 160 460
406 174 201 316 473 12 281
201 202 203 204 205 280 83 457 137 436 289 190 452 468 432 431 140 476 487 357
9 90 274 1 442 404 302 92 72 437 345 330 232
101 102 103 104 105 106 107 108 109 110 111 112 113 114 115 201 202 203 204 205 283 238 274 488 146 156 214 406 119 234 6 104 322
1 2 3 4 5 6 7 8 9 10 101 102 103 104 105 106 107 108 109 110 111 112 113 114 115 142 313 467 116 381 156 115 192
234 367 67 25 82 438 190 449 495 142 243
422 463 256 242 128 441 483 53 320 12 412 384
101 82 384 454 114 391 186 319 348 272
101 102 103 104 105 106 107 108 109 110 111 112 113 114 115 216 400 372 377 441 372 160
201 202 203 204 205 256 469 229 404 12 139 167 293 248 127 61
201 202 203 204 205 11 357 101 287 19
201 202 203 204 205 225 445 435 338 255 175 124 223
467 40 221 247 281 25 158 357 23
101 102 103 104 105 106 107 108 109 110 111 112 113 114 115 226 221 122 163 423 225 210 344 130 364
1 2 3 4 5 6 7 8 9 10 467 313 240 92 292
84 101 289 55 218 117 85 480 25 23
314 454 250 263 438 348 272 485 172 314 243 123 487 307 58
101 102 103 104 105 106 107 108 109 110 111 112 113 114 115 201 202 203 204 205 12 96 160 193 22 230 402 448 116 320 90
1 2 3 4 5 6 7 8 9 10 3 306 413 479 266 9 9 370 209 13 28 399 230 395 26
201 202 203 204 205 480 272 475 381 9 232 198 360 196 4 467 184 171
404 432 172 273 229 92 217 381 184 241
101 102 103 104 105 106 107 108 109 110 111 112 113 114 115 282 326 158 79 275 463 324 141 200 31 176 75
201 202 203 204 205 410 287 121 283 290 252 76 348 353 479 248 429 91 305 149
101 102 103 104 105 106 107 108 109 110 111 112 113 114 115 322 255 470 490 15
201 202 203 204 205 254 420 137 345 373 95 406 229 490
1 2 3 4 5 6 7 8 9 10 201 202 203 204 205 182 449 3 225 167 38 83 470 404 203 65 309
447 144 244 280 314 468 153 333 274 439 99 324 363 98 156 490
201 202 203 204 205 290 298 54 331 16 208 247 401 494 350 310 317
273 190 40 398 308 459
305 16 155 212 398 479 280 436 119 226 78 157
274 353 215 479 142 312 466 43 374
410 105 103 235 461
101 102 103 104 105 106 107 108 109 110 111 112 113 114 115 439 225 154 73 484 350 143 415 482 401 27 476 226 483
201 202 203 204 205 446 87 153 275 377 367
456 207 362 53 144 317 156 318
101 102 103 104 105 106 107 108 109 110 111 112 113 114 115 416 338 136 143 182 169 263 169 491 488 392 172 139 91
201 202 203 204 205 190 207 447 240 247 441 275 36 61 452
34 147 25 272 316 209 413 255 378 109 53 109 477 134 55
201 202 203 204 205 334 160 340 469 173
278 59 227 334 56 393 163 321
1 2 3 4 5 6 7 8 9 10 139 388 216 428 246 317 129 414 441 284
1 2 3 4 5 6 7 8 9 10 272 368 276 268 393 312 251 399 14
153 85 261 50 485
413 195 491 443 340 314 44 488
1 2 3 4 5 6 7 8 9 10 201 202 203 204 205 181 479 377 374 483 170 369 42 124 356 472 52 461
351 390 465 436 333 412 46 338 297 352 164
1 2 3 4 5 6 7 8 9 10 424 124 240 449 406 473 446 440 365
201 202 203 204 205 296 456 19 250 435 376 268 357 15 69
201 202 203 204 205 406 464 102 271 269 332 252 8
1 2 3 4 5 6 7 8 9 10 292 23 256 371 288 296 295 286 159 403 233 497 324 34 1 285
201 202 203 204 205 241 234 206 24 314
1 2 3 4 5 6 7 8 9 10 85 255 53 182 320 242 315 245 471 397 117 151 306 6
1 2 3 4 5 6 7 8 9 10 201 202 203 204 205 132 126 230 165 146 462
392 340 249 204 12 81 301 374 182 132 455
479 175 493 230 226 95 431 311 202 49 411 124 199
101 102 103 104 105 106 107 108 109 110 111 112 113 114 115 175 324 349 160 135 178 296 188 99 451 440 148 187 449 75 403
101 102 103 104 105 106 107 108 109 110 111 112 113 114 115 381 16 194 248 315 293 418 322 324 239 317 1 135 274
324 236 373 338 109 170 345 56 310 203 2 289 277 142 221 348
201 202 203 204 205 440 337 93 493 48 266 6 236 340 375 266 477
391 192 244 280 67 192 236 200 166 183 64
235 299 111 471 106 468 336 115 259 440 418 121
235 301 257 187 366 249 76 257 402 102 142
201 202 203 204 205 346 308 23 173 126
102 306 94 248 183
460 373 460 202 384
318 411 223 165 316 152 97 223 269 330 207 165
201 202 203 204 205 48 281 227 70 380 314
201 202 203 204 205 184 53 494 116 143
1 2 3 4 5 6 7 8 9 10 225 189 274 62 307 205
148 384 224 246 134 255 371 104 123 422
139 371 142 282 279 54 54 109 428 221 204 385 384 148 105
202 310 278 321 210 446 377 296 78 423 475 387 39 167 177 386
108 278 266 98 276 309 274 463 152 43 123 158
1 2 3 4 5 6 7 8 9 10 201 202 203 204 205 422 57 465 125 246 11 268 463 474 221 98 65 86 424 238
364 435 318 135 19 402 180 61 210 448
101 102 103 104 105 106 107 108 109 110 111 112 113 114 115 201 202 203 204 205 264 135 166 415 80 348 324 142 303 468 93 209 338
201 202 203 204 205 320 18 176 444 127 16 486 3 4 320 27 223 385 300
185 321 451 55 88 143 422 483 314 171
201 202 203 204 205 213 436 229 43 55 477 60 2 75 296
34 107 350 227 123 79 89 130 376 1 116 7 298 266 235 304
374 298 366 316 147 72 494 290 28 104 392 362 488 120
474 262 321 424 387
97 55 374 284 247 73 369 432 179 481 450 286 330 175 495 431
1 2 3 4 5 6 7 8 9 10 101 102 103 104 105 106 107 108 109 110 111 112 113 114 115 8 334 36 219 355 120 96 365 284
201 202 203 204 205 372 41 171 181 304 213 201 260 91 387 218 168
347 348 386 313 71 499 87 440 184 22
1 2 3 4 5 6 7 8 9 10 275 222 188 440 36 46
201 202 203 204 205 4 316 337 56 49
264 101 386 404 362 10 75 135
201 202 203 204 205 135 344 8 248 198 7 428 72 426 285 475 26 263 141 426 76
101 102 103 104 105 106 107 108 109 110 111 112 113 114 115 326 354 142 430 70
1 2 3 4 5 6 7 8 9 10 201 202 203 204 205 218 368 173 418 150 300 308 415 412 9 373 411 68 247
133 71 7 276 238 500 454 182 20
321 421 359 121 400 325 247 279 136 428 303 311
390 86 371 94 186 348 435 266 346 124 279 415 159 50 489
201 202 203 204 205 336 492 498 353 474
231 123 68 178 129 395 154 133 425 470 406 350 199 95
312 357 201 68 460 313 6 152 190 225 368 178 233
323 154 23 328 54 334
1 2 3 4 5 6 7 8 9 10 365 179 380 478 368 87 475 76 156 426 85 11 43 386 267
201 202 203 204 205 8 62 337 98 356 92 199 407 293
46 399 465 500 190 80 4 340 348 205 244 67 223 437 461
101 102 103 104 105 106 107 108 109 110 111 112 113 114 115 201 202 203 204 205 323 109 441 454 200 21 97 342 478 19 303 163 186 300
89 58 417 229 190 125 493 276 147 371 367 239
134 20 5 259 324 335 415
1 2 3 4 5 6 7 8 9 10 21 447 58 73 100
146 121 149 179 316 329 221 99 389 329 95 4 307
40 357 462 51 472 183 124 95 181 465 56 319 7
276 266 168 194 398 490 98 8
191 270 172 207 402 120 147 94 161
67 275 286 362 310
101 102 103 104 105 106 107 108 109 110 111 112 113 114 115 201 202 203 204 205 250 131 470 311 295 279 213 272 406 36 405 336 181 33 209
1 2 3 4 5 6 7 8 9 10 201 202 203 204 205 480 339 186 309 165 152 207 237 355 23
43 186 219 212 155 282 366 414 217 52 194 4
425 334 341 331 279 430 466 382 438 354 57 370
201 202 203 204 205 299 93 184 61 416 488 56 208 179 44 492 73
201 202 203 204 205 158 302 341 450 425 91 454 217 342
1 2 3 4 5 6 7 8 9 10 201 202 203 204 205 475 265 104 155 292 492 249 417 62 69 378 379 2 375
429 351 114 246 270
12 431 243 206 134 170 3 98 19
1 2 3 4 5 6 7 8 9 10 201 202 203 204 205 385 29 142 245 269 17 461 483 415 284 272 148 104 174 334
1 2 3 4 5 6 7 8 9 10 201 202 203 204 205 16 376 393 275 297 319 109 104 406 307
209 222 281 309 312 36 434 235 208
1 2 3 4 5 6 7 8 9 10 201 202 203 204 205 289 140 57 215 216 121 34 11 393 251 115 161 316
346 220 35 487 338 367 255
101 102 103 104 105 106 107 108 109 110 111 112 113 114 115 211 404 120 29 37 149
201 202 203 204 205 258 57 498 415 398 143 287 332 172 84 231 162 120 257 154 472
206 97 406 407 241 183 344 86
279 359 185 378 2
447 468 183 129 146 217 217 328 154 224 152 212 301 125 10 338
348 367 123 50 158 165 299
371 268 376 336 278 130 445 247
266 398 435 457 394 179 35 399 175 182
132 196 39 341 215 414 18 19 144
1 2 3 4 5 6 7 8 9 10 101 102 103 104 105 106 107 108 109 110 111 112 113 114 115 201 202 203 204 205 191 142 329 403 354 494 84 395 248 245 100 286 463 288
167 424 307 279 143 29 143
101 102 103 104 105 106 107 108 109 110 111 112 113 114 115 85 24 176 281 495 17 205 78 200 104 343 230 256
321 246 468 70 199 334 192 321 326
201 202 203 204 205 16 313 179 33 415 440 70 481 209 300 384 196 317 252 434
194 219 61 495 358 27
241 339 389 488 405 174 458 395 105 258 169 396 21 500 286 130
201 202 203 204 205 274 216 285 296 460 321 429 393 24 158 488 332 282 499 268
311 76 480 426 116 392 197 433 71 431
1 2 3 4 5 6 7 8 9 10 59 60 6 484 204 73 277 70 131 175 91 322 59 166 32 340
347 379 450 166 29 414 350 456 494 366 237 99 33 249 233 499
467 419 8 146 42 110
201 202 203 204 205 300 178 431 264 378 91 48 15
1 2 3 4 5 6 7 8 9 10 372 75 65 194 209 171 127 109
337 65 473 181 236 217 165 114 59 118 149 61
329 173 21 289 486 23 296 207 91 92
1 2 3 4 5 6 7 8 9 10 83 390 105 416 223 305 112
207 192 34 368 104 96 134 353 209 448 239 109 416 97 398 157
101 102 103 104 105 106 107 108 109 110 111 112 113 114 115 340 371 30 483 131 293 32 403 398
329 187 390 369 457 387
256 198 461 429 315 48 38 342
1 2 3 4 5 6 7 8 9 10 201 202 203 204 205 449 498 6 417 423 167 78 122 108 391 427 237 218 41
201 202 203 204 205 272 323 254 488 414 338 399 491
201 202 203 204 205 289 420 177 404 34 36 383 208 296
1 2 3 4 5 6 7 8 9 10 283 128 19 484 476 119 55
101 102 103 104 105 106 107 108 109 110 111 112 113 114 115 201 202 203 204 205 472 135 64 175 259 335 73 465 428 335 368 254 478 141 314 207
201 202 203 204 205 48 217 199 56 229 197 478 350 322 387 7 227 133
164 144 480 5 115 346
1 2 3 4 5 6 7 8 9 10 414 346 134 17 207 378 163 485 152
342 197 206 416 144 247 85 129 234 494 22 158 133
201 202 203 204 205 54 261 66 325 350 103 419 442 317 341 482 215 130
120 165 347 33 128 482 240 183 250 163 327 59
201 202 203 204 205 416 347 345 197 482 80
259 6 335 473 449 470 342 247 338 383 329
101 102 103 104 105 106 107 108 109 110 111 112 113 114 115 201 202 203 204 205 406 427 83 387 7 81 68 7 56 418 356
18 207 458 407 287 166 207
201 202 203 204 205 256 366 426 131 51 482 80 498 472
46 482 226 497 423 179 82 390 451 249 311 186
451 489 94 316 449
69 204 310 338 223 110 358 314 32 304 246 121
6 71 178 251 248 94 121 257 365 198
335 151 312 308 325 121 91 22
478 316 158 187 452
1 2 3 4 5 6 7 8 9 10 367 133 419 488 163 426 227 90 96 86 445 25 380 103
414 93 28 352 468 113 247 491 292 124 243
1 2 3 4 5 6 7 8 9 10 417 363 116 485 267 144
201 202 203 204 205 104 28 323 391 88 34 378 132
431 336 75 254 379 468 449 360 432 324 249 463 371 50
331 123 455 409 415 174 170 311 469 51 197 401 422 177 352 326
473 342 244 266 353 478 469 280 224 288 440
264 217 464 454 478 243
65 29 112 438 94 371 132 191 61 390 202 476 396 148 470 27
375 77 385 90 24 296
201 202 203 204 205 35 331 421 185 312 99
176 309 17 167 2
282 480 61 67 440 464
201 202 203 204 205 439 206 432 309 390 297 44 444 181 328 396 204 440 432
101 102 103 104 105 106 107 108 109 110 111 112 113 114 115 201 202 203 204 205 413 445 136 398 331 470 128 116 436 313 83
201 202 203 204 205 42 452 360 106 10
305 239 47 88 194 68 141 500 79 251 329 246 324
101 102 103 104 105 106 107 108 109 110 111 112 113 114 115 201 202 203 204 205 375 232 187 135 246 282 450 150
101 102 103 104 105 106 107 108 109 110 111 112 113 114 115 201 202 203 204 205 112 34 16 149 183 376 213 472 75 167 264
496 369 445 432 55 116
201 202 203 204 205 215 473 398 297 104 309 284 207 17 372 298 318
5 112 278 402 70 167 135 437 206 409
1 2 3 4 5 6 7 8 9 10 116 150 172 415 152 428 231 91 100 112 234 45 176
176 46 303 466 195
201 202 203 204 205 105 489 276 423 139 243 412 26 312 149 17 374 389 285 367
197 288 297 87 68 467 26 493 29 246 138 487 446
201 202 203 204 205 499 40 330 117 320 318
101 102 103 104 105 106 107 108 109 110 111 112 113 114 115 409 327 361 233 223 146 296 460 414 204 16 340
201 202 203 204 205 348 49 163 299 373 286 465 220 1 27 284 427 77
122 3 158 8 372 331 126 386 47 413
55 200 42 31 67
128 276 11 423 452 189 42 12 62 226
244 226 272 460 85 286 70 64 235
201 202 203 204 205 180 163 105 470 390 346 68 286 203
274 111 395 30 217 175 12 337
470 29 210 78 41 102
201 202 203 204 205 456 57 128 151 397 266 365
93 130 260 327 7
460 482 135 146 413 478 283 281 405 418 270 332
201 202 203 204 205 480 388 154 175 141 154 215 339 499 256 317 430 168
201 202 203 204 205 345 75 383 90 422 335 277 19
201 202 203 204 205 130 76 221 418 266
1 2 3 4 5 6 7 8 9 10 68 323 161 281 304 498 232 495 130 315 475 292 409 464 407 407
285 242 7 89 174 333 420 195 40 382 213 198 141 136
1 2 3 4 5 6 7 8 9 10 101 102 103 104 105 106 107 108 109 110 111 112 113 114 115 455 188 129 419 1 358 25 289 185 252 50 244 277 398 207 344
225 380 213 40 406 132 484 297 175 139 54 480 289 198 350 318
1 2 3 4 5 6 7 8 9 10 201 202 203 204 205 171 378 260 179 433 372
377 133 466 268 147 414 256 235 247 476 314 332 61 450 281 32
1 2 3 4 5 6 7 8 9 10 201 202 203 204 205 192 278 154 304 406 131 410 103 243 470 159 246
1 2 3 4 5 6 7 8 9 10 201 202 203 204 205 16 464 470 266 477 115 108 23
101 102 103 104 105 106 107 108 109 110 111 112 113 114 115 83 329 56 484 47 259 62 55 98 84 425 267 402 474 296
215 246 245 253 482 402 260 166 159 220 348 477
101 102 103 104 105 106 107 108 109 110 111 112 113 114 115 201 202 203 204 205 464 296 47 458 346
217 220 112 16 353 11 316 325 72 151 441 18 47
1 2 3 4 5 6 7 8 9 10 3 209 246 221 328 410 119 327 160 439 25 197
23 246 165 34 485 132 3 363 56 490 431 406 315 33 396 128
201 202 203 204 205 274 463 286 80 248 225 389
201 202 203 204 205 347 473 112 132 444
201 202 203 204 205 426 131 100 133 343 229 360 36 297 18 367 463 67 464 124 248
30 77 191 154 65 320 158 408
495 373 238 151 147 426 86 409 114 346 11 348
1 2 3 4 5 6 7 8 9 10 101 102 103 104 105 106 107 108 109 110 111 112 113 114 115 201 202 203 204 205 489 39 274 329 323 133 335 178 58 262 430 56 410
201 202 203 204 205 319 404 232 452 457 138 441 162 465 461 250 393 140 391 405 233
478 196 25 270 200 141 74 435 241 161
1 2 3 4 5 6 7 8 9 10 280 450 350 386 482 15 231 22 213 254 343 363 127 490
201 202 203 204 205 252 50 81 171 396
152 192 383 191 289 216 337 9 477 75 3 391 345 306 87
241 203 202 274 497 206 429 147 342 281 281 318 181 355
201 202 203 204 205 42 333 365 244 464 4 170 455
201 202 203 204 205 254 478 95 450 351 279
201 202 203 204 205 100 139 434 300 11 345 390 113
467 485 478 95 220 55 227 72 344 229
415 97 367 63 158 43 456 163 253
1 2 3 4 5 6 7 8 9 10 101 102 103 104 105 106 107 108 109 110 111 112 113 114 115 201 202 203 204 205 346 222 308 133 263 251 368 307 232 268 273
201 202 203 204 205 417 6 149 292 435 37 24
474 393 28 262 483 198 67
1 2 3 4 5 6 7 8 9 10 64 432 249 168 339 258 156 302 356 5
1 2 3 4 5 6 7 8 9 10 101 102 103 104 105 106 107 108 109 110 111 112 113 114 115 442 453 423 5 111 439 500 55 334 375 55 252
201 202 203 204 205 269 254 315 97 175 1 161 66 190 441
201 202 203 204 205 409 108 100 450 196 108 400 212 388 23 204 465 439
163 104 266 132 380 309 16 358 467
1 2 3 4 5 6 7 8 9 10 101 102 103 104 105 106 107 108 109 110 111 112 113 114 115 201 202 203 204 205 191 461 399 269 197 312 319 392 381 355
1 2 3 4 5 6 7 8 9 10 499 31 192 217 69 293 249 396 394
20 143 404 176 142
1 2 3 4 5 6 7 8 9 10 201 202 203 204 205 446 67 103 186 67 388
101 102 103 104 105 106 107 108 109 110 111 112 113 114 115 201 202 203 204 205 127 237 384 346 187 28 378 394 30 394 201 72 307
469 192 325 248 327 157 403 365 194 340 299 133 464
1 2 3 4 5 6 7 8 9 10 401 234 241 498 67 474 468 385 180 20 135
201 202 203 204 205 288 72 20 347 213 68 96 125 171 434
21 130 233 377 371 188 342 14 282 140 162 347
477 34 334 322 196 471 140 162 278 146 273 308 295
1 2 3 4 5 6 7 8 9 10 281 70 64 367 87 241 369 259 21
349 82 226 26 272 443 375 216 355 431 108 69 377 346 483 1
1 2 3 4 5 6 7 8 9 10 302 160 28 119 177 254 454 16 400 393 135 401
201 202 203 204 205 33 337 350 226 278 311 464 266 466 80 118 200 276
101 102 103 104 105 106 107 108 109 110 111 112 113 114 115 271 464 368 334 299 429
52 77 285 40 324 430 2 326 196 278 463
1 2 3 4 5 6 7 8 9 10 7 422 228 259 51 324 9
201 202 203 204 205 147 261 498 191 56 418 262
201 202 203 204 205 301 173 341 43 174 498 110 484 189 225 321 206 417 248 439
1 2 3 4 5 6 7 8 9 10 101 102 103 104 105 106 107 108 109 110 111 112 113 114 115 264 216 103 438 166
201 202 203 204 205 274 196 454 354 257 446 476
190 306 52 398 41
1 2 3 4 5 6 7 8 9 10 90 240 277 227 382 13 56 240 132 160 288 86 244 320 157
135 172 193 472 485 457 87 80 491 476 173 336 56 443 7
1 2 3 4 5 6 7 8 9 10 435 375 231 488 497 500 453
46 226 40 13 25 464 6 161 267 456
53 136 252 449 19 331 444 19 176
1 2 3 4 5 6 7 8 9 10 84 279 117 307 412 454 189 277 7 264 322 373 431
323 101 226 69 28 45 88 178 340 223 19 52 269 347 492 57
272 404 72 330 423 480 2 342 230
1 2 3 4 5 6 7 8 9 10 408 486 337 10 157 197 402 263 321 187 331 417 273
242 429 364 423 387 497 385 439 84 179 285 49 493
292 226 197 204 362 361 28 333 216 114
201 202 203 204 205 335 462 121 194 338 70 356 466 11 260 165 89 469 88 496
201 202 203 204 205 180 324 467 415 215 15 57 221 335 16 3
1 2 3 4 5 6 7 8 9 10 101 226 173 291 404 350 76
402 69 128 194 92 429 73
100 342 313 373 63 181 160 226
1 2 3 4 5 6 7 8 9 10 201 202 203 204 205 399 92 284 225 462
201 202 203 204 205 250 137 68 372 403 431 160 452 15 229 468 53 293 337 198
423 63 490 194 466 174 340 80 481 349 492 26 137 293 139
201 202 203 204 205 240 447 88 207 71 144 38 484 36 81 65 438 481 157 34 172
50 485 48 64 447
150 252 204 391 171 146 285 121 363 204
1 2 3 4 5 6 7 8 9 10 76 377 346 237 385 182 107 91
201 202 203 204 205 214 392 278 400 318 173 53 134
144 71 131 348 388 100 283 405 221 341 449 472
201 202 203 204 205 213 479 228 442 496 441 434
201 202 203 204 205 140 335 200 330 472 271 492 297 322 159 70 460 456 477 143
368 328 363 238 406 50 465
1 2 3 4 5 6 7 8 9 10 201 202 203 204 205 51 32 97 102 210 85 428 46 435 271 334 171 460 468 58
173 170 162 237 246 461 18 255 74 84 271 58 453
1 2 3 4 5 6 7 8 9 10 201 202 203 204 205 477 480 244 426 3 450 207 320
1 2 3 4 5 6 7 8 9 10 82 106 159 148 428 29 91 277 58 403 158 205 46 332 65
406 355 448 433 47 189 258
201 202 203 204 205 279 30 332 274 368
361 239 264 123 390 147 188 87 177
20 423 175 292 298 107 338 487 192 338 129
221 126 65 164 57 23 203 41 304 298 125 188 350
1 2 3 4 5 6 7 8 9 10 150 242 26 117 275 173 105 417 4 254 306 431
447 27 296 441 215 306 325 279 456 237
151 388 346 261 221 455 471 468 301 28 491 91 410 465
1 2 3 4 5 6 7 8 9 10 201 202 203 204 205 53 301 129 358 53 154 447 472 302 314 409
323 89 444 465 65 62 139
417 445 309 493 75 327 134 455 306 408 227 280 195 110
201 202 203 204 205 34 407 418 450 6 171 290 403 420
171 430 148 64 111 335
353 196 10 464 250 480 374 285 200 429 44 313
1 2 3 4 5 6 7 8 9 10 201 202 203 204 205 82 498 110 339 182 450 318 397 206 397 197 227 309 302 75
391 195 451 413 459 22 465 311 83 22 390 381 241
201 202 203 204 205 259 234 179 172 390
201 202 203 204 205 246 60 19 454 219 373 119 102
42 330 489 387 214 227 480 134 274 436
201 202 203 204 205 429 156 113 272 329 226 375 238 243 145 297 14 94 122
201 202 203 204 205 220 75 235 136 495 162 207 146 173 472 328 29 143 319 221 301
1 2 3 4 5 6 7 8 9 10 455 460 11 121 319 340 478 239 333 366 378 489 180 48 437
407 415 122 452 82 139 258 172
68 373 497 237 297 320 31 263 482 8 189
2 384 241 271 368 168 345 304 141 476 308
1 2 3 4 5 6 7 8 9 10 201 202 203 204 205 382 373 172 121 495 271 270 91 367 18 130 172 201
201 202 203 204 205 495 406 414 266 242 190 413 63 96
249 404 341 23 48 339 324 258 286
356 172 253 231 418 239 172 333 476 408 108 156
46 50 139 140 201 131
201 202 203 204 205 241 168 381 329 450 35 193 141 34 77
201 202 203 204 205 261 406 71 399 92 69 452 173 32 129 165 497 319 115 301
201 202 203 204 205 482 422 468 258 304 417 347 193 183 396 166 224 240 243
201 202 203 204 205 251 460 293 277 345 301 296 202 355 154 131 164 40 427
422 138 460 48 482 55 384 220 345 448 467 263
201 202 203 204 205 419 199 400 79 214 95
1 2 3 4 5 6 7 8 9 10 201 202 203 204 205 377 440 442 19 92 324 17 387 66 333 220 435 33 391 449
372 466 5 414 449
435 187 270 204 407 182 457 218 441 314 74 128 311 212 405 488
19 129 73 263 239 302 75 343 423
491 2 283 104 341 313 44 31 213 421 413
1 2 3 4 5 6 7 8 9 10 444 57 99 252 49 160 322 290 324 121 345 430 119 267
201 202 203 204 205 34 285 89 317 29 182 395 314 137 54 93
248 414 286 143 231 167 424 287 338
161 172 385 166 1 29 134 377 177
201 202 203 204 205 264 263 231 205 382 74
201 202 203 204 205 298 401 394 471 312
1 2 3 4 5 6 7 8 9 10 201 202 203 204 205 127 74 210 233 111 479 334 190 78 346 388 484 221
201 202 203 204 205 244 70 216 205 400 315 295
1 2 3 4 5 6 7 8 9 10 196 206 323 228 396 118 206 324 381 371 315 80 427 493 182 214
3 487 276 65 74 32 161 128 165 430 237
201 202 203 204 205 341 347 170 409 410 67 301 248 34 345 52
101 102 103 104 105 106 107 108 109 110 111 112 113 114 115 201 202 203 204 205 489 91 414 288 234 138
1 2 3 4 5 6 7 8 9 10 201 202 203 204 205 292 72 80 422 337 144 257 377 380 376 259 244 184
201 202 203 204 205 357 373 67 473 344 379 137 372 129 422 99 301 215 472 84
1 2 3 4 5 6 7 8 9 10 468 383 277 240 500 255 20 394 116 301 429 181 318 398 106
439 96 364 294 228 108 318 306 71 371 500 256 433 476 287
200 35 200 250 174 162 189 457 132 374 348
1 2 3 4 5 6 7 8 9 10 201 202 203 204 205 327 168 436 475 399 47
201 202 203 204 205 118 482 255 243 190 198 293 167 88 243 21 482 491
1 2 3 4 5 6 7 8 9 10 201 202 203 204 205 343 124 489 101 339 96 226 412 77 39 329 351 176
201 202 203 204 205 459 468 229 481 91 353 29 414 302
1 2 3 4 5 6 7 8 9 10 467 17 28 468 298 490
486 460 210 108 433 214 154 168 425 115 380 170 407 335 101 206
201 202 203 204 205 213 464 311 18 330 155 10 362 60 482 137
101 102 103 104 105 106 107 108 109 110 111 112 113 114 115 302 319 460 123 413 199 500 254 419 227 416 45 38 93 455
173 330 129 322 264 153 416 7 491 406 495 389
1 2 3 4 5 6 7 8 9 10 456 481 290 180 165 146 141 50 176
1 2 3 4 5 6 7 8 9 10 22 39 124 412 215 159 426 251 454 271 212 400 373 219 201 38
197 163 357 47 127 454
281 268 307 196 187 179 93 145 350 85 302
1 2 3 4 5 6 7 8 9 10 101 102 103 104 105 106 107 108 109 110 111 112 113 114 115 201 202 203 204 205 270 483 367 356 238 313 433
201 202 203 204 205 268 213 334 214 432 130 17 128 436 50
302 8 309 211 359 115 245 169 212
417 220 457 227 55 467 251 68
201 202 203 204 205 356 98 401 338 237 244 334 418 337 342 177 289 73 267 495 14
1 2 3 4 5 6 7 8 9 10 201 202 203 204 205 461 458 358 188 339 248 39 155 147 10 24 76 176 317
1 2 3 4 5 6 7 8 9 10 101 102 103 104 105 106 107 108 109 110 111 112 113 114 115 397 131 36 110 397 71 90 441
313 351 315 490 341 154 28 341
201 202 203 204 205 135 83 160 212 363 478 74 413 489 99 474 181
137 50 179 367 86 207
3 368 406 436 201 10 244 112
1 2 3 4 5 6 7 8 9 10 201 202 203 204 205 375 200 63 32 113 367 41 412 268 23 77 187 152
201 202 203 204 205 138 334 261 292 58 214 91 308 124 213
379 316 81 98 337 470 455 441 210 334 327 85 210 45 150
329 491 223 386 132 94 250
238 228 100 438 320 151 450 413
1 2 3 4 5 6 7 8 9 10 201 202 203 204 205 47 284 320 93 67 290 59 104 77 221 314 172 477 308
201 202 203 204 205 468 343 28 225 109 441
1 2 3 4 5 6 7 8 9 10 295 271 62 390 291 103 243 158 448 85 156 202 121 403
201 202 203 204 205 153 99 131 269 454 375 167
1 2 3 4 5 6 7 8 9 10 452 433 389 47 306 327 232 423 233 33 99 282 280 148
300 356 280 244 202 32 188 186 226 251 273 311 170 278 133
101 102 103 104 105 106 107 108 109 110 111 112 113 114 115 201 202 203 204 205 458 81 350 454 117 499 245 11 411 106 391 383
1 2 3 4 5 6 7 8 9 10 201 202 203 204 205 181 244 212 250 104 270 171
101 102 103 104 105 106 107 108 109 110 111 112 113 114 115 201 202 203 204 205 4 173 88 440 132 38 218 33 211 423 444 49 330 146 399
77 493 434 385 20 164 148 481 400 62 34 134 218 291 479
1 2 3 4 5 6 7 8 9 10 201 202 203 204 205 265 384 128 304 116 297 3
108 174 178 30 173 64 175 493
411 350 231 297 293
443 134 379 410 128 498
73 215 238 497 61 165 195 130 193 52 132 35 53 46 87
12 154 69 432 248 239 271 465 7 28 85 369
263 290 150 388 305
317 205 300 173 343 162
384 34 205 190 57 485 146 444 238 485 83 163 233 327
361 187 59 14 14 219 99 407 145 309 191 96
376 67 493 264 123 446 332
263 480 160 140 10 251 163 274 454 35 156 14
230 350 487 165 292 425 183 5 276
135 359 452 497 241 469 227 460 386 104
201 202 203 204 205 54 319 272 195 382 106 279 283 198 209 402 36
358 191 375 395 94
201 202 203 204 205 46 323 276 316 81 442 336 44 278 434 179 20
414 331 56 473 321 52
101 102 103 104 105 106 107 108 109 110 111 112 113 114 115 201 202 203 204 205 128 447 413 185 6 348 167 405 98 215 231 469 230
201 202 203 204 205 196 7 228 264 221 46 182 46 149 271
201 202 203 204 205 212 24 465 275 317 450
402 118 104 116 365 261 354 314 354 207 428 59 486 34
43 15 500 28 196
240 282 257 405 136 496 410 267
238 106 102 430 112 63 245 408 172 205 236 432
154 27 403 121 394 263 45 249 484 175 378 303 89 278
201 202 203 204 205 180 376 107 326 112 351 213 253 140 433 89 288 49 229 27 427
201 202 203 204 205 285 155 291 210 91 263 373
201 202 203 204 205 492 301 475 122 453 143 388 455 496 377 278 157 393 236 490
201 202 203 204 205 279 146 73 258 267 397 365 363 175 487
201 202 203 204 205 408 445 367 342 450 45
1 2 3 4 5 6 7 8 9 10 412 72 129 160 103 17 10 462
201 202 203 204 205 6 307 376 324 5 63 97 271
1 2 3 4 5 6 7 8 9 10 393 167 368 242 243 251 304 342 255 295 431 208 20
1 2 3 4 5 6 7 8 9 10 392 315 321 96 86 115 142 246 268 465 88 393 228
1 2 3 4 5 6 7 8 9 10 201 202 203 204 205 310 78 16 459 354 177 184 227 323 253
201 202 203 204 205 6 312 14 77 179 36 27 312 90
443 366 93 140 32 108 253 480 298 445
1 2 3 4 5 6 7 8 9 10 201 202 203 204 205 435 373 80 485 453
201 202 203 204 205 192 174 207 130 73 496
167 361 297 145 49 192 285 30 377
1 2 3 4 5 6 7 8 9 10 201 202 203 204 205 495 75 291 127 447
201 202 203 204 205 304 125 252 365 432 32 500 129 401 60 372 395 88
113 110 151 452 90 302 205 6 125
201 202 203 204 205 317 344 326 335 402 264 102 73 319 304 194 346 391
201 202 203 204 205 300 135 456 403 72 18 162 217 27 112 32 348 394 124 409
201 202 203 204 205 5 24 43 326 364 16 488 261 213 447 228 391 331
1 2 3 4 5 6 7 8 9 10 201 202 203 204 205 101 240 339 193 84 391 370 6 451 414 163 167 32
201 202 203 204 205 323 77 74 350 218 271 202 16 267 235 171 465
201 202 203 204 205 348 465 332 389 438 13 275 39 94 221 352 230 93 441
201 202 203 204 205 163 206 493 266 422 360 158 191 255 369 290 169 175 272 260 387
1 2 3 4 5 6 7 8 9 10 283 233 287 369 265 458
1 2 3 4 5 6 7 8 9 10 101 102 103 104 105 106 107 108 109 110 111 112 113 114 115 201 202 203 204 205 460 380 400 419 171 63 112 314 406
201 202 203 204 205 252 323 430 355 323
201 202 203 204 205 37 113 453 48 201 458 68 193 314 315 470 325 4 37
101 102 103 104 105 106 107 108 109 110 111 112 113 114 115 201 202 203 204 205 348 272 350 40 254 319 39 305 306 116 25 75 249 115 454
314 355 399 200 477 335 316 161 69
207 473 129 254 165 478 433 280 135 210 486 302 357 318
45 285 480 441 483 299 123 107 396 46 211
336 19 40 18 89 235 215 44 200 256 91
351 244 196 32 240 195 306 273 466 155 492 144 438 224
381 277 438 140 426 15 107 204 317 210 189
201 202 203 204 205 95 363 69 297 304 462 469 280 20 71 396 390 142
1 2 3 4 5 6 7 8 9 10 447 186 451 34 441 15 98 316 267 297 134 431 394 365 485 188
327 160 174 402 47 482 145 63 340 139
1 2 3 4 5 6 7 8 9 10 201 202 203 204 205 215 413 265 196 69 454
288 296 171 89 293
1 2 3 4 5 6 7 8 9 10 16 187 213 188 305 265 146 65 83 379 20 46 465 153 7 322
1 2 3 4 5 6 7 8 9 10 333 35 298 305 449 413 385 399
381 179 184 83 45 285 107 289 5 353 386
201 202 203 204 205 299 163 362 339 19 13 332 213 497 177
101 102 103 104 105 106 107 108 109 110 111 112 113 114 115 293 491 317 378 414 417 4
465 212 467 116 490 192 32
1 2 3 4 5 6 7 8 9 10 201 202 203 204 205 108 411 9 50 488 8 281
201 202 203 204 205 272 345 475 176 499 311
332 37 244 496 116 472 7 220 132 485 185 459
289 319 454 7 449 16 145 253 69 230 409 451 474
201 202 203 204 205 6 31 120 30 87
43 3 346 476 413 373 276 63 302 208 19
101 102 103 104 105 106 107 108 109 110 111 112 113 114 115 201 202 203 204 205 362 401 62 285 371 277 146 488 201 437 300 430 316 279 308
201 202 203 204 205 344 34 295 272 422 371 280 433 288 324 420 360 450
201 202 203 204 205 439 468 331 482 281 10 215 18 35 145 145 146 29 178 160 327
1 2 3 4 5 6 7 8 9 10 320 2 357 325 182 469 498 181 353 443
499 187 122 74 82 366 297 19 295 22 197 415
253 313 75 458 301 485 13 70 217 216 240 253 74 439
208 405 185 249 280 113 313 155 140 348 56 246 448 374
101 102 103 104 105 106 107 108 109 110 111 112 113 114 115 289 381 331 175 65 448 377 249 67 423
201 202 203 204 205 420 254 432 487 338 107 36 352 54 475 449 165 387 480 409
201 202 203 204 205 300 251 52 9 100 450 213 289 468 61 81 106
57 294 289 196 242 263 63 7 338 346
201 202 203 204 205 197 335 403 64 421 418 69 346 398 33
269 159 127 204 107 156 491 68
201 202 203 204 205 485 172 203 444 96 174 261
1 2 3 4 5 6 7 8 9 10 201 202 203 204 205 416 247 129 388 243 191 405 71 270 298
101 102 103 104 105 106 107 108 109 110 111 112 113 114 115 172 25 417 490 171 493 341
201 202 203 204 205 411 59 144 28 150 455
201 202 203 204 205 87 307 25 267 387 65 353 414 75 154 487
201 202 203 204 205 442 52 149 186 99 305 446 96 484
201 202 203 204 205 499 249 442 200 31 468 416 489 337 64 70 407
1 2 3 4 5 6 7 8 9 10 201 202 203 204 205 200 41 17 280 471 218 428 386 417 113 404 443 427 452 216
165 48 391 344 60
1 2 3 4 5 6 7 8 9 10 101 102 103 104 105 106 107 108 109 110 111 112 113 114 115 19 396 322 382 310 384 4 89 120 420 461 226 114 366
1 2 3 4 5 6 7 8 9 10 101 102 103 104 105 106 107 108 109 110 111 112 113 114 115 199 447 468 313 424 137 198 419 238 34 498 417 368
223 88 28 361 389 41 317 178 46 226 286 443 333
201 202 203 204 205 397 386 339 152 5 298 2 273 398 452 233 127 262 160
493 81 59 107 373 458 280 369 402
268 373 16 335 126 85 186 366 436
1 2 3 4 5 6 7 8 9 10 201 202 203 204 205 3 356 164 12 66 154 10 115 310
101 102 103 104 105 106 107 108 109 110 111 112 113 114 115 119 291 179 428 296 403 63
201 202 203 204 205 485 255 213 104 176 373 254 352 458 399 49
101 102 103 104 105 106 107 108 109 110 111 112 113 114 115 89 195 220 360 134 209 35 11
337 138 118 212 220 319 495 392 339
1 2 3 4 5 6 7 8 9 10 260 154 305 221 185 306 278 307 204
342 41 395 275 380
101 102 103 104 105 106 107 108 109 110 111 112 113 114 115 58 339 266 372 213 171 397 177 193 171
101 102 103 104 105 106 107 108 109 110 111 112 113 114 115 254 474 220 411 158
1 2 3 4 5 6 7 8 9 10 201 202 203 204 205 68 102 346 20 335 482 431 114 427 143
201 202 203 204 205 487 266 125 94 38 73 31 256 47 447 290 331 306 373 67 70
479 213 378 402 379 143 152 117 152
201 202 203 204 205 237 219 237 158 84 349 230
1 2 3 4 5 6 7 8 9 10 65 345 91 314 34 251 255
101 102 103 104 105 106 107 108 109 110 111 112 113 114 115 277 118 455 398 296 346 15 53 145
63 14 319 388 54 282 363
279 295 398 169 167 103 494 244 464
182 101 25 204 47 298 285 223 482 391 225
463 268 483 273 461 297 467 29 438
317 459 140 154 246 256
1 2 3 4 5 6 7 8 9 10 201 202 203 204 205 404 222 221 338 326 135 46 435 136 419 264
101 102 103 104 105 106 107 108 109 110 111 112 113 114 115 201 202 203 204 205 458 289 51 209 144 136 476 258 322 500 202 72 413 49
201 202 203 204 205 243 338 281 311 71 455 132 220 380
1 2 3 4 5 6 7 8 9 10 101 102 103 104 105 106 107 108 109 110 111 112 113 114 115 388 475 498 358 483 419 314
201 202 203 204 205 362 202 2 158 209 246 323 117 151 388 19 235 339 86 289 116
446 418 46 383 40 295
201 202 203 204 205 330 194 207 196 404 165
485 71 79 11 110 216 138 108 84 140 156 252
368 412 226 240 353 10
3 81 360 484 139 418 386 228
215 134 62 401 82 84 108 283 366 80 323 154 10 261 161
1 2 3 4 5 6 7 8 9 10 468 479 179 79 342 294 358 489 329 13
201 202 203 204 205 468 405 73 42 70 147 358
105 326 259 120 177 274 200 474 312 271 92 148 367
201 202 203 204 205 362 492 201 344 247 444 253 126 62 123
81 455 258 162 278 64 318 386 264 385 252 254 357 26 438 394
1 2 3 4 5 6 7 8 9 10 227 340 202 240 391
201 202 203 204 205 87 65 206 83 387 78 203 350 208 455 109
56 386 202 220 414 130 424 497 392 277 466 296 361 81
1 2 3 4 5 6 7 8 9 10 498 354 478 247 313 220 25 223 57
171 350 265 249 485 268 196 434
201 202 203 204 205 448 386 37 122 326 234 426 237 213 62 46
201 202 203 204 205 271 48 25 284 282 134 476
201 202 203 204 205 257 40 236 263 437 421 129 318 197 108 472
1 2 3 4 5 6 7 8 9 10 331 343 259 225 244 166 14 128 256 34 302 66 67 80
1 2 3 4 5 6 7 8 9 10 201 202 203 204 205 86 175 278 429 55 71 329 326 348
201 202 203 204 205 214 53 180 418 60 397 285 405
101 102 103 104 105 106 107 108 109 110 111 112 113 114 115 201 202 203 204 205 499 106 176 66 489 346 380 351 405 439 2 46
1 2 3 4 5 6 7 8 9 10 161 353 387 307 412 317
201 202 203 204 205 44 390 18 415 452
201 202 203 204 205 440 492 369 62 272 351 398
201 202 203 204 205 483 1 160 177 452 485 73 117 470
201 202 203 204 205 215 468 243 184 152 251 392 151 92 329 370
101 102 103 104 105 106 107 108 109 110 111 112 113 114 115 250 226 374 418 418 98 60 162 386 474 128 451
362 448 222 351 410 451 105 380 461 383 360 123 423 222
117 222 127 289 29 430 342
1 2 3 4 5 6 7 8 9 10 201 202 203 204 205 165 12 339 293 135 176 105 108 240 28 451
201 202 203 204 205 426 298 24 178 210 493
201 202 203 204 205 84 427 76 420 478 59 10 270 209
263 35 282 225 291 476 218 26 270 127 270
201 202 203 204 205 368 360 263 243 441 500 12 424 324 444 345
269 446 364 247 142 299 231
201 202 203 204 205 328 125 54 184 177 298 117 370 455 167 171 241 230 48 469
1 2 3 4 5 6 7 8 9 10 201 202 203 204 205 486 398 34 326 445 128 239 230 207 178 499 174
101 102 103 104 105 106 107 108 109 110 111 112 113 114 115 268 177 6 18 54 320 100 162 302 410 262 92
1 2 3 4 5 6 7 8 9 10 69 264 155 238 416 182 166 199 427 82 47 29 48 154 475
201 202 203 204 205 71 214 201 223 59 428 4 271 394 116
101 102 103 104 105 106 107 108 109 110 111 112 113 114 115 201 202 203 204 205 471 377 31 138 165
490 471 129 103 390 391 268 180 63 421 173
1 2 3 4 5 6 7 8 9 10 268 398 402 74 359 226 203 176 209
201 202 203 204 205 118 70 309 375 496
1 2 3 4 5 6 7 8 9 10 101 102 103 104 105 106 107 108 109 110 111 112 113 114 115 201 202 203 204 205 247 387 352 377 95 456 319 102 341 79 126 497
101 102 103 104 105 106 107 108 109 110 111 112 113 114 115 96 481 36 482 53 317 174 250 31 314 21 497 106
1 2 3 4 5 6 7 8 9 10 201 202 203 204 205 408 411 184 478 289 443 267 86 249 382 414
201 202 203 204 205 357 441 466 230 203 497 460 80 274 47 97 136 128 394 1 148
101 102 103 104 105 106 107 108 109 110 111 112 113 114 115 249 418 408 12 52 143 167 101 45 304 186 163 297 94 273
1 2 3 4 5 6 7 8 9 10 220 102 244 114 226 15 415 102 397 50 381 142 147 169
201 202 203 204 205 6 7 163 443 399 343 53 25 358 331 208 300
101 102 103 104 105 106 107 108 109 110 111 112 113 114 115 201 202 203 204 205 261 22 255 285 130 426 86 232 441 113 347
201 202 203 204 205 33 36 456 476 403
201 202 203 204 205 296 385 34 143 137 10 448 119
318 353 51 361 211 357
104 408 255 192 112 254 32 360 28 198 48 308 144 331
373 427 32 337 159 307 3 91 367 208 166 54 405 311 465
201 202 203 204 205 347 255 394 185 288 102 46 68 287 418
1 2 3 4 5 6 7 8 9 10 108 437 450 461 212 200 359
101 102 103 104 105 106 107 108 109 110 111 112 113 114 115 266 328 227 54 417 468 36 411 30 419 158 113 154 148 320
1 2 3 4 5 6 7 8 9 10 101 102 103 104 105 106 107 108 109 110 111 112 113 114 115 400 1 215 480 326 252 316 403 123 478 298 452 433 93 479 147
221 479 272 495 258 465 210 196 408 288 226 497 181 160 361
1 2 3 4 5 6 7 8 9 10 101 102 103 104 105 106 107 108 109 110 111 112 113 114 115 227 303 389 181 324 463 117 103 324 470 36 405 74 178 465
176 266 390 57 67 281
365 182 33 350 221 422 284 57 326 183 372 164 316 264 106
101 102 103 104 105 106 107 108 109 110 111 112 113 114 115 59 230 325 426 48 268 370 114 82 55 157 9 6
256 129 495 326 449
201 202 203 204 205 156 461 255 70 157 242 155
394 266 377 169 88 288 468 256 370 165
293 144 244 417 496 31
106 123 142 358 67
1 2 3 4 5 6 7 8 9 10 201 202 203 204 205 209 57 309 331 447
201 202 203 204 205 48 418 11 229 292 391 40 461 416 464 58
101 102 103 104 105 106 107 108 109 110 111 112 113 114 115 201 202 203 204 205 126 237 265 81 211 239 278 436
67 388 377 181 349 465 107 403 27 103 147
1 2 3 4 5 6 7 8 9 10 201 202 203 204 205 34 168 258 38 297 158 111 24 358 443 173 134 343 97
153 475 106 433 361 473 455 211 129 271 57 314 257 98
428 439 204 35 331
201 202 203 204 205 122 391 229 271 466 320 220 57 305 261 154 187 485 36 343
6 254 46 474 322 461 152
62 236 162 494 444 180 190 152 383 199 367 263
1 2 3 4 5 6 7 8 9 10 301 332 280 83 410 462 87 340 334 250 421 95 495 123
101 102 103 104 105 106 107 108 109 110 111 112 113 114 115 201 202 203 204 205 157 223 493 273 110 219 274 415 27
101 102 103 104 105 106 107 108 109 110 111 112 113 114 115 325 447 42 343 219 11 247 388 265 332 44 182
178 392 426 392 89 68 461 282 8 479 178 139
499 166 157 246 320 210 450 249
201 202 203 204 205 289 329 341 306 156 485 372 305
458 138 423 485 92 388 263
460 331 14 118 91 400 242 476 363 465 306 199 179 457 290 374
23 415 41 86 143 234 172 12 476 336 46
316 37 387 408 298 91 135 471 248 206 306 123 101 290 399 270
412 447 479 259 308 79 138 423 115 102
201 202 203 204 205 167 14 114 497 265 347 49 203 423 357 400
201 202 203 204 205 85 253 105 89 152 31 59 328
426 6 249 124 129 321 90
337 311 8 212 411 255 371 303 302 30 192
201 202 203 204 205 305 267 204 146 387
166 363 350 380 266 11 168 319 197 344 405
1 2 3 4 5 6 7 8 9 10 212 378 284 176 153 145 462 219 236 353 282
201 202 203 204 205 359 176 334 362 284 294 330 500 195 62 244 16 338 208 168
101 102 103 104 105 106 107 108 109 110 111 112 113 114 115 178 190 25 381 327 160 458 407 74 58 85
471 44 400 26 372 491 328 405 111 94
176 2 386 219 154 443 99 241 380
201 202 203 204 205 238 269 237 279 274 89 135 226 81 116 274 436
347 186 436 62 464 350 69 388
277 65 280 85 3 60
1 2 3 4 5 6 7 8 9 10 2 266 406 395 167 23 138 302 477 117 98 11 214
201 202 203 204 205 172 260 11 360 488 467 265
79 268 172 454 470 496 330 456 61 9
261 426 40 385 337 151 402 34 406 408 78 372 39
46 85 439 201 133 81 476 53 152 152 478
256 324 400 310 404 447
201 202 203 204 205 192 316 484 4 390 182 114 306 146 151 327 241
101 102 103 104 105 106 107 108 109 110 111 112 113 114 115 201 202 203 204 205 132 218 447 323 265 159
201 202 203 204 205 412 345 495 428 296 239 180 190
1 2 3 4 5 6 7 8 9 10 150 22 162 301 408 19 325 354
104 98 240 179 278 87 395 447 279 252 366 176 94
101 102 103 104 105 106 107 108 109 110 111 112 113 114 115 201 202 203 204 205 132 194 429 6 203 386 331 98
1 2 3 4 5 6 7 8 9 10 66 332 367 473 349 278 488 192 111 205 443 199 49 369
201 202 203 204 205 408 316 310 207 163 20 156 461 62 350 110
101 102 103 104 105 106 107 108 109 110 111 112 113 114 115 88 423 302 83 137 280 66 479 146 179 484 287 20 485 203
290 307 208 393 61 263 458 243 336 37 408
201 202 203 204 205 62 289 39 428 474 360 379 257 80 75 372 82 94 64 215
1 2 3 4 5 6 7 8 9 10 221 488 7 344 72 183 76 118 180 459 233 31 194
33 497 99 311 401
187 473 158 149 470 1 115
419 348 342 441 352 46
101 102 103 104 105 106 107 108 109 110 111 112 113 114 115 201 202 203 204 205 449 105 38 286 105 247
201 202 203 204 205 291 344 116 98 347 137 175 296 267 268 388
1 2 3 4 5 6 7 8 9 10 53 181 385 343 79 465 294 413 253 159 477 68 495 360 398
1 2 3 4 5 6 7 8 9 10 201 202 203 204 205 24 93 374 480 171 153 340 376 278 392 334
1 2 3 4 5 6 7 8 9 10 23 317 275 7 69 327 221 441 359 249 189 306
201 202 203 204 205 161 329 75 387 374 138 94
101 102 103 104 105 106 107 108 109 110 111 112 113 114 115 348 491 346 177 410 439 491 9 246 472 308 105 452
101 102 103 104 105 106 107 108 109 110 111 112 113 114 115 427 408 227 375 270 388 211 277 439 159 351 87 308 425
75 466 486 140 138 104 86 219 125 463 89
161 32 46 376 204 107 222
172 437 258 445 50 249 82 105 487 1
101 102 103 104 105 106 107 108 109 110 111 112 113 114 115 309 419 329 280 222 115 164 6
201 202 203 204 205 462 15 409 239 257 209 457 373 61 416 63 435
201 202 203 204 205 22 120 53 267 197 192 294 470 456 403 160 494 21 296 457
201 202 203 204 205 354 78 349 495 207 454 117 230 465 214 447 40 387 324 249 497
1 2 3 4 5 6 7 8 9 10 59 366 126 476 144 280
201 202 203 204 205 372 80 179 402 470 493 313 328
201 202 203 204 205 426 220 300 377 263 225 72
1 2 3 4 5 6 7 8 9 10 485 474 210 309 217 408 92
119 467 259 407 42 54 15 128 390 454
1 2 3 4 5 6 7 8 9 10 287 272 262 232 490 125 115 69 364 298 199 319 136
212 277 184 297 198 466 177
5 344 477 256 340 499 398 395 42 423 482
76 323 372 459 363 370 174 329 8 40 449 362 242 201 156 243
1 2 3 4 5 6 7 8 9 10 201 202 203 204 205 182 248 465 472 3
101 102 103 104 105 106 107 108 109 110 111 112 113 114 115 257 325 110 459 377 372 115 372 269 299 375
201 202 203 204 205 135 430 162 358 398 474 362 247 358 32 459 444
201 202 203 204 205 146 396 173 276 456 293 30 400 163
204 457 238 361 185
1 2 3 4 5 6 7 8 9 10 150 74 274 267 468 282 186 452 252 217 402 169 366 451 378
1 2 3 4 5 6 7 8 9 10 226 379 122 17 85 309 419 256 445
201 202 203 204 205 233 254 89 150 224 431
1 2 3 4 5 6 7 8 9 10 130 339 408 169 347
201 202 203 204 205 304 382 75 302 78 374 267 169 43 181 416 448 448 166
201 202 203 204 205 374 128 489 112 499 260 427 485 468 225 474 288
186 94 89 140 458 14 179 105 44
1 2 3 4 5 6 7 8 9 10 147 400 152 151 155 89 264 385 50
81 180 260 133 191 479 79 106 123 462
201 202 203 204 205 352 127 172 84 141 290 114 347 130 11 297 245 166 282
201 202 203 204 205 19 178 48 127 321 96 110 294 415 224 143 10 192 353 488 195
392 413 28 386 230 423 155 62 377 397 209 112 471
201 202 203 204 205 117 332 218 195 111 259 122 425 489 321 469 87 244
201 202 203 204 205 303 353 160 93 286 44 496
274 337 348 274 462 119 38 72 254 116
201 202 203 204 205 254 434 398 155 378 55 316 53 116
113 50 340 491 392 400 104 250 342 406 77 14 302 286
398 80 32 182 111
201 202 203 204 205 462 37 146 431 397 371 239 460 265 220 240 24 364
44 438 473 499 402 458 207 168 457 128 140 104 301 128
492 129 411 293 120
113 425 292 112 370 380 46 475 315 462 123 276 54
1 2 3 4 5 6 7 8 9 10 201 202 203 204 205 41 180 56 192 33
493 324 475 341 116 475 400 381 430 392 245 91
1 2 3 4 5 6 7 8 9 10 201 202 203 204 205 439 321 138 271 312 315 289 185 239 290 463
201 202 203 204 205 7 170 12 239 462 379 443 123 103 160 55 265 208 484 216 329
459 478 324 424 77 21 247 285 184 442 22 35 368 272 117 497
426 333 424 237 265 34 379 387 491 94 368 163
101 102 103 104 105 106 107 108 109 110 111 112 113 114 115 201 202 203 204 205 340 211 14 160 163 83 96 275 179
486 89 433 460 97 151 296
189 317 182 361 433 13 66 438 323 344 235
320 207 218 2 358 111 376 280 292 142 301 216
499 254 434 364 421 94 462 162 394 374 157 346 117 26 462
101 102 103 104 105 106 107 108 109 110 111 112 113 114 115 204 418 351 282 240 42 456 144 47 395 400 478
201 202 203 204 205 330 223 90 433 436 141 241 313 340
456 497 488 429 184 129 65 174 227 61 3 245 74 364 246 91
1 2 3 4 5 6 7 8 9 10 166 172 331 3 342
1 2 3 4 5 6 7 8 9 10 87 283 126 208 218 242 90 123 333 16 116 427 322 69
1 2 3 4 5 6 7 8 9 10 201 202 203 204 205 330 297 248 358 287 456
1 2 3 4 5 6 7 8 9 10 361 63 57 28 157 442 468 140 449 229 220 53 176 420 416
201 202 203 204 205 177 2 74 329 398 183 105 142 71 393 458 260 206 286 358
201 202 203 204 205 29 62 202 54 250 312 175 119 385 116 491 28 219 116
201 202 203 204 205 132 285 69 89 411 440 467 293 144 40 8 240 23 382
316 41 411 153 147 481 196 297 137 235 102 292 151 84 318 491
363 362 256 165 112 98 459 131 252 68 69
12 390 137 371 369 310 94
22 486 147 25 416 1 16 471 297 126 311 280 108 100 83
274 245 407 19 404 475 244 292 277 70 116 346
100 54 186 374 110 137 206 224 230 61 333 113 1 102 418
9 338 170 199 481 444 66
24 370 490 235 257 25 468
315 255 173 383 195 314 114 30 457 443 420 458
192 10 241 269 84 200 426
81 361 440 20 2 18 85 205 415 62 275 337 125
1 2 3 4 5 6 7 8 9 10 201 202 203 204 205 95 259 230 290 350 165 234 388 274 213
101 102 103 104 105 106 107 108 109 110 111 112 113 114 115 201 202 203 204 205 487 461 264 295 483 392 357 392 221 279 94 362 200 234
201 202 203 204 205 274 364 265 240 249 285 330 144 479 379 155 265
188 37 93 241 9 147 227 284 281 50 287 149 415 323 79 466
201 202 203 204 205 244 82 405 460 205 167 471 305 75 197 374 326 46 202 316
201 202 203 204 205 334 417 495 255 314 250 68 427 322
201 202 203 204 205 196 58 355 477 25 392 428 328 357 28 199 287 269 7
425 312 190 382 311 141 146
105 333 236 161 428 284 92 146 474 345
467 455 255 83 130 122 135 113 272 446
37 398 108 99 15 365 307 170 93 165 95 345 54 166
226 21 315 133 255
98 260 327 420 384 13 185 13 412
391 421 31 354 152 215 152 469 272
1 2 3 4 5 6 7 8 9 10 481 325 360 193 75 471
201 202 203 204 205 153 320 209 233 56 160 176 211 180
1 2 3 4 5 6 7 8 9 10 101 102 103 104 105 106 107 108 109 110 111 112 113 114 115 231 460 239 470 9 480 16 495 272 240 458 36 295
201 202 203 204 205 83 16 89 145 331 245 220 217 235 42 67 61
1 2 3 4 5 6 7 8 9 10 201 202 203 204 205 78 280 378 297 183 148 276
165 477 81 188 70 44 268 355 381
280 36 27 176 239 213 183 157 136 94
1 2 3 4 5 6 7 8 9 10 201 202 203 204 205 405 176 56 161 407 496 465 381 423 133
34 268 347 490 167 478 168
216 305 390 350 499 45
101 102 103 104 105 106 107 108 109 110 111 112 113 114 115 374 237 483 384 31
280 59 479 331 79 57 372 452 350 229 147
201 202 203 204 205 25 42 137 40 436 153 157 353
1 2 3 4 5 6 7 8 9 10 201 202 203 204 205 405 376 209 167 165 342 430 13 258 245
57 246 256 411 355 246 469 393 314 108 347 317 409 426 356 16
105 477 169 439 419 301 256 284 387
292 487 299 298 380 379 22
356 2 269 328 331 264 73 435 86 114 44 11
477 369 474 271 408 61
1 2 3 4 5 6 7 8 9 10 487 462 108 215 179 219 362 20 130 157 256 4 122 63 260
67 149 236 66 447 328 251 98 174
101 102 103 104 105 106 107 108 109 110 111 112 113 114 115 393 109 256 142 451 26 416 44 78 23
181 178 22 427 294
1 2 3 4 5 6 7 8 9 10 456 386 104 301 157 441 307 326 281 221 91
322 19 19 69 11 185 171 381 26 124 30 470 313 226 217 347
201 202 203 204 205 420 260 451 187 67 384 183 259 36 181
44 140 5 247 331 250 429
201 202 203 204 205 144 1 163 6 475 337
201 202 203 204 205 76 182 120 327 290 96 4 273 348 223 418
264 133 218 41 143 430 26 194 257 16 353
1 2 3 4 5 6 7 8 9 10 201 202 203 204 205 47 327 202 114 335 381 407 202 228 33 81 115 75 241 492
200 276 53 70 149 410 303 184 124 51 376 363 279
201 202 203 204 205 427 125 487 287 122 436 214 454
258 129 156 299 327 245
1 2 3 4 5 6 7 8 9 10 201 202 203 204 205 408 190 450 234 76 32 131 147
158 350 456 2 447 133 203 246 83 82 252
101 102 103 104 105 106 107 108 109 110 111 112 113 114 115 35 318 273 6 80 144
201 202 203 204 205 45 322 78 121 259 68 470 120 415 220 466 204 331
66 141 257 458 377 462 178 102 221 460 479 28 343 149
10 433 336 228 472 439 181 462 28 440
310 191 257 225 297 296 244 7 449 110 174
128 129 131 86 184
1 2 3 4 5 6 7 8 9 10 39 156 220 441 380 407 129 304 274 477
201 202 203 204 205 6 421 295 203 465 112 317
1 2 3 4 5 6 7 8 9 10 261 46 305 477 429
101 102 103 104 105 106 107 108 109 110 111 112 113 114 115 327 402 386 391 42 174
1 2 3 4 5 6 7 8 9 10 92 37 402 338 162 491 407 339 275
1 2 3 4 5 6 7 8 9 10 456 325 491 366 432 413 286 351 114 323 1 63 7
1 2 3 4 5 6 7 8 9 10 201 17 336 252 472 70 358 374 442 378 39 221 161
101 102 103 104 105 106 107 108 109 110 111 112 113 114 115 201 202 203 204 205 207 203 422 168 351 493 154 53 457 105 107 225 266
101 102 103 104 105 106 107 108 109 110 111 112 113 114 115 201 202 203 204 205 456 85 306 303 140 52
375 341 413 433 143 448 389 177 470 331
326 359 259 457 249 329 259
201 202 203 204 205 484 234 352 73 141 158 55 329 345 178
378 442 302 344 189 442 442 389 287 307
253 257 118 133 399 202 120 114 338 317 156 183
43 452 401 490 167 61 162 68 123 462 87 135
179 206 97 330 384 319 11 339 266 42 101 71 302 46 157 371
1 2 3 4 5 6 7 8 9 10 378 24 69 174 372 457 59 140 493 253 378 144 282 191 34
1 2 3 4 5 6 7 8 9 10 155 202 42 110 223 224 221 2 332 287 304 477 456 308 399 403
1 2 3 4 5 6 7 8 9 10 201 202 203 204 205 193 21 466 172 235 339 144 17 85 205 156 305 124 341 87
91 210 327 362 14 55 264
126 398 111 279 255 87 187 157 202
1 2 3 4 5 6 7 8 9 10 460 303 284 311 387 353 172 252 370 342 145 17 185 253 323 10
201 202 203 204 205 486 114 336 30 79 393 288
201 202 203 204 205 290 359 7 230 265 228 195 11 180
201 202 203 204 205 198 481 80 433 23 46 107 119 434 301 390
37 82 370 274 25 480 370 327 349
74 236 409 154 477 113 268 18 328 306 265 181 161 461 333
307 260 163 494 269 300 401 396 495 361 465 86 262 159 237 39
455 173 382 235 158 265 394 115 76 204 177 115 165 265
201 202 203 204 205 12 65 175 449 385 338 387 333
471 338 190 393 193 108 312 292 392 379 96 268
26 289 184 306 410 456 318 114
236 207 284 29 246 249 14 252 364 492 261 443 422 471 412 292
101 102 103 104 105 106 107 108 109 110 111 112 113 114 115 472 144 144 191 460 292 307 310
446 5 299 263 156 295 347 9 243 448 44 163
1 2 3 4 5 6 7 8 9 10 396 495 309 391 432 442 361 351 246 22 162 330 66 53
201 202 203 204 205 263 180 225 230 330 306 330 364 249 170 368 91 209
1 2 3 4 5 6 7 8 9 10 201 202 203 204 205 431 467 190 143 358 299 496
6 419 24 366 171 362 104 253 9 329 420 50 344 69 473
201 202 203 204 205 60 418 454 89 156 218 464 413 310 18 266 461 321
201 202 203 204 205 219 158 294 469 326
1 2 3 4 5 6 7 8 9 10 101 102 103 104 105 106 107 108 109 110 111 112 113 114 115 100 442 474 310 280 422
1 2 3 4 5 6 7 8 9 10 57 242 441 237 163 396 355 157 92
201 202 203 204 205 451 197 495 228 248 5 428 150 409
197 233 430 265 172
294 255 279 474 162 283 405 231 35
1 2 3 4 5 6 7 8 9 10 154 195 481 489 263 135 254
230 365 173 304 178 438 414 167
484 351 292 337 19 10 113 227 265 230 231 160 274 216
1 2 3 4 5 6 7 8 9 10 442 355 280 422 248 102 291 174 122 393 198 275 421
75 381 490 381 443 485 128 381 182 327
201 202 203 204 205 308 439 159 176 8 400 10 134 173 3 166 93
119 348 471 125 368
183 28 467 8 394
4 233 376 385 368 48 302 490 89 233 308 388 458 217 388
201 202 203 204 205 484 257 47 200 31 240 51 470 80 405 442
357 341 116 196 149 181 112 123 121 407 65 477
1 2 3 4 5 6 7 8 9 10 356 457 135 268 230
1 2 3 4 5 6 7 8 9 10 25 224 60 17 421 25 345 455 126
201 202 203 204 205 157 330 466 72 13 286 487 152 271 362 450 15 3 356
201 202 203 204 205 359 72 202 122 442 431 337 12 151 294 498 17 404 67
101 102 103 104 105 106 107 108 109 110 111 112 113 114 115 261 108 258 418 23 172 262 29 169 314 429 166 417 329 408
201 202 203 204 205 492 90 56 48 359 464 346 67 370 129 198
108 332 251 409 79 199 204
344 324 496 159 165 141 116 19 18
201 202 203 204 205 180 31 323 308 294
201 202 203 204 205 21 420 478 221 489 22 46 389 464 292 139 93 30 378 338
201 202 203 204 205 43 10 173 423 408 80 396 197 221 153 51 498 119 329
101 102 103 104 105 106 107 108 109 110 111 112 113 114 115 170 73 187 499 85 333 228 273 24 335 82
101 102 103 104 105 106 107 108 109 110 111 112 113 114 115 239 21 428 490 119 320 26 47 429
417 223 327 106 151 170 452 183
466 249 110 367 466 390 432
201 202 203 204 205 482 95 107 145 390 217
201 202 203 204 205 434 273 449 95 217 354 385 445 188
305 188 484 323 112 499 66
201 202 203 204 205 99 438 415 244 157 40 260 190 191 290 24 128 444
131 106 103 47 193 112 230 182 126 45
370 12 26 153 488 272 281 28 160 1 19 155 283
201 202 203 204 205 274 13 186 117 119
150 123 218 201 439 297 498 431 382 34 35 403 387 416
201 202 203 204 205 133 472 253 424 238 391 313 77 243 111 207 198 198 299
201 202 203 204 205 405 37 453 43 230 112 42
490 31 170 36 31 286 374 121 395 293 65
203 319 353 184 103 224 286 131 335 58 193 161 273 448 496 269
1 2 3 4 5 6 7 8 9 10 201 202 203 204 205 441 40 221 5 483
201 202 203 204 205 103 334 145 493 480 112
1 2 3 4 5 6 7 8 9 10 330 443 461 95 60 107 49 91 235
1 2 3 4 5 6 7 8 9 10 428 408 406 266 112 7 448 478 472
275 234 430 99 402 418 18 103
47 179 143 272 261 477 265 101 134 446
1 2 3 4 5 6 7 8 9 10 201 202 203 204 205 333 82 225 167 300 45 347 360 325 432
98 434 421 257 74 250 495 143 342 492 329 16 315
336 319 112 61 26 42 394 214 56 352 331 222 357 130
1 2 3 4 5 6 7 8 9 10 468 162 155 358 312 100 291
1 2 3 4 5 6 7 8 9 10 334 285 36 294 106
379 442 346 276 44 368 398 389
146 42 356 464 369 420
124 455 214 399 398 232 199 203 286 173
201 202 203 204 205 178 241 13 162 99 54 266 452 153 47 33 110 108 177 435
466 22 409 439 216 472
1 2 3 4 5 6 7 8 9 10 101 102 103 104 105 106 107 108 109 110 111 112 113 114 115 195 481 459 55 153 43
201 202 203 204 205 281 123 108 247 494 351 200 267 308
201 202 203 204 205 25 215 22 219 354
428 63 15 190 367 403 335
142 286 57 266 215 45 249 458 332 97 172 266 234 164 341
201 202 203 204 205 102 97 438 258 248 122 248 30 148 106 388 121
53 320 268 303 15 498 147
201 202 203 204 205 352 318 257 32 462 12 443 91 298
201 202 203 204 205 197 141 248 463 186 234 389 234 351 34 420
201 202 203 204 205 309 347 275 262 66 471 174 29 272 112 287 77 441 61 117
1 2 3 4 5 6 7 8 9 10 400 327 327 380 353 398 84 177 430 466 102 421 485 106 116
359 106 159 460 31 492
333 88 100 427 67 23 335 362 485 205 265
131 151 85 419 231 400
1 2 3 4 5 6 7 8 9 10 275 137 350 65 391 44
167 479 200 461 195 358 413 22 43 45 38 96 367 241 248 175
1 2 3 4 5 6 7 8 9 10 201 202 203 204 205 79 162 194 135 493 435 48 379 137
101 102 103 104 105 106 107 108 109 110 111 112 113 114 115 201 202 203 204 205 438 407 491 162 399
201 202 203 204 205 121 232 321 82 500 266 235 136 252 98 243 94
213 107 122 409 183 33 376
136 377 131 390 355 167 123 171 146 105 329 406 311
201 202 203 204 205 224 255 48 260 267 441
414 162 485 107 24 309
274 247 115 416 359 250 153 334
163 240 468 251 221 77 336 467 413 213 356 51 407 460 381
1 2 3 4 5 6 7 8 9 10 111 313 301 58 140
90 357 190 192 479 366 66 403
1 2 3 4 5 6 7 8 9 10 56 188 137 404 451 258 78 158
480 249 95 319 11 313 466 361 428 90 9 354 101 417
1 2 3 4 5 6 7 8 9 10 301 283 85 66 67 24 262 108 116 301 362
411 183 208 45 259 80 114 217 94 416 376
201 202 203 204 205 359 461 347 421 178 126 83 380 375 98 458 284
455 347 442 304 24 188
355 434 103 314 182 184 222 177 473 372 493
307 133 40 393 247 121 331 154 129 80 290 369 464
201 202 203 204 205 424 45 178 272 151 294 25 247 289 3 209 136 456 26 478 449
101 102 103 104 105 106 107 108 109 110 111 112 113 114 115 474 184 94 40 292 439 446 123 44 354 160 28 413
201 202 203 204 205 414 356 410 359 452 158 113 12 12
397 359 60 127 118 354 231 326 173 480 241 8 249
70 481 294 447 160 448 31 444 121 492 157 231
201 202 203 204 205 218 284 500 322 254 73 231 468 249 98 498
129 295 350 296 182 136 44 181 447 389 111 134 375
201 202 203 204 205 70 97 222 303 215 469 255 401 213 210 260 422 141
101 102 103 104 105 106 107 108 109 110 111 112 113 114 115 201 202 203 204 205 54 120 193 377 411 241 100 11 278 438 128 198 311
161 255 267 396 450 187 187 130 77
321 411 383 345 217 477 360 399 9 216 349 346 24 292 138
201 202 203 204 205 482 4 212 329 67 375
418 441 153 448 487 6 104 13
4 11 281 291 477 202 423 138
201 202 203 204 205 156 18 282 227 341 349 329 460 54 106 27 106 127
115 176 137 271 330 491 27 10 231 326
1 2 3 4 5 6 7 8 9 10 201 202 203 204 205 242 373 165 447 389 425 144 12 203 310 380 117 455 413 468 217
342 224 211 77 13 499 32 74 455 45
201 202 203 204 205 299 115 104 191 410 343 387 282 211 324 208 195 292 328 82 118
1 2 3 4 5 6 7 8 9 10 389 11 226 484 38 450 100 207 34
201 202 203 204 205 114 40 232 396 365 178 18
201 202 203 204 205 473 44 422 319 11 165
201 202 203 204 205 17 93 85 87 368 418 327 251
165 308 374 211 39 86 442 112 122 318 5
170 25 480 483 92 66 90 152 368 163 249 394 141
248 284 268 240 286 213 83 260 332 167
201 202 203 204 205 309 150 99 465 367 160 121 434 320 477 154 322 367 8 139
1 2 3 4 5 6 7 8 9 10 198 74 264 484 45 332 305 194 445 484 198 37 398 488 168
339 435 121 19 168 223 93 400 281 398 200
201 202 203 204 205 124 223 81 159 42 242 132
1 2 3 4 5 6 7 8 9 10 201 202 203 204 205 325 388 7 237 343 325 347
201 202 203 204 205 130 233 30 159 437 105 351 218 459 191 428 469 361
390 19 312 450 401 227 448 148
1 2 3 4 5 6 7 8 9 10 201 202 203 204 205 136 92 85 381 239 417 494 325 2 184 386 58 148 382 485 316
22 152 370 179 236 120 159 269 314 321 288 169 287
81 285 296 117 412 250 495 160 281 211 136 413 360 358 499
118 436 491 349 453 314 79 189 375 327 163 123 488 159
101 102 103 104 105 106 107 108 109 110 111 112 113 114 115 484 156 148 354 64 495
201 202 203 204 205 150 302 198 218 54 186 252 241 384 442
201 202 203 204 205 481 477 63 399 331 192 148
267 434 118 347 2 396 54 7 407 260 313
90 102 34 78 400 36 194 452 423 240 210
306 270 452 11 426 438 422 247 22 361 14 215 26 239
201 202 203 204 205 249 78 314 197 297 126 40 341 450 326 47 33
201 202 203 204 205 376 158 13 96 178 394 296 333 250
201 202 203 204 205 487 68 478 76 81 283 340 10
26 43 170 403 86 209 28 219 239 328 116 491 452 402
146 344 345 475 127 482 342 395 79 452 263 443 179
201 202 203 204 205 365 197 88 418 194
1 474 342 38 403 443 132 130 332 41 197 392
1 2 3 4 5 6 7 8 9 10 97 318 306 418 342 338 139 281 282 342 48 388 51 182
201 202 203 204 205 11 299 218 443 32 263 208 94 45 129 355 283 38 317
474 220 420 229 312 412
201 202 203 204 205 443 395 437 119 314 9 98 269 59
393 483 155 47 480 210
160 355 482 227 156 319 303 161 364 181 438 495 354 391 372
101 102 103 104 105 106 107 108 109 110 111 112 113 114 115 217 380 418 357 9 355 285 132
447 18 241 70 171 339
480 240 297 105 33 324 429 256 157 276 165 490 14 468 181
101 102 103 104 105 106 107 108 109 110 111 112 113 114 115 201 202 203 204 205 347 328 119 452 391 54 444 441
1 2 3 4 5 6 7 8 9 10 50 360 20 2 429 333 367
22 363 205 451 275 186 423
209 393 257 169 381 500 478 289
1 2 3 4 5 6 7 8 9 10 123 150 58 430 402 365 54 126 8 44 122 77
201 202 203 204 205 153 166 103 437 500 439 273 40 233 119
116 213 75 326 400 145
312 363 93 187 279 378 434 263 419 122 465 364 209 112 414
201 202 203 204 205 1 132 275 2 351 216 192 207 366
486 360 350 178 320 39 29 428 460 193
201 202 203 204 205 186 24 210 155 23 420 154 274 113 50
382 415 475 184 118 438 22 252 252
201 202 203 204 205 28 131 223 275 419 216 114 13 210 136 207 267 123 19 325
201 202 203 204 205 23 484 213 272 425 329 230 74 400
1 2 3 4 5 6 7 8 9 10 269 23 184 416 149 284 87 366 47 152 110 60 138
201 39 258 273 117 112 298
201 202 203 204 205 39 40 479 45 74 168 113 322
201 202 203 204 205 408 359 5 396 163 84 417 51 127 144
201 202 203 204 205 190 18 126 261 301 111 429 247 99 384
201 202 203 204 205 290 117 465 363 63 96 63 484 159 162 146 378 125 112
201 202 203 204 205 166 84 117 357 174 445
9 405 142 111 417 14 46 316
489 173 312 445 259 460 351 79 422 159 386 276 469 16 463
228 415 9 101 234 295 434 338 395
201 202 203 204 205 197 315 27 120 268 374 312 315 163
101 102 103 104 105 106 107 108 109 110 111 112 113 114 115 66 200 292 78 89 395 149 405 118 146 162 122 411 68
1 2 3 4 5 6 7 8 9 10 201 202 203 204 205 319 323 185 114 200 112 4 415 221 165 12 348 493 104 279 372
39 277 204 104 392 413
201 202 203 204 205 404 361 376 456 355 194 57
336 272 316 13 75 131 135 316
201 202 203 204 205 129 383 428 135 421 160 221 346 496 148 253 93 210 349 335 382
201 202 203 204 205 386 109 254 323 52
78 41 455 164 227 125 192 264 115 423 106 166
439 8 451 79 1 452 451 497 364 150 484 245 151 190 30
355 176 1 246 16 36 216 405 258 142 313 69 146
1 2 3 4 5 6 7 8 9 10 223 405 183 403 353 290 239 232 196 101 481 480 204 151 464 24
251 252 66 138 239 25 124 55 163 401 171 388 222 456 380 190
1 2 3 4 5 6 7 8 9 10 332 347 78 41 291 389 240 225 52 369 58 272
1 2 3 4 5 6 7 8 9 10 155 485 482 75 116 360 162 323
1 2 3 4 5 6 7 8 9 10 201 202 203 204 205 421 241 1 265 54 314 276 345 441 444
201 202 203 204 205 348 468 83 432 389
64 2 104 25 226 247 467 55 161 232 172 287 172 420 312 344
59 280 315 384 461 80 456 353 139 364 346 201
1 2 3 4 5 6 7 8 9 10 235 189 11 212 265 65 59 348 295 348 353 360 214
201 202 203 204 205 377 83 261 65 35 322 12 228 385 297
329 364 308 296 307 456 384 455 495 468 20 346 96 112 65
76 68 402 124 263 346 346 373 307 390 118 407 25 337 396 12
427 245 170 230 175 399 464 412 442 448 244 303 423 272 223 31
201 202 203 204 205 29 354 72 344 108 426 171 29 397 133 268 403 93 462 281 307
201 202 203 204 205 260 366 131 443 80 17 244 103 298 189
149 426 499 464 73 366 51 172 385
101 102 103 104 105 106 107 108 109 110 111 112 113 114 115 201 202 203 204 205 451 16 203 483 16 387 248 22 112 451 120 390 474 163
124 264 423 119 249 243 133 32 245 97 338 394 473 79 234
130 127 260 2 211 324 355
346 116 254 404 132 312 452 340
335 384 149 354 84 204 89 19 41 298
201 202 203 204 205 194 437 493 402 491
201 202 203 204 205 188 77 298 366 327 325 357
347 186 277 404 113
210 225 80 25 55 321 27 347 94 309 53 56 381 3 24
201 202 203 204 205 328 224 246 137 379 255 361 475 197 444 161 357 7 70 46
135 414 228 438 253 200 420 56 331 365 89 457 78 402 325 164
33 488 463 379 91 32 401 364
294 443 260 233 21 232 498 437
201 202 203 204 205 39 386 194 164 296 120 81 358
201 202 203 204 205 150 169 307 23 349 32 74 6 263
201 202 203 204 205 211 102 14 371 433 479 33 229
227 374 467 270 192 69 383 194
377 129 170 439 468 96 485 79 474 400 86 68 142 391 474 269
354 252 422 444 53 487 437 330 337 104 291 248 323 56 356
214 32 104 375 178 187 214 96 319
201 202 203 204 205 14 323 69 345 490 15 423 443 407 344 65 497
459 476 124 184 193 258 428 44 289 460 79 227 304 210 329 300
406 298 148 61 426 331 179 325 320 346 34
286 398 499 365 135 291
1 2 3 4 5 6 7 8 9 10 101 102 103 104 105 106 107 108 109 110 111 112 113 114 115 201 202 203 204 205 380 166 122 367 108 491 244 346 218 98 120 17 109 79 210
60 417 195 120 382 265 437
201 202 203 204 205 175 367 295 78 235 215 135 466
201 202 203 204 205 295 349 282 359 481 467 245 72
201 202 203 204 205 229 426 154 414 347 433 230
1 2 3 4 5 6 7 8 9 10 408 275 25 303 37 420 23 126 389 350 45 122 241
201 202 203 204 205 65 383 162 454 366 421 74 266 85 464 189 153
201 202 203 204 205 410 170 12 326 384 381 269 447 243 170 30 239 331 348 293 317
201 202 203 204 205 3 204 39 371 126 76 227 436 398 361 287
201 202 203 204 205 58 160 259 435 268 476
1 2 3 4 5 6 7 8 9 10 408 121 457 345 192 85 276 12 134 70 271
1 2 3 4 5 6 7 8 9 10 487 379 327 125 207 51 241 309 211
329 219 414 304 130 61
201 202 203 204 205 308 188 248 128 464 452
307 482 403 46 219 270 108 46 444 360 291
200 106 190 90 416 122 156
196 252 450 384 365 192 128 286 498 459 497 316
101 102 103 104 105 106 107 108 109 110 111 112 113 114 115 160 260 189 172 317 433 154 99 88 118 467 163
16 409 352 375 313 67 242 350 132 31 102 487 133 436
1 2 3 4 5 6 7 8 9 10 192 455 440 383 489 212 47 390 70 72 240 67 1 398 172 22
201 202 203 204 205 306 154 443 402 174 283 416 110 229 335 114 492 467 454 96
181 188 353 440 178 436 345 208 356 189 163 438
1 2 3 4 5 6 7 8 9 10 201 202 203 204 205 407 352 440 265 135 47 205 291 258 427 240 301
419 420 176 238 320 35 269 72 383 335 15 257 293 483 298 80
497 24 162 76 196 423
280 61 256 242 32 243 118 157
1 2 3 4 5 6 7 8 9 10 201 202 203 204 205 219 144 378 3 107 289 10 75 430 454 154
1 2 3 4 5 6 7 8 9 10 72 225 313 246 8 117 268 439 483 314 151 176 190 13
201 202 203 204 205 332 254 168 316 440 231 324 175 341 119 286 306 246 474
1 2 3 4 5 6 7 8 9 10 421 387 297 120 247 440 447 282 323 312 12 443 247
101 102 103 104 105 106 107 108 109 110 111 112 113 114 115 13 221 119 88 101 350 475 313 321 355 58 70
465 8 5 232 352 113 440 192 474 40 364 184
201 202 203 204 205 402 424 238 274 441 379 136 344 59 131 390 412 121 427 496 64
1 2 3 4 5 6 7 8 9 10 101 102 103 104 105 106 107 108 109 110 111 112 113 114 115 325 118 297 176 65 79 174 425 197 170 341 354 119
206 280 383 202 184 300 231 374 334
2 123 119 222 21 43 475 455 225 266 369 78
312 61 127 105 299 145 20 225 322 393 110 425
342 409 182 264 94 78 143 67 228 452 464 295 191
201 202 203 204 205 463 261 250 126 11 96 289 413 349 82 469
1 2 3 4 5 6 7 8 9 10 14 124 354 230 6 92 61 6 432 131 370 101 92 393 357 319
201 202 203 204 205 349 24 158 110 204 60
235 440 288 42 480 259 458 142 89 445 33 446 199 404 19 133
201 202 203 204 205 347 354 124 212 355 198 280 32 18
147 192 323 203 439 373 295 300 89 99 493 63 359 40
149 429 416 214 44 317 139 197 377 335 376 26 340 329 332 431
159 276 76 73 93 75 472 226 268 239 331 173
1 2 3 4 5 6 7 8 9 10 23 246 263 411 50 207 468 56 263 21 250 29
495 263 7 328 165 321 454 114 125 226 326 433 302 457 481
281 235 358 281 12 435 132
101 102 103 104 105 106 107 108 109 110 111 112 113 114 115 183 394 243 176 231 132 82 211 356 324 78 13 286 392
236 366 155 36 237 417 111 178 248 464 185 201 421 378 15 236
463 436 312 419 285 408 252 14
201 202 203 204 205 417 434 119 288 96 2 402 353 118
201 202 203 204 205 82 261 6 304 353 285 241 352 52 328
267 137 315 339 345 438 231 231 340 62 143 294 166
25 368 11 100 194 149 488 410 350 80 309 363 3 475 35 306
75 431 103 25 149 287 63 77 84 405 156 444 454 55
201 202 203 204 205 219 61 321 423 363 344 50
1 2 3 4 5 6 7 8 9 10 315 261 122 247 265 191 279 485 259 20 409 435 122 102
101 102 103 104 105 106 107 108 109 110 111 112 113 114 115 201 202 203 204 205 402 495 135 150 380 240 320 23 378 495 178 53 16 423
357 359 153 233 33 163 119 292 491 54 467 281 493 216
201 202 203 204 205 343 423 337 319 58 41 66 305
333 273 411 463 136 398 55 387 359 317 108
73 151 499 125 327 296 394 206 232 47 173 462 383 173 130 18
363 156 86 479 459 260 309 389 104 156 409 224
494 429 375 193 342 419 390 155 299 493 118 62
446 444 12 431 173 27 429 311 338 37 314 401 444 331
201 202 203 204 205 283 456 233 155 200 251 101 88 336 398 363 94 318 51 242
101 102 103 104 105 106 107 108 109 110 111 112 113 114 115 201 202 203 204 205 36 472 192 114 213 451 311 334 38 242 19
37 6 80 132 21
488 134 254 441 87 244 305 454 242 7 130 59 311 145 74
294 16 466 390 157 134 314 57 155 243 355 207 27 166 226 283
101 102 103 104 105 106 107 108 109 110 111 112 113 114 115 11 3 348 496 379 52 346 355 359 444 16
134 251 356 180 262 118 158 132 319 373 168 173 339 328 173 230
10 153 215 334 149 297 439 92 413 434 117
101 102 103 104 105 106 107 108 109 110 111 112 113 114 115 232 3 428 372 100 17 466 497
241 163 46 216 75
101 102 103 104 105 106 107 108 109 110 111 112 113 114 115 448 199 461 231 461 193 306 65 188 66 425 478 417 95 101 346
368 383 181 61 402 313
39 272 196 8 359 98
201 202 203 204 205 446 498 156 69 214 69 256 135 399 333 139 176 246 126 415 470
38 345 450 79 61 431 324 449 219 497 390
201 202 203 204 205 262 372 180 354 406 320 307 120 89 362 5 148 279
413 487 61 128 336 234 262
201 202 203 204 205 376 55 394 16 212 330
480 300 70 293 24 95 464 495 392 47
244 63 3 491 436 394
497 304 271 168 45 198 131 493 180 459
390 287 23 111 240 224
201 202 203 204 205 303 483 141 488 451 302 181 9 418 253 324 199
483 387 333 84 354 218 140 250 331 57 16 479 439 260
1 2 3 4 5 6 7 8 9 10 101 102 103 104 105 106 107 108 109 110 111 112 113 114 115 229 157 245 160 326 366 491 53 322 225 69
201 202 203 204 205 366 464 77 385 263 90 32 7 392 386 427 376
235 308 440 119 130
470 64 383 372 401 154 493 61 234 144
1 2 3 4 5 6 7 8 9 10 201 202 203 204 205 49 493 62 467 147 265 343 102 382
232 443 183 316 153
201 202 203 204 205 119 218 325 475 140 337 371 450 117 446 148
399 110 496 178 395 166 385 395 340 473 214 156
107 491 176 335 26 233 437
201 202 203 204 205 47 120 349 79 123 368
416 154 37 44 116 53 221 188 298 238 301 143 85 258
1 2 3 4 5 6 7 8 9 10 32 101 409 277 420 450 49 319 236 272 385 487 59 48
292 310 219 224 47 221 330 465 66 70 341 69 198
215 5 490 174 160 267 235 121 220 272
450 444 375 410 37 426 357 161 310 222 219 184 182 193 244 369
119 140 297 99 232 494 70 368 53 10 364 485 416 416 203
406 198 91 33 7 119 416 264 16 167 389 9 271
201 202 203 204 205 92 450 82 406 311 26
201 202 203 204 205 238 83 262 300 269 461 312 164 220 8 216 271 279
101 102 103 104 105 106 107 108 109 110 111 112 113 114 115 201 202 203 204 205 363 307 102 351 71
264 173 387 80 395 263 441 280
241 206 284 112 412
26 132 196 50 29 357 21 248
311 377 185 27 352 194 143 393 384
1 2 3 4 5 6 7 8 9 10 234 343 60 10 446 355 16 189 114 114 498 369
432 184 366 281 34 163 68 423 87 103 391 462 446
381 352 47 355 349 136 148 279 137 80 491 416 356 290 267 88
88 337 341 359 339
1 2 3 4 5 6 7 8 9 10 201 202 203 204 205 140 101 28 122 348 3 18 79 449 432 459
201 202 203 204 205 53 220 487 398 272 367
1 2 3 4 5 6 7 8 9 10 201 202 203 204 205 228 318 413 80 286 348 139 167
201 202 203 204 205 306 135 29 14 276 171 362 137 95 272 271
183 28 394 318 175 312 404 499 59 317 218 317 30
457 211 488 413 185
101 102 103 104 105 106 107 108 109 110 111 112 113 114 115 278 439 487 47 440
1 2 3 4 5 6 7 8 9 10 101 102 103 104 105 106 107 108 109 110 111 112 113 114 115 67 330 428 254 486 336 165 243 114 439 498 275 499 264 4 397
331 252 176 449 109 324 214 410 138 398 407 319
102 206 190 33 468 59 413 368 32 18
201 202 203 204 205 112 145 178 315 109 104 290 432 236 252 344
1 2 3 4 5 6 7 8 9 10 201 202 203 204 205 116 101 10 404 462 468 46 172 129 360 386 347 76
201 202 203 204 205 370 370 267 87 228 414 128 411
167 162 162 285 474 345 246 368 257 292 466 410
101 102 103 104 105 106 107 108 109 110 111 112 113 114 115 96 371 331 301 128 377 141 20 48 353 108 160 344
4 434 296 368 263 213 244 382 255
319 119 32 425 357 23 143 368 67 220 489 469 478
1 2 3 4 5 6 7 8 9 10 436 426 149 255 347 26 129 433 453 153 393 64 141
79 54 294 369 222 186 447 441 16 152 118 307
74 431 44 455 17 105 66 436 222 339
339 400 466 385 280
288 20 352 183 181 147 305 482 95 322 144
116 189 368 378 490 330 95 413 158
172 282 72 24 340 149 264 75 253 447
403 225 124 35 256
321 376 456 62 231 376 67 81 183
201 202 203 204 205 146 165 384 73 56 186 313 246 133 444 373
1 2 3 4 5 6 7 8 9 10 101 102 103 104 105 106 107 108 109 110 111 112 113 114 115 46 211 292 372 415 17 151 224 263 372
348 474 474 466 113 388 228 210 468 497
230 464 87 163 91 17 154 92 135 385 165 256
438 403 498 468 430 403 283 392 422 446
431 78 178 484 484 12
196 52 465 432 472 110 269
101 102 103 104 105 106 107 108 109 110 111 112 113 114 115 201 202 203 204 205 341 499 11 470 117 282 309 266 420 281 206 4 122 30 80 313
175 16 401 240 418 174 297 97 300 272
201 202 203 204 205 492 167 490 107 155 183 371 15 29
201 202 203 204 205 195 167 479 24 497 307 233 497 253 313 58 328
201 202 203 204 205 253 265 324 326 313
288 283 429 140 256 7
364 457 467 164 480 244 473 176 386 155 486 139 46 276 491
1 2 3 4 5 6 7 8 9 10 201 202 203 204 205 32 190 96 214 498 152 328 378 275 247 76 338 460 30 482 439
1 2 3 4 5 6 7 8 9 10 201 202 203 204 205 226 455 457 465 128 255 72 93 125 272 54 81 135 484
1 2 3 4 5 6 7 8 9 10 201 202 203 204 205 490 143 359 122 367 338
333 134 242 193 283 349 234
198 391 444 333 215 120 464 66
1 2 3 4 5 6 7 8 9 10 462 483 445 466 278 270 51 257 484 454 452 301 261
201 202 203 204 205 350 344 301 99 229
103 119 254 14 43 142 379
242 443 315 301 77 286 422 270 397 123 323 290 122
172 394 110 301 281 283 500 49 264
1 2 3 4 5 6 7 8 9 10 302 395 7 52 86 162
407 399 111 265 467 139 307 25
352 221 57 196 348 174 360 283 426 40 207 52 401 118 171 307
201 202 203 204 205 172 268 190 250 144 24 45 346 347 91 349
37 45 419 224 327
328 334 481 292 442 38 360 155 347 208 333 198 185 101 476 115
201 202 203 204 205 243 390 440 263 28
201 202 203 204 205 180 34 140 144 216 292 154 309 414 63 149 130 135
201 202 203 204 205 11 304 313 353 18 64 264 175 177 470 163 408
201 202 203 204 205 352 295 5 480 85 371 382 325 473 160 499 382
201 202 203 204 205 102 67 333 1 3 126
101 102 103 104 105 106 107 108 109 110 111 112 113 114 115 201 202 203 204 205 357 172 20 103 268 172 70
357 225 31 277 44 51 213 377 482 250 354
201 202 203 204 205 457 337 428 444 226 468 130 160 125 359
1 2 3 4 5 6 7 8 9 10 394 304 83 271 409 143
201 202 203 204 205 50 463 351 394 370 23 493 293 344 21 226 157 43 175 66 227
201 202 203 204 205 28 250 381 69 48 418
201 202 203 204 205 37 182 101 345 415 39 86
396 87 340 82 283 500 266 459 314
66 83 191 8 28 228 83 39 170 240 493 234 227 268
219 460 193 242 67 336 150 325 135 241 222 3 496 41 256
1 2 3 4 5 6 7 8 9 10 24 60 120 62 350 111 177 471 115 129 388
122 219 155 330 398 28 82 54 353 291 293
101 102 103 104 105 106 107 108 109 110 111 112 113 114 115 201 202 203 204 205 30 443 183 256 354
201 202 203 204 205 8 462 218 486 475 45
201 202 203 204 205 321 454 210 322 341 441 356 387 366 11 41 140 128 329
79 301 63 297 148
201 202 203 204 205 444 187 371 257 12 438 427 376 432 492 71 7 308 59
232 450 493 155 69 304 113 368 151 448 158 75 285 250 245 195
445 330 450 293 110
167 156 470 171 20 272 39 15 163 190 124
201 202 203 204 205 381 255 452 289 328 219 476 218 400 258 231 290 92 289 80
397 83 4 118 469 481 186 242 80 65 296 340 58
245 281 474 34 408 177 120 263
112 61 19 110 223 71 366 289 129 392 2
478 446 223 454 356 326 9
289 299 258 375 447 422 213
1 2 3 4 5 6 7 8 9 10 201 202 203 204 205 131 85 159 362 412 285 186
112 23 230 22 139 483 479 126 464 236 285
1 2 3 4 5 6 7 8 9 10 410 205 422 36 259 283 457 139 248 436 44 297 209 431 179
103 309 332 155 437 477 348 76 409 405 13
201 202 203 204 205 80 384 209 391 209 60 240 132
351 494 125 157 201 306
201 202 203 204 205 247 381 303 481 448 230
179 40 435 464 278 339 330 328 144 402 183 455 474 363 439
119 333 245 211 35 261 424 498 257 42 261 79 229 227 319 323
434 360 292 84 118 486 381 489 150 322 6 56 385 471
201 202 203 204 205 239 267 186 436 156 321 182 55 287 76
201 202 203 204 205 129 67 54 176 415 469 3 36 352 295 114 449 335
162 46 139 82 326 348 143 186 373 17 471
465 86 300 279 106 137 434 35 313 168 363 151 449 484
169 355 335 377 108 409 129 232
99 222 427 67 485 470 412 192 234 294 332 170 163
396 448 450 331 299 283 343 409 272 172 215 306 169 249
411 154 320 264 227 187 398 364 165
375 400 304 11 129 178 245 341 139
428 423 218 119 261 173 494 307 210 490 347 424 231
201 202 203 204 205 249 125 55 131 466 178 58 384 333 372 174
101 102 103 104 105 106 107 108 109 110 111 112 113 114 115 201 202 203 204 205 376 349 390 193 416 418
1 2 3 4 5 6 7 8 9 10 162 22 224 323 358 84 364 300 206 449 468 248 361 96
295 370 456 37 70 339 359 5 129 212 1 496 407
228 396 462 417 339 145 30 12 220 198 365 364 175
151 253 386 169 38 49 165 256 25 275 315 73 468 100
201 202 203 204 205 412 218 295 302 390 129 326 209 408 10 422 290 244 480
201 202 203 204 205 296 363 339 112 64 235 275 112 127 364 117 231 27 256 465 86
201 202 203 204 205 62 158 400 255 48 379 446 222 77 74 361
1 2 3 4 5 6 7 8 9 10 201 202 203 204 205 330 65 86 190 36 194 49 79
210 335 21 377 142 188 426 168 478 190 197 35 375 239 311
383 345 34 161 80 24 105
352 18 61 334 369 315 11 321 317 255 95 147 484
1 2 3 4 5 6 7 8 9 10 138 392 11 97 257 409 90 23 322 153
101 102 103 104 105 106 107 108 109 110 111 112 113 114 115 488 439 255 214 231 12 347
490 289 463 280 126 126 99 196 51 8 346 77 454
201 202 203 204 205 294 91 326 399 103 335 493 486 2 325 393 359
101 102 103 104 105 106 107 108 109 110 111 112 113 114 115 439 427 128 148 387 201 284 83 163 281 51 336 198 496 476 390
201 202 203 204 205 476 153 105 374 107 9 10 27 26 394 201 292 21 344
354 98 240 416 352 412 126 425 8 430 447 238 259
75 218 415 397 356 231 249 13 402 250 38 199 50 80
13 240 461 469 10 459 292
1 2 3 4 5 6 7 8 9 10 147 406 133 212 391 44 282 339 431 363 250 354 432 276
201 202 203 204 205 137 202 423 312 330 191
264 313 50 70 183 249 137 81 177 96 42 218
109 3 213 150 333 447 211 410 238 174 86 202 277 224 44 282
103 378 183 226 206 399 29 415 11 466 204 468 402 114
86 10 387 115 97 54 493 24 322 263 473 470 43
95 285 204 342 345 292 423 471 135
101 102 103 104 105 106 107 108 109 110 111 112 113 114 115 201 202 203 204 205 345 150 170 311 85 351 2 380 372 472 187 330 479
201 202 203 204 205 253 286 457 261 160 61 452 267 484 257
102 36 188 288 243 2 117 89 455 170 444 292 335 374
101 102 103 104 105 106 107 108 109 110 111 112 113 114 115 59 432 87 216 19 87 405 326 369 494 471 394 321
1 2 3 4 5 6 7 8 9 10 201 202 203 204 205 100 392 400 326 403 439 11 208 284 306 116 422 221 253 425
1 2 3 4 5 6 7 8 9 10 201 202 203 204 205 332 195 294 79 1 395 416 231 263 492 117 2
442 352 136 43 347 260 267 118
76 419 479 374 400 290
201 202 203 204 205 260 248 262 327 87 261 56
303 398 442 45 271 227 188 202 482 83 296 43 426 285 331 323
1 2 3 4 5 6 7 8 9 10 283 93 117 166 335 185 380 277 491
462 208 88 137 37 310 293 63 469 483 199 265 68 381 328 190
1 2 3 4 5 6 7 8 9 10 101 102 103 104 105 106 107 108 109 110 111 112 113 114 115 453 182 466 235 417 316 151 320 317 397
201 202 203 204 205 38 111 168 468 269 393 79 406 50 62 422 177 217 224 452 42
331 204 25 150 247 43 411 297 304 258 60 392 28 88 255
201 202 203 204 205 459 394 153 445 495 339 377 132 411 78 23
468 64 309 211 301 127 437 10 483 287
78 241 355 85 463 236 384 315 169 372 432
1 2 3 4 5 6 7 8 9 10 109 91 191 411 163 401
1 2 3 4 5 6 7 8 9 10 201 202 203 204 205 258 176 300 99 301
101 102 103 104 105 106 107 108 109 110 111 112 113 114 115 201 202 203 204 205 249 103 387 274 84 65 313 113 174 448 154 149 442 338 50 353
450 157 103 291 197 453 348 409 286 87 367 344 135 483 492 240
1 2 3 4 5 6 7 8 9 10 125 93 40 386 213 46 82 12 9 296 265 292 276
201 202 203 204 205 128 280 416 37 272 174 243 217 119 263 269 427 439 433 139 129
201 202 203 204 205 487 454 239 140 394 422
101 102 103 104 105 106 107 108 109 110 111 112 113 114 115 381 467 171 356 247 478 102 37
201 202 203 204 205 482 338 171 466 203 27 495 418 165 205 403
52 269 430 443 363 62 204 232
201 202 203 204 205 134 156 56 231 229 173 446 496 61 294 285
201 202 203 204 205 320 169 274 77 300 444
13 67 212 404 394 118 233 399 37 463 318 61 434 123 96 346
1 2 3 4 5 6 7 8 9 10 237 62 356 404 275 431 301 414
201 202 203 204 205 375 338 387 267 335 374 54 341 359 285 138 71 80 463 65 122
431 500 460 183 99 291 182 133
1 2 3 4 5 6 7 8 9 10 201 202 203 204 205 231 491 305 418 139 156 308 312 157 98 335 138 403 40 165
472 320 455 33 499 445 271 153 338 273 207 425
1 2 3 4 5 6 7 8 9 10 289 11 340 101 275 311 327 421 467 300 372 270 207 423
146 217 352 158 330 116 449 372 79 478 308 495 35 78 140 50
1 2 3 4 5 6 7 8 9 10 342 324 289 358 433 10 339 202 444 66 87 100 6 85
381 400 271 382 455 30 59 205 30
201 202 203 204 205 182 349 432 429 74 66 439 18 296 466 301 74 139 408 9
201 202 203 204 205 475 257 188 203 260 320 17 379 43 386
1 2 3 4 5 6 7 8 9 10 243 317 271 135 396 258 368 280 449 384 396 394 61
9 51 24 12 82 392
60 341 269 359 229 24 247 263 289 69 196 265 106
160 393 489 369 353 112 45 56
387 164 318 217 84 318 1
173 155 235 212 427 190 169 133
265 492 468 228 82
101 102 103 104 105 106 107 108 109 110 111 112 113 114 115 280 322 123 457 269 291 129 23
201 202 203 204 205 25 120 357 139 57 172 142 75 492 293 470 77 306 381 265
101 102 103 104 105 106 107 108 109 110 111 112 113 114 115 201 202 203 204 205 416 82 228 443 101 277 324 17
290 375 363 430 77 284 198 452 223 209 332 59 498 159 307 75
101 102 103 104 105 106 107 108 109 110 111 112 113 114 115 18 473 57 368 76 358 300 54 499 188 11 454 354 177 488
185 63 205 184 65 271 488 454 419 227 361
201 202 203 204 205 156 456 406 90 281 347
1 2 3 4 5 6 7 8 9 10 20 380 223 151 24 327 27 465 387 294 100 84 421 355 478
413 210 163 450 239 460
17 293 428 359 274 324 380 237
1 2 3 4 5 6 7 8 9 10 218 195 379 67 22 187 165 304 40 59 72 299 150
162 148 151 68 65 384 431 213 242 359 452 315 32 354 367 489
309 22 50 230 202 241 151 122 56 145 375 498
201 202 203 204 205 183 429 233 60 155 497 127 328 121 334 225
221 128 485 354 484 395 254 373
201 202 203 204 205 114 147 252 427 472 217 112 385 267 470 265 331 415 85 277
201 202 203 204 205 331 430 147 466 163 163
201 202 203 204 205 26 266 407 417 411 148
50 31 462 217 422 143 63 180 479 468 161 248 439 289 328 312
201 202 203 204 205 365 5 131 172 78 362
80 66 368 442 433 227 447 4 265 315 95 11 156 147
154 244 236 83 486 102 211 38
266 385 197 70 416 226 165 19 411 367 309 82 46 476 215 147
43 467 17 342 90 84
1 2 3 4 5 6 7 8 9 10 201 202 203 204 205 80 455 292 451 379 332
1 2 3 4 5 6 7 8 9 10 413 146 1 152 341 355 263
101 102 103 104 105 106 107 108 109 110 111 112 113 114 115 157 162 222 299 91 89 287 164 493 401 1 220 363 194 421
468 137 434 15 307 250
1 2 3 4 5 6 7 8 9 10 201 202 203 204 205 435 447 372 390 39 265 355 40
1 2 3 4 5 6 7 8 9 10 490 39 332 395 381
1 2 3 4 5 6 7 8 9 10 330 498 237 245 365 440 196 465 88 61 281 289 342 97 17 328
201 202 203 204 205 349 484 58 94 406 480 488 388 494
201 202 203 204 205 251 329 103 164 113 365 62
101 102 103 104 105 106 107 108 109 110 111 112 113 114 115 181 367 458 388 240 194 200 183 167 3 406
101 102 103 104 105 106 107 108 109 110 111 112 113 114 115 201 202 203 204 205 371 173 328 499 436 360
1 2 3 4 5 6 7 8 9 10 101 102 103 104 105 106 107 108 109 110 111 112 113 114 115 388 330 175 182 98 87 94 299 418 276 216 188 404 89 71 379
201 202 203 204 205 288 304 15 280 51 281 193 177 485 152 161 182 402 287 463 456
201 202 203 204 205 455 116 327 260 476 84 402 88 289 301 368 91
479 145 419 190 151 35 462 136 119 87 438 33 80
201 202 203 204 205 41 42 168 322 170 259 399 133 21 262 27 67 491 437 218 3
101 102 103 104 105 106 107 108 109 110 111 112 113 114 115 37 165 412 299 23 13 479
386 193 47 44 410 18 386 170 151 420 388 30
201 202 203 204 205 145 353 303 288 417 182
101 102 103 104 105 106 107 108 109 110 111 112 113 114 115 19 260 153 370 322 166 93 342 218 149 28
201 202 203 204 205 106 469 279 151 184 68 233 299 434
201 202 203 204 205 211 56 360 330 397 415 260 20 287 364 136 376 161 265
1 2 3 4 5 6 7 8 9 10 333 492 353 50 274 318 478 16 86 313 100 132 102
201 202 203 204 205 421 206 308 74 135 396 465 149 412 331 78 97 116
289 271 134 417 73 69 147 245 342 70 130 309 363 452
1 2 3 4 5 6 7 8 9 10 201 202 203 204 205 117 163 246 205 259 218 334 19 381 31 284
418 461 88 384 122
101 102 103 104 105 106 107 108 109 110 111 112 113 114 115 201 202 203 204 205 108 160 178 109 227 243 387 373 39 20 204 120 402 62 98 97
136 445 415 496 344
201 202 203 204 205 302 240 90 95 111 80
201 202 203 204 205 448 162 129 271 99 33 7 103 222 22 398
1 2 3 4 5 6 7 8 9 10 126 232 216 60 332 193
201 202 203 204 205 413 108 220 308 134 391 130 226 28 59 462 277 6
101 102 103 104 105 106 107 108 109 110 111 112 113 114 115 201 202 203 204 205 453 107 15 175 219 459 350 63
201 202 203 204 205 90 204 380 472 107
1 2 3 4 5 6 7 8 9 10 36 166 442 425 326 214 427 47 111 298 243 51 18 436 469 316
289 249 270 19 168 103 446 430
1 2 3 4 5 6 7 8 9 10 18 85 68 429 358 102 310 174 345 316
66 136 413 332 161 166 422 257 448 421 346 282 89 55 424
1 2 3 4 5 6 7 8 9 10 101 102 103 104 105 106 107 108 109 110 111 112 113 114 115 225 210 37 450 425 1 22 20 290 124 495 319 390 362 411
201 202 203 204 205 444 109 359 229 425 161 78 234 14
201 202 203 204 205 100 484 493 479 443 142 480 433
101 102 103 104 105 106 107 108 109 110 111 112 113 114 115 82 88 103 13 183 291 253 262 104 471 147 230 113 141
164 312 273 18 395 209 421 455 39 91 495 136
50 411 216 346 354 161
1 2 3 4 5 6 7 8 9 10 260 487 126 442 274 379 12 124
201 202 203 204 205 70 201 444 127 318 117 270
498 75 233 91 172 300 69 403 395
163 152 339 87 377 18 155 189 78 412 183 368 109 408 320
1 2 3 4 5 6 7 8 9 10 171 261 360 430 455 449 448 302 420 148 351
251 341 16 280 307 456 29 68 76 171 48 29 404 355 104 229
101 102 103 104 105 106 107 108 109 110 111 112 113 114 115 316 15 412 303 46 306
1 2 3 4 5 6 7 8 9 10 101 102 103 104 105 106 107 108 109 110 111 112 113 114 115 311 307 318 47 262 361 327 307 163 225 310 487 375
1 2 3 4 5 6 7 8 9 10 201 202 203 204 205 142 440 353 378 297 140 187 43 400 300 454
187 161 60 488 333 35 268 490 341 39 482 400 343 293
101 102 103 104 105 106 107 108 109 110 111 112 113 114 115 177 133 338 428 308 304 441
201 202 203 204 205 385 164 317 285 358 203 229 195 349 45 250 426 470 403
1 2 3 4 5 6 7 8 9 10 201 202 203 204 205 278 75 346 182 245 212 310 1 225 451 339 285 422 395 350
69 329 135 398 479 483
201 202 203 204 205 170 385 467 488 441 241 335
1 2 3 4 5 6 7 8 9 10 201 202 203 204 205 431 223 39 180 298 452
201 202 203 204 205 484 107 401 222 107 242 232
347 407 233 76 4 438 300 34 30 375 416 5 263
61 156 177 27 138 236 304 94 445
450 408 351 128 486 7 121 466 308 32 7 178
101 102 103 104 105 106 107 108 109 110 111 112 113 114 115 208 106 450 292 153 18 77 239
1 2 3 4 5 6 7 8 9 10 146 443 425 367 447 121 367 387 321 144
458 272 267 19 100 370 404 46 188 185 241 249 441
455 255 421 13 142 353
203 33 407 456 286 183 394 443 298 149 369 458 140 353 367 291
266 41 269 368 248 305 471 60 103 425 61
201 202 203 204 205 464 362 462 224 164 302 62 441 421 83 319 419
201 202 203 204 205 203 455 402 150 259 447 160 360 162 428 130 406 160 290
201 202 203 204 205 271 350 10 442 158 378 407 440 158 194 73 218 177 255
1 2 3 4 5 6 7 8 9 10 370 158 291 15 421 22 87 4 175 301 392
101 102 103 104 105 106 107 108 109 110 111 112 113 114 115 201 202 203 204 205 184 336 47 465 152 62 106 388 494 428 463
201 202 203 204 205 95 36 69 34 484 442 210 134 173 468 484 162 168 237 4
1 2 3 4 5 6 7 8 9 10 52 279 79 466 198 230 372
201 202 203 204 205 194 422 131 181 254 367 453 274 164 119 98 219
1 2 3 4 5 6 7 8 9 10 122 273 32 276 199 118 456 354 301 355 333 108 45
201 202 203 204 205 57 397 162 67 3
201 202 203 204 205 196 91 498 228 183 257 420 122 466 330
69 373 444 206 36 485 368 298 348 71 385 494 128 385 412
201 202 203 204 205 81 103 161 54 200 133 487 43 480 376
201 202 203 204 205 41 331 390 49 44 253 117 322 280 456
201 202 203 204 205 333 378 223 476 277 211 28 258 421 295
201 202 203 204 205 233 75 407 122 330 142
183 292 41 4 112 202
201 202 203 204 205 202 351 43 158 321 79 302
1 2 3 4 5 6 7 8 9 10 201 202 203 204 205 232 109 101 414 15 57 150 140 244 89 345
441 54 175 308 170 466 435
1 2 3 4 5 6 7 8 9 10 201 202 203 204 205 498 137 232 286 181 481 19 233 362 63 6 85 421
227 431 197 360 37 234 230 24 335 51 169 408 480 347
201 202 203 204 205 224 230 498 347 237 102 24 402
304 99 482 425 240 323 174 235 486 399 402 221 60 135
1 2 3 4 5 6 7 8 9 10 201 202 203 204 205 101 412 22 413 184 496 381
201 202 203 204 205 329 216 257 447 302 436 401 79 148 70
17 489 122 470 283 20 181 205 352 428 26 369 477 395
101 102 103 104 105 106 107 108 109 110 111 112 113 114 115 277 179 475 480 401 397 162 29 272 126 288 378 170 207
1 2 3 4 5 6 7 8 9 10 126 449 412 64 51
201 202 203 204 205 364 118 442 482 244 230 229 271 108 410 56
175 435 467 160 430 259 213 191 317 141 369 58 270 253 444
101 102 103 104 105 106 107 108 109 110 111 112 113 114 115 463 237 56 254 316 346 458 77 51 82 255 157 231 315 72
201 202 203 204 205 408 330 318 4 479 307 397 48 24 1 248 77 408 117 314 224
201 202 203 204 205 216 468 309 228 375 419 151 37 9 146 194 466 348 292 238
201 202 203 204 205 219 74 158 496 459 15 444 496 23 408 409 68
104 228 307 353 427
496 391 45 312 38 78
13 355 150 468 384 210 405 67 315 68 310 372 364 371 330
260 240 400 128 397 403 358 299 176 251 136 413 8 26 294 436
201 202 203 204 205 150 397 216 353 111 10 190 223 87 357 409
201 202 203 204 205 9 300 47 463 258 57 61 305 85 369 296 63 121 322
1 2 3 4 5 6 7 8 9 10 313 243 341 420 53 420 421
50 358 271 221 165 441 13 29 93 354 394 84 430
201 202 203 204 205 15 38 78 470 240 376 494 68 363 349 42 219 436
201 202 203 204 205 116 46 108 227 499
193 455 82 188 213 305 102 371 184 411 378
190 426 47 89 96 185 471 126 448 195 65 63 482 464 97 383
238 119 9 315 262 58 494 54 265 113 245 74 203 407
1 2 3 4 5 6 7 8 9 10 481 500 296 200 136 442 156
101 102 103 104 105 106 107 108 109 110 111 112 113 114 115 201 202 203 204 205 434 201 27 72 449
1 2 3 4 5 6 7 8 9 10 201 202 203 204 205 171 46 353 193 478 171 223 479 267 289 210 299
329 51 81 428 157 248 120 302 169 108
80 222 298 352 376 8
374 403 28 163 356 218 14 95
1 2 3 4 5 6 7 8 9 10 415 315 374 183 186
101 102 103 104 105 106 107 108 109 110 111 112 113 114 115 19 391 257 179 100 165 455 41 340 1 332 478 435
1 2 3 4 5 6 7 8 9 10 201 202 203 204 205 366 49 481 262 173 360 381 178 240 335 290 129 416 341
201 202 203 204 205 162 187 221 223 447 32 59 194 325 255 404 63 115 91 9 71
381 373 141 258 187 205 420 256 198 4 454 451 103 93 271 433
1 2 3 4 5 6 7 8 9 10 61 208 431 397 229 82 289 193 100 32 395
1 2 3 4 5 6 7 8 9 10 182 235 401 128 438
285 18 339 176 123 495 166 109 212 213 255 429 109 407
1 2 3 4 5 6 7 8 9 10 201 202 203 204 205 224 332 34 22 229 257 52
1 2 3 4 5 6 7 8 9 10 75 330 482 78 213 330 47 218
492 266 396 286 481 196 2 207 465 191 219 364 72 284 385
201 202 203 204 205 188 214 465 393 240 251 119
301 183 87 139 159 39 345 156 232 94
101 102 103 104 105 106 107 108 109 110 111 112 113 114 115 22 419 324 160 42 423 302 269 465 33 141 377
180 150 142 126 242 19 233 278 395 330 147 210 320 396 462 355
245 233 485 131 311 258 493 311
101 102 103 104 105 106 107 108 109 110 111 112 113 114 115 326 37 61 441 330 372 422 233 166 465 6 117 406 387 125 364
201 202 203 204 205 128 283 182 490 482
101 102 103 104 105 106 107 108 109 110 111 112 113 114 115 146 171 234 212 391
201 202 203 204 205 494 410 328 297 218 357 106 176 306 389 129 331 246 13
379 313 105 146 490 121 181 47 186 353
438 319 274 131 493 95 233 471 227 45 298 256
101 102 103 104 105 106 107 108 109 110 111 112 113 114 115 451 322 10 126 178 202 273 255 348
1 2 3 4 5 6 7 8 9 10 201 202 203 204 205 390 31 406 136 285 319 146 217 475 255 141 146 316 390 204 444
1 2 3 4 5 6 7 8 9 10 360 50 365 294 320 459
254 424 77 342 225 102 268 405 195 192 233 303 325 346 446 318
201 202 203 204 205 121 81 147 52 293 71 180 344 153 66 373 433 246 398
377 97 109 408 65 99 260 379 138 213 346 230 296 61 217
108 186 412 66 129 170 157
420 487 238 438 245 473 183 72 313 205 342 465 60 263
367 421 323 326 214 182 373
413 445 312 412 279 360 98 278 117
232 84 293 102 295 1 131 139
420 83 395 274 233 309 335
285 427 187 292 301 421 500 126 377 486 154 147 70
1 2 3 4 5 6 7 8 9 10 201 202 203 204 205 31 25 446 85 132 66
141 17 494 272 114 419 114 1 316 86 497 30
1 2 3 4 5 6 7 8 9 10 201 202 203 204 205 339 397 431 72 111 173 390 16
118 175 384 72 114 74 453 35 139 168 283 429 53 179 99 443
1 2 3 4 5 6 7 8 9 10 201 202 203 204 205 147 215 38 374 54 182 338 268 430 197 381 29 447 140
379 71 445 316 317 439 388 288 390
424 494 222 205 489 101 375 44 266 209 135 303 161 126 354
201 202 203 204 205 494 351 495 480 344 475 144
403 349 301 53 48 365
37 117 129 167 155 80 437 152 47 438
94 43 200 106 115 240 188 220 222 265 130 47 415 424
382 394 428 452 284 284 281 500 421
201 202 203 204 205 473 344 100 332 129 125 249 156 193 302 196 423 377 57
457 9 417 403 488 500 319 330
101 102 103 104 105 106 107 108 109 110 111 112 113 114 115 252 473 41 17 469 212 490 362 317 302 364 323 266 68 442 474
1 2 3 4 5 6 7 8 9 10 101 102 103 104 105 106 107 108 109 110 111 112 113 114 115 98 270 217 325 53 130
1 2 3 4 5 6 7 8 9 10 101 102 103 104 105 106 107 108 109 110 111 112 113 114 115 406 102 327 72 489 377 256 59
341 269 323 344 11 68
92 272 343 365 348 275 228 188 164 17 75 19 273 364 338
1 2 3 4 5 6 7 8 9 10 379 477 234 217 164 171 16 87 340 217 391 261 122 179 216
234 233 28 493 352 57 319 17 407 427 91
1 2 3 4 5 6 7 8 9 10 201 202 203 204 205 396 8 297 105 391 42
398 178 482 438 83 473 357
201 202 203 204 205 420 58 333 326 140 40
201 202 203 204 205 298 41 48 166 307 82 449 64 143 328 62 452 411 125 492 431
201 202 203 204 205 310 238 395 461 462 212 462 61 131 193 446
381 220 373 283 319 105 69 221 437 97 198 68 479 113 438 367
1 2 3 4 5 6 7 8 9 10 201 202 203 204 205 130 308 195 44 253 414
106 17 273 423 200 193
78 499 181 177 455 42 317 223 121 87 345 233
228 426 473 213 265 271 179 425 195 494 174
472 298 219 101 339 299
206 376 391 131 76 46 6 223 403 239 237 8
203 152 27 386 294 353 105 493 295
1 2 3 4 5 6 7 8 9 10 201 202 203 204 205 14 166 92 488 70 148 295 269 411 429 272 53 151 219
1 2 3 4 5 6 7 8 9 10 205 428 249 279 341 500 421 445 195
125 356 381 109 253 401 465 457 263 473 469 465 4 52 362 119
167 223 326 47 147
360 450 173 430 198 19 279
156 227 218 137 488
417 38 411 73 483 437 132 369 484 404 149 238 327 2
275 327 21 5 252 198 322
201 202 203 204 205 484 203 145 307 458
470 352 262 90 352 363 28 196
460 337 302 48 112 55 401 128 470
413 224 285 179 135 284 366 219
164 67 171 149 443 421 310 130 178 88 470 135 205 409 406
201 202 203 204 205 248 408 408 330 129 262 345 275 277 160 332 88
234 28 89 305 249 289 400 36 436 166 214
422 265 144 222 210 155 408 460 223 474
1 2 3 4 5 6 7 8 9 10 401 473 469 464 338 460 383
455 311 264 255 93 141
201 202 203 204 205 7 360 91 245 240 432 37 49 121 103 291
1 2 3 4 5 6 7 8 9 10 107 461 119 343 21 273
1 2 3 4 5 6 7 8 9 10 170 272 414 143 494 139
101 267 399 167 251 247 416 67 78 282 181 228 261 89 290 405
1 2 3 4 5 6 7 8 9 10 101 102 103 104 105 106 107 108 109 110 111 112 113 114 115 117 69 37 338 89 182 241 188 14 185 491
201 202 203 204 205 242 473 441 356 114 476 73 359 407 225
229 158 313 198 465 453 303 348 439
1 2 3 4 5 6 7 8 9 10 196 194 386 240 189 392
1 2 3 4 5 6 7 8 9 10 170 149 222 237 8 118 395 442 231 44 274 53
352 497 338 395 460 78 108 115 490 6 402 368
394 420 267 440 260 246 181 333 200
201 202 203 204 205 294 67 436 25 453 396 201 180
1 2 3 4 5 6 7 8 9 10 201 202 203 204 205 260 100 222 282 92 313 486 403 412 234 87 10 328 361
101 102 103 104 105 106 107 108 109 110 111 112 113 114 115 223 313 16 204 375 431
101 102 103 104 105 106 107 108 109 110 111 112 113 114 115 201 202 203 204 205 366 303 44 305 42 197
201 202 203 204 205 69 132 253 42 322 386 422 8 41 351 464 312
1 2 3 4 5 6 7 8 9 10 185 71 99 382 429 246
1 2 3 4 5 6 7 8 9 10 201 202 203 204 205 211 73 173 22 447 435 392 403 197 455
201 202 203 204 205 47 234 222 101 86
201 202 203 204 205 279 96 145 219 372 32 91 186 419 428 248
438 262 102 242 301 32
336 69 37 355 121 6
201 202 203 204 205 434 100 369 143 88 190 424 99 196 285
493 122 360 382 74 131 178
201 202 203 204 205 160 458 465 227 349 500
1 2 3 4 5 6 7 8 9 10 234 384 328 117 46 129 139 25 230 107 364 77 159
1 2 3 4 5 6 7 8 9 10 139 437 95 208 61 64 107 13 374 272 162 143 231 41 16 106
157 100 377 347 379 494 227 151 252 3 450 367
101 102 103 104 105 106 107 108 109 110 111 112 113 114 115 186 40 261 193 52 316 186 304 139 439 205
253 330 298 446 372 70 262 431 183 176 7 147 240 318 324 252
29 153 357 144 70 150 375 137 71 359 213 423 162 2 119
1 2 3 4 5 6 7 8 9 10 201 202 203 204 205 313 329 165 184 411 320
171 37 210 338 34 254 495 121 201 16
191 486 299 148 223 159 121 35 328 376 113
1 2 3 4 5 6 7 8 9 10 50 212 383 355 245 474 91 382 141 208 214 377 452
1 2 3 4 5 6 7 8 9 10 101 102 103 104 105 106 107 108 109 110 111 112 113 114 115 277 302 399 218 166 210 381 105 129 321 70 377
201 202 203 204 205 427 384 349 318 219 337 460 220 355 353 313
196 192 457 309 291 130 53 481 308 371 103 379
144 407 299 341 174 16 67 55 125 371 117 89 121
470 224 302 348 398 172 371 272 60 67 436 410 32 156 426
201 202 203 204 205 486 314 81 456 386 25 210 313 310 113 40 245
29 404 472 421 33 245 404 189 285 169 344 301
54 453 244 396 412 185 89 478 61 221 241 120 334 269 495 345
101 102 103 104 105 106 107 108 109 110 111 112 113 114 115 66 237 483 411 282 78
336 55 422 404 208 192 108 363 381 106 34
201 202 203 204 205 358 344 80 339 300 352 210 13 10 43
243 159 413 257 192 462 312 363
201 202 203 204 205 311 425 61 129 136 304 379 452 33 436 80
201 202 203 204 205 52 238 171 343 483 21 222 250 26 347 121 249 356
1 2 3 4 5 6 7 8 9 10 201 202 203 204 205 52 66 273 44 314 382 116 164 132 320 76 31 296 245
179 97 313 460 140 27 121 349 306 360
1 2 3 4 5 6 7 8 9 10 289 85 40 438 406 206 380
101 102 103 104 105 106 107 108 109 110 111 112 113 114 115 313 154 271 189 343
262 85 201 498 496 165 56 417 30 114 73 401 354
1 2 3 4 5 6 7 8 9 10 201 202 203 204 205 402 432 30 153 278 318 303 23 213 257
1 2 3 4 5 6 7 8 9 10 324 8 285 109 378 290 93 215
440 80 321 414 158 424 120
1 2 3 4 5 6 7 8 9 10 101 102 103 104 105 106 107 108 109 110 111 112 113 114 115 276 478 423 361 478 120
75 496 110 97 118 404 182 129 353
474 349 339 139 186 367 253 471 235 79 253 59 261 134
201 202 203 204 205 333 99 82 54 495 368 120 499 400 375 17 480 283 256 285 366
2 489 431 134 305
62 198 458 207 277 207 462
382 468 423 275 347 246 46 455 489 400 57 276 375 294 472
78 18 117 417 338
1 2 3 4 5 6 7 8 9 10 201 202 203 204 205 270 299 30 289 494 324 163 192 16 408 500 454 238
192 436 275 358 432 316 78 183 76 265
261 146 388 270 151 186 276 436 194 303 255 413 51
358 205 436 1 223 496 440 153 201 264 268 148 312
101 102 103 104 105 106 107 108 109 110 111 112 113 114 115 82 329 94 426 186 273 2 355 137 447
422 292 336 181 7 348 87 237
428 351 395 183 246 449 428 276 434 310 216 32
1 2 3 4 5 6 7 8 9 10 343 19 56 39 276 142 465 233
462 406 500 183 144 58 15
1 2 3 4 5 6 7 8 9 10 201 202 203 204 205 111 194 207 129 247 167 240 359 150 40 353
469 197 138 116 264 222 429 277 316 475 122 78
72 134 167 389 190 144 85
374 64 458 106 317 374 285 78 327 268 198 214 73
201 202 203 204 205 61 46 220 8 128 209 449 403 429 109 147 278 46
378 382 337 134 33
241 339 5 469 62 51 25 179 441 185 42 492 211 41
201 202 203 204 205 109 401 250 143 144 445 318 293 452
436 165 138 221 103 228 459 29
101 102 103 104 105 106 107 108 109 110 111 112 113 114 115 275 118 224 178 362 26 142 93 355 338 395 56 110 126
1 2 3 4 5 6 7 8 9 10 201 202 203 204 205 446 226 187 167 366 310 168
219 298 484 230 194 227 383 114 474 460 401 423 81 190 65 403
122 402 92 418 279 392 171 366
295 153 264 281 458
201 202 203 204 205 363 97 337 371 439 331 243 29 202 395 172 354 35 381 447
170 373 81 305 487 156
201 202 203 204 205 494 177 119 104 282 269 267
1 2 3 4 5 6 7 8 9 10 201 202 203 204 205 271 365 232 406 324 221 368 283 24 18 19 427 259 186 124 387
201 202 203 204 205 12 225 52 376 35 298 131 35 152
406 455 260 358 336 379 436 366 196 459 455 223 148 158 298 329
1 2 3 4 5 6 7 8 9 10 443 336 22 91 151 442 388 21 21
1 2 3 4 5 6 7 8 9 10 31 197 465 350 466 187 398 405 469 25 98 363 171
1 2 3 4 5 6 7 8 9 10 378 26 387 241 490 424 448
150 306 201 106 14 152 379 264
201 202 203 204 205 277 242 79 148 26 240 198 187 334 350 360 224 419 456 211
1 2 3 4 5 6 7 8 9 10 201 202 203 204 205 192 240 412 204 346 270 83 386 72
201 202 203 204 205 290 305 270 294 157 467 234 232 444 251 79 335 102 284
408 170 106 73 287 91 53 219 390 80 154 88 209 136
155 345 110 16 54 452 377 333 397
101 102 103 104 105 106 107 108 109 110 111 112 113 114 115 495 307 240 222 299 241 343 301 91 150 259 29 469
469 321 483 47 37
201 202 203 204 205 355 138 461 20 117 59 374 475 432 413 275 491
386 429 320 393 321 223 436 403 90 151 120 299 290 187
469 284 247 58 48 2 81
251 207 451 355 474 445 434 68 228
101 102 103 104 105 106 107 108 109 110 111 112 113 114 115 338 437 464 401 160
258 101 243 97 376 387 424 372 28 372 146 489
1 2 3 4 5 6 7 8 9 10 201 202 203 204 205 59 367 228 60 352 149 439 247 482 81 331
264 118 312 427 440 207 234 219 88
101 102 103 104 105 106 107 108 109 110 111 112 113 114 115 222 256 219 247 414 423 173 28 146
435 393 160 126 178 437 82
201 202 203 204 205 194 331 466 23 264 231
201 202 203 204 205 358 89 67 398 120 370 187
1 2 3 4 5 6 7 8 9 10 201 202 203 204 205 88 315 154 267 276 319 101 137 89 51 87 143 449 416 82
201 202 203 204 205 31 329 167 192 457 494 497 495 402
1 2 3 4 5 6 7 8 9 10 431 389 136 329 120 329 190 336 471 252 15 94 427 417 305
201 202 203 204 205 414 470 241 413 480 106 480
367 230 128 467 350 139 148 108 37 286
320 168 104 431 436 173 281
201 202 203 204 205 101 278 101 285 415 393 338 359 440 396 440 470
201 202 203 204 205 500 274 128 126 91 381 375 134 332 20 151 175 73 199
201 202 203 204 205 384 178 265 300 421 426
201 202 203 204 205 497 174 477 284 180 261
101 102 103 104 105 106 107 108 109 110 111 112 113 114 115 32 284 173 385 462 55 366
71 233 82 398 240 411 196 348 273 172 195
1 2 3 4 5 6 7 8 9 10 430 164 432 455 175 231 245 189 345 113 269 255 455 416 329 158
1 2 3 4 5 6 7 8 9 10 165 25 244 143 420 63 449 192 409
420 251 500 110 56 432 407 148
1 2 3 4 5 6 7 8 9 10 101 102 103 104 105 106 107 108 109 110 111 112 113 114 115 433 403 79 51 292 177 366 15 404 431 37 401
201 202 203 204 205 120 398 497 85 340 236 464 208 122
201 202 203 204 205 350 133 97 214 58 243 427
201 202 203 204 205 267 238 151 476 25 8 273
1 2 3 4 5 6 7 8 9 10 327 476 2 350 412 113 120 204 445 82 344 3 444 362
228 397 129 384 204 284 111 50 386 473 79 86 448 68
201 202 203 204 205 183 281 144 81 363 250 346
201 202 203 204 205 466 383 316 391 230 322 150 64
117 285 331 191 149 306 269 97 391 284 483
201 202 203 204 205 317 294 473 315 474
382 6 25 380 250 192 441
258 15 56 342 130 217 432 98 105 432 53 210
53 108 166 191 230 97 235 85 391 451 385 484
101 102 103 104 105 106 107 108 109 110 111 112 113 114 115 201 202 203 204 205 355 383 136 46 284 402 194 282
169 375 324 465 329
101 102 103 104 105 106 107 108 109 110 111 112 113 114 115 2 412 423 308 263 258 26 143 462 37
140 349 406 226 443 106 319 461 483 347 253 33 444
445 50 6 254 120 483 142 125 228 489 85 1 455 487 3
1 2 3 4 5 6 7 8 9 10 409 301 378 348 166 353 339 185 283 48 328 404 493
1 2 3 4 5 6 7 8 9 10 192 359 74 203 429 156
427 350 151 201 250 88 374 244 178 412 475 314 263 457 2 304
201 202 203 204 205 51 267 58 62 241 19 214 85 357 455
93 497 70 285 79 478 252 120 73 386 348 38
201 202 203 204 205 79 362 201 89 383 317 80
379 279 471 127 22 337
68 121 370 227 286 22 479 127 351 242 46 33 389 357 276
127 371 391 278 205 72 387 64 244 372 241 378 29
101 102 103 104 105 106 107 108 109 110 111 112 113 114 115 27 197 450 108 52
68 249 230 74 463 7 200 322 301 212 128 88 337 374
251 47 374 453 30 109
396 116 459 11 61 199 332 296 280 84 221 157 475 294 132 41
101 102 103 104 105 106 107 108 109 110 111 112 113 114 115 433 380 328 56 158 165 444
109 422 371 239 461 417 494 165 338 489
1 2 3 4 5 6 7 8 9 10 201 202 203 204 205 334 497 244 420 227 321 448 101 450
201 202 203 204 205 282 386 67 460 383 476 351 219
321 467 296 23 22 477
1 2 3 4 5 6 7 8 9 10 242 137 147 440 152 294 225 273 388 193 399 170 367
1 2 3 4 5 6 7 8 9 10 275 349 331 188 500 212 113 196 66 346 98 236
201 202 203 204 205 324 243 210 145 171 119 401 1 292
418 142 215 447 458 234 31 466 374 417 490 196 83 136 420 255
301 48 116 461 71 404 175
463 14 158 112 343 102 164 192 154
101 102 103 104 105 106 107 108 109 110 111 112 113 114 115 201 202 203 204 205 275 435 496 353 74 373 96 91 184 44 338 245 278 268 328
201 202 203 204 205 421 302 312 206 319 360 420 348 379 438
1 2 3 4 5 6 7 8 9 10 118 133 169 20 228 204 210 10
55 412 23 133 32 312 486 27 463 341 292 407
1 2 3 4 5 6 7 8 9 10 201 202 203 204 205 334 307 445 404 274 30 165 139 237 465 442 317 407
200 223 2 327 411
101 102 103 104 105 106 107 108 109 110 111 112 113 114 115 201 202 203 204 205 309 297 5 295 360 146 214 383 467 384
101 102 103 104 105 106 107 108 109 110 111 112 113 114 115 436 360 94 275 55 109 362 445 332 163
201 202 203 204 205 442 240 466 80 218 336
1 2 3 4 5 6 7 8 9 10 269 415 99 284 500 278 22 327 168 492 250 94 286 281 350
1 2 3 4 5 6 7 8 9 10 324 252 305 109 344 227 144 311 449 216
1 2 3 4 5 6 7 8 9 10 162 106 252 30 120 331 60 302 165 470 19 368
1 2 3 4 5 6 7 8 9 10 201 202 203 204 205 439 364 141 249 441 50 109 125 41 264 41 410 40 190 468 74
101 102 103 104 105 106 107 108 109 110 111 112 113 114 115 175 20 42 354 288 410 343 412 311 474 155 297 453 453 326 223
1 2 3 4 5 6 7 8 9 10 201 202 203 204 205 343 122 366 462 119 342 338 445
215 99 58 464 360 383 376 306 478 146 490 206 310 344 463 314
201 202 203 204 205 391 303 125 53 128 459 346 431 33
1 2 3 4 5 6 7 8 9 10 201 202 203 204 205 330 262 323 166 44 387 292 327 55 33
21 299 351 145 380 201 209 22 155 347 358 477
1 2 3 4 5 6 7 8 9 10 252 311 224 335 324 9 353 340 404 326 485 487 16 338 476 357
1 2 3 4 5 6 7 8 9 10 341 215 7 137 168 149 281 319 74
207 445 385 282 293 246
1 2 3 4 5 6 7 8 9 10 223 388 101 246 486 78 198 180 443 260 452 470 446 471 237 174
59 316 193 130 44 466 275 427 92 216 53 376 343 36
101 102 103 104 105 106 107 108 109 110 111 112 113 114 115 372 261 185 288 82 120 181 489 464 428 340 60
394 337 144 492 211 385 347
201 202 203 204 205 67 277 451 95 130 271 317 397 57
181 187 95 176 336 20 199 74 352 108 237 128 276
201 202 203 204 205 461 211 299 211 23
201 202 203 204 205 25 349 425 457 433 72 89 20 437 44 274 186
201 202 203 204 205 459 485 378 432 442 357 109 97 107 306
282 115 362 362 327 440 457 342
1 2 3 4 5 6 7 8 9 10 201 202 203 204 205 240 302 157 159 150 407 217 236 146 243 39 45 375 386 214 284
1 2 3 4 5 6 7 8 9 10 101 102 103 104 105 106 107 108 109 110 111 112 113 114 115 282 356 125 305 63 220 244 203 411 76 457 87 193 461 45 408
235 261 190 132 44 336 432 287 304
365 136 301 252 367 245 186 2 112 112 431 346 225 464 355
478 347 138 454 223 224 285 129 451 17 225
236 282 27 39 488 396 193 305 221 82 384 315 94 457 206 423
474 333 485 21 318 382 320 197 493 65 317 297 83
487 288 150 132 441 105 147 393 470 48 230 257 7
101 102 103 104 105 106 107 108 109 110 111 112 113 114 115 201 202 203 204 205 471 120 64 216 181
201 202 203 204 205 87 153 151 498 498 84 230 315 57 282 184 105 26 25 83
101 102 103 104 105 106 107 108 109 110 111 112 113 114 115 456 427 119 139 86 454 205 478 157 1 191 93 313 474
201 202 203 204 205 178 302 92 492 96 394 18 281 82 444 25 417 238 399
166 99 122 495 94 177 72 164
101 102 103 104 105 106 107 108 109 110 111 112 113 114 115 201 202 203 204 205 7 69 123 381 314 41 222 184 414 476 160 250 388 243
422 203 140 403 206 487
122 38 316 467 127 433 370 67 321 65 407 489 155 315 306
201 202 203 204 205 96 450 218 16 365 486 370 262 3 76 353 426 179
192 83 16 287 9 81 500 374 83 66
391 104 338 48 392 161 334 247
201 202 203 204 205 445 15 391 23 154 383 493 227 17
418 462 452 397 51 10 424 343 7 314 372 360 488
70 313 228 283 473
201 202 203 204 205 213 297 310 117 428 153
1 2 3 4 5 6 7 8 9 10 101 102 103 104 105 106 107 108 109 110 111 112 113 114 115 230 118 177 44 26 338 86 109 381 98
165 63 12 266 99 491 132 143 25 103 118 477 12 33
306 429 15 388 147 194 78 82 153 497 402 420 65 125 288
286 489 385 287 192 343 490 187 385 198 213 401
201 202 203 204 205 385 74 239 488 437 323 346 479 130 358
41 19 487 355 326 431 235
201 202 203 204 205 360 100 199 483 300 362 254 31
201 202 203 204 205 199 127 192 177 170 257 399
374 70 284 56 437 370 44 430 132 189 237 370 366 133
337 78 4 150 50 191 371
348 413 186 450 487
201 202 203 204 205 124 101 218 474 293 208 170
30 182 265 443 415
201 202 203 204 205 414 402 445 39 90 19
242 6 402 188 373 274
130 379 485 74 351 59
390 412 455 386 32 119
1 2 3 4 5 6 7 8 9 10 211 465 224 388 397 230 463 278 38 29
101 102 103 104 105 106 107 108 109 110 111 112 113 114 115 395 271 157 350 245 89 375 371 159 75 391 445 321 139 297
335 65 45 81 262
1 2 3 4 5 6 7 8 9 10 49 276 286 244 462 54 78 32 41 253 6
292 318 363 475 193
201 202 203 204 205 269 56 319 74 55 459 204 461 96 227
1 2 3 4 5 6 7 8 9 10 476 443 287 112 3 40 452
201 202 203 204 205 196 88 114 184 418 151 272 35
101 102 103 104 105 106 107 108 109 110 111 112 113 114 115 201 202 203 204 205 361 294 95 287 7 207 384 353 93 434 101 399 478 49 45 444
374 281 212 182 420 90 375 292 444 5 382
101 102 103 104 105 106 107 108 109 110 111 112 113 114 115 423 440 487 139 365 356 212 192 443 370 225 64 180
1 2 3 4 5 6 7 8 9 10 451 57 126 98 387 318 488 240 427 390
1 2 3 4 5 6 7 8 9 10 201 202 203 204 205 39 72 265 473 475 247 349 19 337 5 272 381 447
434 65 464 430 188 288 181 240
201 202 203 204 205 226 167 238 365 173 134 183 177 422 351 89 500 226
32 268 119 55 368 2
305 356 222 431 259 202 423 293 59
201 202 203 204 205 151 491 452 350 365 152 494
201 202 203 204 205 182 352 475 44 229 396 137 25 268 179 167 56 85 497 94
88 70 282 24 371 45 191 154 286 85 352 284 452 221
175 446 397 253 122 251 181 381 413 68 273
474 75 331 26 158 88 326 435 100 466 86
201 202 203 204 205 44 11 215 484 265 16 411
1 2 3 4 5 6 7 8 9 10 201 202 203 204 205 306 403 13 370 184 21 19 173
201 202 203 204 205 132 494 57 436 134 305 322 28
192 425 281 119 498 480 126 119 295 171 194 474 16
201 202 203 204 205 317 17 230 213 325 106 221 426 429 129 156 32 481 473 233 41
237 26 253 168 137 152 128 88 128
101 102 103 104 105 106 107 108 109 110 111 112 113 114 115 201 202 203 204 205 144 3 252 26 41
1 2 3 4 5 6 7 8 9 10 201 202 203 204 205 369 33 439 103 42 344 407 292 479 55 420 418 99 340 373 33
274 387 313 353 450 122 32
1 2 3 4 5 6 7 8 9 10 201 202 203 204 205 274 27 435 51 70 454 444
201 202 203 204 205 55 469 429 444 15 463 293 209 407 492 339 485 269 104 364
1 2 3 4 5 6 7 8 9 10 319 410 280 65 465 387 122 274
286 180 339 238 315 456 32 416 322
289 140 105 173 128 201 269 9 250 483 160 11 50 352 261 312
1 2 3 4 5 6 7 8 9 10 186 139 4 70 358 493 240 184 75 169
201 202 203 204 205 389 6 453 428 321 110 425 217 171 2 360
201 202 203 204 205 43 242 274 197 211 392 92 363
201 202 203 204 205 420 12 283 390 311 431 250
14 487 232 202 197 321 435 306 90 413 225
313 262 52 407 325 303 261 108 143
1 2 3 4 5 6 7 8 9 10 492 3 44 403 17 381 48 438 434 401 411 309
1 2 3 4 5 6 7 8 9 10 43 311 297 326 443 165 313 72 274 74 361 128 460 86 56 420
1 2 3 4 5 6 7 8 9 10 414 260 302 346 165 306 140 142 250 248
201 202 203 204 205 81 462 119 310 376 424 413
201 202 203 204 205 336 18 175 159 50 370
201 202 203 204 205 383 420 459 275 92 276 244 129 128 294 19 281 234 185 379 416
102 43 345 440 73 75 311 368 112
201 202 203 204 205 122 106 427 208 155 458 35 375 59 77 24 329
201 202 203 204 205 347 136 67 31 473 499 407 224 447 464 322 370
72 110 18 101 305
258 259 331 14 5 181 53 94 201 408 450 62 139
201 202 203 204 205 344 35 490 267 275 451 264 71 6 467 476 149
1 2 3 4 5 6 7 8 9 10 26 30 106 334 47 498 53 271 413 318 248 305 171 323
214 129 29 486 80 156 167 447 387 33 275 420
201 202 203 204 205 25 250 441 376 284 230 249 359 362 17 191 326 225 456 23
165 262 355 311 484 307 319 343 166 243 247 166 252 29
78 378 82 141 487 161 92 422 380 180 212 221 484
60 395 310 115 294 285
60 40 80 253 390 27 473 243 339 359 274 108
1 2 3 4 5 6 7 8 9 10 80 22 84 12 10 135 275 199 394 272 312
201 202 203 204 205 140 185 80 89 196 137 205 350 45 418 497 214 90
201 202 203 204 205 405 328 336 248 274 476 351 437 26 120 244 320 452
149 406 299 4 372 496 440 285 240 321 499 14 20 37 107 324
410 453 476 182 34 263
201 202 203 204 205 274 274 341 280 415 303 80 156 313 500 134
208 388 90 286 297 406 300 457 477 208 30 370 96 313 358 285
201 202 203 204 205 174 107 296 12 122 291 423 214 418 268
429 284 375 120 490 186 431 426 42 203 425 20 227
386 441 476 124 478 257 431 211 447 409 380
243 337 234 358 443 187
244 359 141 432 200 298 431 210 421 413 316 353 158 384 299
486 37 365 463 434 157 356 112 133 215 442 367 212
268 327 477 118 334 315 415 100 185 58 142 268 290
236 13 84 53 471 395 468 253 349 124 415 290
1 2 3 4 5 6 7 8 9 10 475 25 187 27 281 257 321 61 234 178 135
314 299 297 393 477 410 290 184 438
1 2 3 4 5 6 7 8 9 10 92 135 425 370 74
150 150 475 316 43 221 442 389 246 131 212 121 16 46 363
373 307 316 218 105 98 151 96 113 196 343 400 250 487 164 491
1 2 3 4 5 6 7 8 9 10 1 148 220 445 254 101
1 2 3 4 5 6 7 8 9 10 201 202 203 204 205 462 483 400 76 341 491 435 70 365 355 227 79 99
201 202 203 204 205 305 83 56 457 417 24 120 279 74 71 351 108 371 403 329
40 362 136 119 177 345 52 492 302 47 410 29 164 356
201 202 203 204 205 417 293 434 407 195 497 380 383 92 500 145 360 169 300
201 202 203 204 205 300 110 401 455 250 152 338 459 433 137
201 202 203 204 205 425 199 36 160 27 88 389 111 173 455 153 56 220 46 325
52 434 456 42 229 175 329 43 63 484
201 202 203 204 205 14 432 216 238 177 318 408 303 221 283 147
258 130 131 417 462 112 246 295 188 321 122
251 55 451 400 184
201 202 203 204 205 162 222 1 39 322
1 2 3 4 5 6 7 8 9 10 216 91 54 69 486 385 74 81 228 154 169 274
436 42 499 319 15 491 3 60 30 29
101 102 103 104 105 106 107 108 109 110 111 112 113 114 115 201 202 203 204 205 226 142 120 362 306 468 266 85 410
246 491 213 350 252
101 102 103 104 105 106 107 108 109 110 111 112 113 114 115 201 202 203 204 205 143 32 462 56 373
201 202 203 204 205 360 157 13 284 284 102 222 296 364 70 422 301
101 102 103 104 105 106 107 108 109 110 111 112 113 114 115 168 267 331 251 488 390 254 305 4
101 102 103 104 105 106 107 108 109 110 111 112 113 114 115 201 202 203 204 205 293 204 339 61 219 391 478 492 138 240 316 244 150 337
355 124 456 234 216 343 412 294 29 45 66 15 82
163 311 100 268 128 61 133 238 151 296
201 202 203 204 205 22 354 47 303 394 79 21 399 306 292
500 168 488 102 392 411 43 348 299 145 137
101 102 103 104 105 106 107 108 109 110 111 112 113 114 115 38 16 204 320 360 79 400 157 442 122 361 437
201 202 203 204 205 139 52 163 59 185
201 202 203 204 205 172 111 289 478 350 313
408 303 58 261 11 91 122 82 388 220 81 70 278 490 301 310
92 76 385 58 153 203 185 97 149
201 202 203 204 205 298 102 44 319 353 441
445 320 20 391 264 136 369 181 417 474
266 60 201 454 480 51 329 141 97 125 289 45
201 202 203 204 205 260 374 165 214 330 170 231 406 157 130 55
474 432 143 418 495 232 39 7 241 440 93 266 54 212
101 102 103 104 105 106 107 108 109 110 111 112 113 114 115 201 202 203 204 205 314 9 145 67 421 336 475 234 300 55
1 2 3 4 5 6 7 8 9 10 252 67 186 296 341 192 121 353
201 202 203 204 205 386 274 472 226 381 62 338 62 392 435 274 459 288
285 120 117 361 285 205 298 40 146 475 62
101 102 103 104 105 106 107 108 109 110 111 112 113 114 115 201 202 203 204 205 427 297 263 454 381 443 378 184 244 54 320
1 2 3 4 5 6 7 8 9 10 201 202 203 204 205 425 359 153 140 438 33 105 76 349 406 380 206 300 263
408 276 78 268 288 69 378 228 49 99 281 467
201 202 203 204 205 207 298 75 309 387 119 69 190 105 2
130 78 270 241 10 439 370 149 129 357 422 458 261 241
442 135 155 345 224 34
349 409 499 128 344 139 184
1 2 3 4 5 6 7 8 9 10 377 41 33 119 15 78 429 206 44 379 458 269 411 347
294 433 121 221 410 247 104 240 447 359
1 2 3 4 5 6 7 8 9 10 201 202 203 204 205 437 473 395 143 192
448 167 190 90 427 122 419 459 256 126
1 2 3 4 5 6 7 8 9 10 248 485 408 285 348 52 182 68 110 236 59 425 314 379 282 211
201 202 203 204 205 493 260 142 484 6 390 442 183 321 336 364 320
82 489 125 164 365
1 2 3 4 5 6 7 8 9 10 22 281 343 207 12 194 286 144 432 414 305 83 256
101 102 103 104 105 106 107 108 109 110 111 112 113 114 115 245 13 469 207 86 216 141 200 451 436 94 47 339
101 102 103 104 105 106 107 108 109 110 111 112 113 114 115 201 202 203 204 205 180 341 128 423 195
442 27 285 399 342 51
101 313 381 138 72 483 349 403 274 189 175
21 299 39 278 339 271 458 192 177 130 353
101 102 103 104 105 106 107 108 109 110 111 112 113 114 115 201 202 203 204 205 356 196 15 473 334 75 98 106 363 362 166 164
1 2 3 4 5 6 7 8 9 10 82 321 49 421 469 397 477 313 28 23 251
201 202 203 204 205 206 329 24 468 463 281 63 363
1 2 3 4 5 6 7 8 9 10 396 426 249 379 268 28
201 202 203 204 205 257 455 44 13 165 217
101 102 103 104 105 106 107 108 109 110 111 112 113 114 115 281 31 53 47 347 1 327 55 274 261 481 496 93 60 177
93 428 91 313 433 363 238 280 248 422
173 473 393 62 198 468 8 115 453 360 98 461 214 426
201 202 203 204 205 168 133 233 95 302 429 116
337 242 20 63 326 170 400 32 433 336 348 335 31 12 363
457 67 293 257 253 44 491 306 440 452 31 155 202
429 89 300 131 1 116 324 84 282 44 300 278 478
201 202 203 204 205 469 227 470 449 491 326 47 426 23 176 312 433
201 202 203 204 205 87 322 427 72 263 19 354 441 148 35 13
201 202 203 204 205 175 351 71 276 120 84 331 4 160 289 97 282 454 111 358 6
1 2 3 4 5 6 7 8 9 10 201 202 203 204 205 442 290 78 371 372
178 318 476 108 164 162 215 198 36 226 127
285 436 66 249 139 60 26 428 214 205 124 262 311 462 104
135 447 480 208 32 143 471 125 228 340 298 309 43 252
101 102 103 104 105 106 107 108 109 110 111 112 113 114 115 334 112 120 190 68 462 384 437 260 304
7 124 78 331 342 67
201 202 203 204 205 461 244 10 264 404 329 175 3 495
131 335 40 358 156 233
101 102 103 104 105 106 107 108 109 110 111 112 113 114 115 339 484 58 488 63 186 406 181 159 445 187 337 205 382 345 470
201 202 203 204 205 274 404 288 169 203 146 220 228 91 48 68 272 472 223 166 440
201 202 203 204 205 109 398 363 78 303
101 102 103 104 105 106 107 108 109 110 111 112 113 114 115 400 43 311 383 125 304 13 233 126 353 491
475 398 362 466 401 383 412 106 222 339 315 375 390
45 167 436 170 283 299
316 143 221 428 490 404 83 487 408 477
201 202 203 204 205 409 187 15 349 171 310 206 286 257 180 6 8 368 202 291 490
201 202 203 204 205 433 280 215 82 303 303 436 320 423 204 177 209 132 456
1 2 3 4 5 6 7 8 9 10 101 102 103 104 105 106 107 108 109 110 111 112 113 114 115 54 25 271 325 397 453 436 61 481 437 94 130
232 267 338 258 117 70
201 202 203 204 205 376 162 296 456 438 207 430 34 200 31 42 74 453 371
1 2 3 4 5 6 7 8 9 10 175 500 48 461 433 162 159 451 94 414 86 297 436 292 336 351
419 108 160 324 319 225 49 356
101 102 103 104 105 106 107 108 109 110 111 112 113 114 115 277 178 288 273 343 66 171
59 157 209 333 494 391 450 29 178 403 309 310 188 10
1 2 3 4 5 6 7 8 9 10 56 257 423 119 337 158 239 205 389 174
1 2 3 4 5 6 7 8 9 10 201 202 203 204 205 333 156 198 10 12 298 487
201 202 203 204 205 219 286 70 488 452 129 349
241 18 130 243 281 119 496
201 202 203 204 205 325 259 437 303 218 256 198 394 273 191 475 110 259
101 102 103 104 105 106 107 108 109 110 111 112 113 114 115 201 202 203 204 205 192 300 327 355 86 219
201 202 203 204 205 47 154 410 371 350 281 208
101 102 103 104 105 106 107 108 109 110 111 112 113 114 115 253 137 222 30 385 21 102 43 302 191 270 74 438 124
201 202 203 204 205 227 8 34 420 210
245 495 27 173 278 358
1 2 3 4 5 6 7 8 9 10 201 202 203 204 205 139 481 164 384 290 307
201 202 203 204 205 326 42 412 217 50 307 295 271 192 358 161 306 394 216 47 306
1 2 3 4 5 6 7 8 9 10 420 190 474 54 141
201 202 203 204 205 325 51 297 158 421 69 392 374 451 321 158 425 141 379
1 2 3 4 5 6 7 8 9 10 201 202 203 204 205 402 243 289 492 23 108 208 489
25 476 329 73 69
132 66 254 33 281 24 205 128 184 214 301 421 409 122 489
1 2 3 4 5 6 7 8 9 10 101 102 103 104 105 106 107 108 109 110 111 112 113 114 115 75 111 182 493 134
368 279 428 158 208
330 23 459 221 309 167 175 148 50 202 71 18
223 182 464 403 340 70 436 283 170 289 117 374 340
201 202 203 204 205 396 315 206 288 349 276 244 111 205 366 48 392
109 45 169 330 361 106 422 255 464 393 186 498 245 419 351 246
201 202 203 204 205 216 13 1 498 134 20 416 241
1 2 3 4 5 6 7 8 9 10 24 300 430 229 101 355 31 242
1 2 3 4 5 6 7 8 9 10 412 267 491 156 172 315 383 20 363 293 499 303
201 202 203 204 205 444 323 95 497 423 385 400 369 197
1 2 3 4 5 6 7 8 9 10 201 202 203 204 205 20 208 144 44 324
219 133 334 284 298 441 131 390 382 51
1 2 3 4 5 6 7 8 9 10 201 202 203 204 205 381 272 461 358 58 71 146 232 404
1 2 3 4 5 6 7 8 9 10 101 102 103 104 105 106 107 108 109 110 111 112 113 114 115 201 202 203 204 205 307 12 209 102 495 468 415
260 349 283 365 412 66 37 408 322
201 202 203 204 205 34 21 216 449 9 129 25
201 202 203 204 205 212 403 176 334 338 211 94 215 206 300
1 2 3 4 5 6 7 8 9 10 92 188 219 433 220 5 377 452 486
321 313 448 400 178 93 352 64 185 83 72
201 202 203 204 205 229 475 138 162 178 339 119 431 262 303 375 197 391 213 450 430
39 158 482 332 157 361 364 363 162 147 498 399 32 473
201 202 203 204 205 75 247 159 406 345
201 202 203 204 205 118 344 78 392 181 100 494 90 458 121 209
201 202 203 204 205 477 487 481 297 314 299 27 424 230 5
488 236 289 251 163 342 139 190
201 202 203 204 205 161 123 452 60 482 222 69 203 397 427 425 339 310 326 389
391 467 69 425 344 408 441 213 107 120 484 206 433 417 297
230 159 166 9 103 352 328 244
263 441 36 263 398 270 56 495 265 326 26 386
101 102 103 104 105 106 107 108 109 110 111 112 113 114 115 142 422 106 124 213 436 381 377 435 367 129 9 48 144 55
1 2 3 4 5 6 7 8 9 10 122 149 75 313 311 223 166 8 161 150 17 405 355 241
145 235 347 214 86
201 202 203 204 205 44 249 244 166 389 128 321 129 104 138 460 200 400 251 216
201 202 203 204 205 173 358 137 367 317 366 329 3 23
201 202 203 204 205 469 488 81 166 384 283 254 283
201 202 203 204 205 491 132 193 137 257 143 105 87 75 346 322 262 139 317
101 102 103 104 105 106 107 108 109 110 111 112 113 114 115 37 244 142 356 374 12 473 167
1 2 3 4 5 6 7 8 9 10 101 102 103 104 105 106 107 108 109 110 111 112 113 114 115 234 250 293 474 366
80 17 240 419 115 146 420 45 61 361 484 168 429 42
6 129 267 321 220 250 407 270 327 293 210 100 343 403 284
101 102 103 104 105 106 107 108 109 110 111 112 113 114 115 201 202 203 204 205 55 253 273 297 129
201 202 203 204 205 27 371 323 361 358 131 314 88 474 329 49
201 202 203 204 205 112 70 361 164 332 70 356
95 279 395 405 395 280 445 241 311 76 199 390
1 2 3 4 5 6 7 8 9 10 101 102 103 104 105 106 107 108 109 110 111 112 113 114 115 72 473 432 144 107 191 65 403 455 417
116 374 309 188 191 106
95 409 11 451 123 103 257 305 344
201 202 203 204 205 115 497 421 416 130 31 299 170 113
318 219 341 257 483
1 2 3 4 5 6 7 8 9 10 301 130 184 87 183 6 475 456 359 274 26 486 392 294 477 138
1 2 3 4 5 6 7 8 9 10 356 491 216 284 320 497
316 307 360 133 475 488 284 377 415 379 417
290 89 207 128 242 48 293 488 141 430 479 103 432 49 180
497 329 159 83 327 77 106
1 2 3 4 5 6 7 8 9 10 101 102 103 104 105 106 107 108 109 110 111 112 113 114 115 470 135 497 149 249
408 405 55 85 319 21 290 54 414 252 360 110 79 36 62
201 202 203 204 205 346 193 144 176 101 75 324 35 57 139 140 15 463 433 217
186 444 359 131 325 30 71 356
201 202 203 204 205 212 332 32 193 19 220 120 38
201 202 203 204 205 120 346 397 227 386 52 143 445 50 83
1 2 3 4 5 6 7 8 9 10 168 328 209 193 486 372 355 86 103 396 263 69 493 267 269
1 2 3 4 5 6 7 8 9 10 180 168 446 316 157 349
267 133 234 35 332 337 299 487 12 350 228 394 166 102 321 414
1 2 3 4 5 6 7 8 9 10 69 342 204 236 327 157 442 34 42 166 367 194
256 195 32 442 46 283 82
201 202 203 204 205 76 15 467 434 430 40 397 459 236 352 285 238 442 189 90
46 281 477 340 215 455 293 343 471 52 287 64 333 203
201 202 203 204 205 32 113 129 385 75
118 285 377 352 28 206 444 166 22 401 51
419 378 180 362 359
201 202 203 204 205 211 278 98 451 377 246 186 71 14 332 233 2
101 102 103 104 105 106 107 108 109 110 111 112 113 114 115 201 202 203 204 205 46 38 458 267 45 145 465 177 429 208 301 96 348 213
164 140 14 74 164 186 282 247 222 316 406 320 482
382 286 49 368 382 188 389
159 404 313 370 445 166 61 381 190 250 233
1 2 3 4 5 6 7 8 9 10 201 202 203 204 205 409 93 285 84 448 238 382 6 57 479 464 351 262 449 256
201 202 203 204 205 149 443 9 66 148 456 236 49 405 311 120 104 232 424 422 202
213 213 138 93 213 199 349 279 70 383 355
101 102 103 104 105 106 107 108 109 110 111 112 113 114 115 442 321 130 421 154 305 48 398 332 310 49 88 216 402 132
201 202 203 204 205 3 284 152 394 210
257 19 76 235 452 282 141
336 346 202 332 432 22 111 47 146 188 203 340 37 177
1 2 3 4 5 6 7 8 9 10 201 202 203 204 205 19 438 64 246 456 65 50 99 205 51 118 342 180
104 393 144 55 419 7 433 435 230 377
181 309 316 19 251 488 204 451 15 63 416 201 381 471
201 202 203 204 205 270 243 302 41 75 163 299
1 2 3 4 5 6 7 8 9 10 201 202 203 204 205 331 237 416 361 291 343 475 333 2 278 411 405 388 250
105 448 333 257 23 444 492
1 2 3 4 5 6 7 8 9 10 201 202 203 204 205 131 417 413 386 391 403 187
89 406 81 227 76 463
1 2 3 4 5 6 7 8 9 10 445 475 13 222 77 315 418 46 381 230 324 213 64 339 224 205
280 428 415 98 186 59 99 187
42 62 233 369 495
201 202 203 204 205 131 196 227 434 39 342 143 238 142 13 236 388
1 2 3 4 5 6 7 8 9 10 236 13 460 365 193
6 198 296 229 95 268 13
1 2 3 4 5 6 7 8 9 10 258 116 130 426 290 159 375 214 260 272 285 342
419 427 202 144 408 55 344 345 292 478 261 161 21
101 102 103 104 105 106 107 108 109 110 111 112 113 114 115 201 202 203 204 205 190 434 366 165 7 495
446 57 58 396 33 128 14 273 442 416 198 480
201 202 203 204 205 271 370 460 329 482 233 360 351 427 420 311 389 370
390 89 151 173 494 325 481 476 131 6 314 461
1 2 3 4 5 6 7 8 9 10 201 202 203 204 205 20 475 310 262 241 150 120
433 319 31 235 185 11 83 498 16 395 344 334
1 2 3 4 5 6 7 8 9 10 315 322 204 413 346 116 29 414 250
101 102 103 104 105 106 107 108 109 110 111 112 113 114 115 201 202 203 204 205 286 439 385 60 94 448
369 86 158 259 287 477 402
201 202 203 204 205 199 272 292 428 318 137 1 230 454 161 437 494 102 272
1 2 3 4 5 6 7 8 9 10 90 474 443 128 304 264 150 25 13 207 499 493 219 162 216 403
131 341 84 72 239 133 274 1 124
1 2 3 4 5 6 7 8 9 10 201 202 203 204 205 324 282 82 21 159 201 304 413 443 127
52 106 85 233 492 425 227
483 159 420 355 307 257 496 162
475 131 37 330 235
201 202 203 204 205 72 431 45 211 443 19 270 43 465 202 257 17
487 17 266 131 169 274 216 458
1 2 3 4 5 6 7 8 9 10 201 202 203 204 205 419 58 312 38 242 174 114 48
63 358 66 247 161
201 202 203 204 205 173 195 67 75 129 131 204 308 267 85 155 196 185 392 331 156
48 484 234 457 475 330 315
201 202 203 204 205 107 331 401 141 440 404 199 303 274 189 278 226 156 161 177 390
201 202 203 204 205 161 207 31 52 440 395 285 472 61 335 159 86 170 307 92
385 192 439 122 382 500 302 295 466
50 310 99 109 55
201 202 203 204 205 194 67 143 186 485 500 366 5 376 282 140 467 30 368 291
227 95 495 453 116
101 102 103 104 105 106 107 108 109 110 111 112 113 114 115 201 202 203 204 205 211 93 32 320 62 147 478 498 335 478 466 21 197 396 98 386
226 142 234 295 470 494 309 137 195 67 71
386 268 364 378 60 494 308 456
1 2 3 4 5 6 7 8 9 10 101 102 103 104 105 106 107 108 109 110 111 112 113 114 115 127 388 432 469 201 468 39 460 166 452 286 195 5 72 394 469
1 2 3 4 5 6 7 8 9 10 94 216 145 109 445 124 420 489 76 450 249 314
201 202 203 204 205 497 23 425 368 91
201 202 203 204 205 341 55 146 152 26 481 410 379 209
46 437 35 278 338 468 161 400 112
1 2 3 4 5 6 7 8 9 10 59 96 443 159 245 257 433 286 251 35 210
147 463 148 416 312 303 54 93 473 38 191
1 2 3 4 5 6 7 8 9 10 101 102 103 104 105 106 107 108 109 110 111 112 113 114 115 102 422 87 430 332
456 484 467 194 117
63 369 349 207 413 20 163 107 412 326 78 185 314
448 131 428 75 132 60 152 137 247 122 485 96 289
465 4 238 314 465 143 322 494
1 2 3 4 5 6 7 8 9 10 201 202 203 204 205 158 299 349 500 221 394 140 467 443 318 462 120
179 352 446 71 427 314 482 476 470 29
1 2 3 4 5 6 7 8 9 10 101 102 103 104 105 106 107 108 109 110 111 112 113 114 115 201 202 203 204 205 414 400 72 18 187 483 430 413 236 138 197
201 202 203 204 205 132 339 327 207 298 8 76 95 289 468 414 455
242 352 410 252 401 104 500 157 482 431 220 354
1 2 3 4 5 6 7 8 9 10 34 138 95 185 348 240 296 386 261 274
357 119 481 7 473 314 344 173
1 2 3 4 5 6 7 8 9 10 201 202 203 204 205 310 279 97 400 31 364 272 78 336
101 102 103 104 105 106 107 108 109 110 111 112 113 114 115 201 202 203 204 205 240 411 370 260 51 113 221 440 447 291
201 202 203 204 205 425 147 150 283 382 128 308 408 473 143 299 28
170 27 296 417 62 264 238 163 483 291 58 144 166
201 202 203 204 205 101 168 251 166 202 399 413 353 444 274 296 337 100 330 336
48 461 420 108 340
201 202 203 204 205 353 438 159 267 245 264 40 121 351 419 376 34 329 113 435 320
1 2 3 4 5 6 7 8 9 10 26 43 458 125 437 350 168
102 451 1 11 489 300 387 467 487 47 197 361 114 71 409 353
77 63 262 424 50 224 348 449 427 396
1 2 3 4 5 6 7 8 9 10 201 202 203 204 205 82 231 280 473 189 151 71 492 323 409 290
201 202 203 204 205 300 188 497 400 471 440 172 141 288 417 57 49
201 202 203 204 205 373 176 268 374 62 349 184 295 156 133 410 35 444
12 296 230 186 92 256 151 59 129 386 254
104 447 288 317 169 439 110 213 464 362 330
201 202 203 204 205 316 28 205 468 153 447 231
201 202 203 204 205 398 199 424 78 142 289 401 264 65 219 170 440 469
201 202 203 204 205 219 101 45 122 228 91 40 400 439 295 344 257 332 496 220 417
427 259 470 446 478 491
1 2 3 4 5 6 7 8 9 10 101 102 103 104 105 106 107 108 109 110 111 112 113 114 115 201 202 203 204 205 398 32 351 86 367 308 340
490 275 37 327 134 222 41 209 357 448
275 28 382 453 96 111 42 77 499 215
97 193 20 256 43 109 450 69 496 212 179 362 222 16
1 2 3 4 5 6 7 8 9 10 201 202 203 204 205 100 343 67 193 399 221 196 224 116 407 171
344 229 343 251 61 101 29 393 114
201 202 203 204 205 107 282 81 165 66 76 252 351 159 394 35 318 450 27 10 184
1 2 3 4 5 6 7 8 9 10 201 202 203 204 205 253 204 494 100 425 237 38 146
201 202 203 204 205 48 337 23 349 296 259 311 452 296 167 125 24 319
223 58 370 406 283 391 433 73
101 362 166 275 172 250 459 186 492 293 200 2 326 94 153 287
485 99 381 419 316 304 153 432 113 456
201 202 203 204 205 444 414 109 194 309 132 355 249 390 222
1 2 3 4 5 6 7 8 9 10 159 148 361 275 135 309 21 52 171 194 175 175 434 176 294 225
43 433 270 154 324 184 158
127 427 10 262 263
140 52 87 487 73 260 500 433 243 460
11 300 131 346 25 325 197 294 184 53 354 109 360
1 2 3 4 5 6 7 8 9 10 201 202 203 204 205 211 135 92 230 197 212 115 286 246 112 154
443 291 176 11 194 392 104 354 467 165 218
307 316 205 200 127 216 240 197 31 296
101 102 103 104 105 106 107 108 109 110 111 112 113 114 115 36 129 358 439 346 191 254 117 421 486
1 2 3 4 5 6 7 8 9 10 65 92 52 304 392
201 202 203 204 205 332 92 254 438 357 321 329 213 478
341 476 328 371 2 154 266 147 224
423 7 10 141 251 181 274 357 357 476 89 209 317
1 2 3 4 5 6 7 8 9 10 314 361 92 410 408 260 305 98 117 272 226 448
316 279 27 194 256 351 247 483 103 493 216 258 78 362 357
201 202 203 204 205 247 96 231 125 329 53 281 147 487 453 230
1 2 3 4 5 6 7 8 9 10 366 270 101 154 411 180 153 68 112 210
201 202 203 204 205 349 316 7 213 218 36 402 438 272 165 26 171 456 210 199
201 202 203 204 205 293 210 423 336 200 66 387 403
201 202 203 204 205 117 69 360 387 442 446 356 28 211 50 56 155 346
284 287 375 305 217 319 398 171 448 473 417
410 270 493 87 480 62 266
1 2 3 4 5 6 7 8 9 10 446 357 84 176 202 203 168 342 86 424 466
1 2 3 4 5 6 7 8 9 10 201 202 203 204 205 203 56 227 64 389 97 365 281 312 423 160 40 267
467 180 93 350 51
201 202 203 204 205 312 415 35 261 454 242 392 493 115
1 2 3 4 5 6 7 8 9 10 358 128 323 287 252 162 7 434 388 147 307 359 363
101 102 103 104 105 106 107 108 109 110 111 112 113 114 115 201 202 203 204 205 252 193 186 106 230 374 294 146 124 237 463
453 317 32 335 356 75 122 186 317 460
105 103 376 96 128 238
466 292 187 454 403 478 93 4 473 464 416 57
201 202 203 204 205 190 265 477 325 232
360 56 8 112 344 413
101 102 103 104 105 106 107 108 109 110 111 112 113 114 115 474 353 334 447 162 95 217 129 209 427 270
201 202 203 204 205 391 108 344 304 4
388 431 418 174 3 130 10 321 54 484 183 77
201 202 203 204 205 471 498 379 42 357 339 484 431 158 368
378 352 142 493 320 116 114 69 432 58 258 128
426 236 415 12 414 462 341 459
201 202 203 204 205 24 123 341 247 391 389 62 190 315 92 273 340 462
1 2 3 4 5 6 7 8 9 10 201 202 203 204 205 438 340 88 419 349
1 2 3 4 5 6 7 8 9 10 201 202 203 204 205 332 467 73 235 488 435 340 66 120 448 498
201 202 203 204 205 356 258 446 395 237 117 82 139 393 406 432 257 151
1 2 3 4 5 6 7 8 9 10 461 135 391 54 282
410 101 146 64 159 41 390 390 453 207 484 45 407 437 147 454
315 450 153 166 210 464 335 361 489 15 313
201 202 203 204 205 374 135 476 149 426 395 271 6 56 50 344
467 202 380 135 265
367 420 365 437 134 157
1 2 3 4 5 6 7 8 9 10 189 169 260 80 63 105 284 365 267 126 211 473 12 273
369 47 29 27 106 285 299 12 125 328 242
201 202 203 204 205 347 69 322 153 459 495 289 462 73 313 436 368 327
1 2 3 4 5 6 7 8 9 10 101 102 103 104 105 106 107 108 109 110 111 112 113 114 115 462 205 241 191 316 150
7 483 275 13 395 69
194 426 66 369 168 461 409 22 73 415 413 346 183 87
201 202 203 204 205 205 264 201 341 394 245 396 44
201 202 203 204 205 105 116 265 207 59 83 452 380 200 328 353 351 228 267 222
483 197 189 399 45 259 22 236 490 299 66 254 356 286 424 145
197 236 71 170 261 209 398 465 366
77 185 77 52 5 348
201 202 203 204 205 195 496 315 399 492 259 45 149 267 439 310 19 133 274 261 182
201 202 203 204 205 73 54 369 193 45 500 488 479 332 134 88 352 83 168 459 239
201 202 203 204 205 414 187 41 294 143
1 2 3 4 5 6 7 8 9 10 201 202 203 204 205 63 182 434 187 191 322 399
1 2 3 4 5 6 7 8 9 10 201 202 203 204 205 17 308 26 272 102 83 194 178 102
245 190 417 78 408 380 209 446 80 190
61 42 249 327 176 161 153 455 22 420 74 373 287 461 175 272
1 2 3 4 5 6 7 8 9 10 101 102 103 104 105 106 107 108 109 110 111 112 113 114 115 201 202 203 204 205 157 43 5 198 312 408 212 366 398 234 142 262
201 202 203 204 205 254 50 357 186 229 340 377 264 398 99 9 71 208 384 281
196 317 337 199 297
1 2 3 4 5 6 7 8 9 10 237 96 373 324 225 425 131 312 297 488 132 341 59 250 87 466
1 2 3 4 5 6 7 8 9 10 161 375 219 396 190 73 371 15 55 138 276 303 1 500 166 11
134 62 294 283 203 105 417 114 68 438 356 254
149 200 194 261 464 232
404 263 456 1 75 171 172 116 448 107 28 292 461
201 202 203 204 205 74 322 211 440 487 17
321 425 61 409 447 328 136 208 58 445 60 116
1 2 3 4 5 6 7 8 9 10 74 497 303 489 500 50 419 406 270 79 306 230
223 182 45 101 125 306 459 211 340 66
201 202 203 204 205 203 286 261 58 436 299 59 39 10 487 307 124 87 89 171
201 202 203 204 205 272 30 85 125 173 35 51 65 278 177 115 442 332 398 351 483
299 210 112 341 284 380 304 50 319 279 152 186 239 455
201 202 203 204 205 159 220 16 33 6 207 244 48 385 354 157 492 383
1 2 3 4 5 6 7 8 9 10 434 455 210 473 183
27 44 307 192 433 204 172 400 45 60 202
201 202 203 204 205 432 312 207 330 151 406 110 299 108 240 283 339 88
1 2 3 4 5 6 7 8 9 10 207 190 92 166 81 201 344 467 253
101 102 103 104 105 106 107 108 109 110 111 112 113 114 115 231 212 454 120 106
101 102 103 104 105 106 107 108 109 110 111 112 113 114 115 484 197 288 346 470 148
420 68 117 190 239 75 265 263 207 244
101 102 103 104 105 106 107 108 109 110 111 112 113 114 115 313 448 240 349 313 244 360 116 494 175 427 228 259 254 167 432
69 366 451 279 442 306 64 306 487 434 44
317 298 52 468 155 4 248 284 432 496 292 383 289
408 380 4 168 231 158 368 219 200 193
201 202 203 204 205 67 417 165 1 241 84 362 418 256 435 255 424 283
57 26 410 267 18 416 41 354 146 470 84
1 2 3 4 5 6 7 8 9 10 13 410 20 387 336 246 161
1 2 3 4 5 6 7 8 9 10 39 391 201 170 114 6 381 80 33 456 214 285 389 87 227
451 345 200 255 434 474 305 86 175 137 8 388 100
1 2 3 4 5 6 7 8 9 10 201 202 203 204 205 99 23 366 232 166 414 483 367 347 107 175 350 303 38
257 231 486 79 115 222 493 440 66 498 19 237 302 100 444 492
158 249 351 401 181 496 7 108 416 29 449
211 329 153 387 467 126
1 2 3 4 5 6 7 8 9 10 100 341 33 8 263 313 25 242 287 149 82 282 447 17 466 133
1 2 3 4 5 6 7 8 9 10 201 202 203 204 205 300 4 457 221 460 91 493 441 490 34 6 406 134
201 202 203 204 205 20 284 239 469 277 338 345 32 107 123
388 394 446 320 282 115 189 217 466 368 328 408 135 347 238
105 406 423 127 9 406 257 79 216 237 300 418
1 2 3 4 5 6 7 8 9 10 253 253 90 385 164 74 167 309 430 403
201 202 203 204 205 16 429 328 271 214 315 258 206 104 107
196 159 353 350 360 181 10
9 144 199 354 92 411 453 367 343 341 213
1 2 3 4 5 6 7 8 9 10 175 265 269 110 324 301 244 304 214 448 196 79 190 70 9 429
1 2 3 4 5 6 7 8 9 10 206 492 420 209 26 34 363 64 79 293 492 329 156 30
337 232 257 274 190 366
1 2 3 4 5 6 7 8 9 10 47 377 54 13 143 405 70 336 256 253 263 181
199 326 360 493 45 348 86 286 428 25 498 186
211 294 174 303 206 249 481 105 394 386 429 39 114
101 102 103 104 105 106 107 108 109 110 111 112 113 114 115 201 202 203 204 205 306 208 334 72 21 172 143 202 321 472
401 364 182 126 264 12 25 52 185 250
101 102 103 104 105 106 107 108 109 110 111 112 113 114 115 47 116 138 371 140
201 202 203 204 205 378 189 155 454 415 236
70 132 186 309 96 329 296 247 362 62 405
1 2 3 4 5 6 7 8 9 10 497 184 433 197 350 46 212 362 55 359
201 202 203 204 205 314 279 8 254 230 22 22 50
222 48 294 281 488 262 294 11 157
453 498 367 283 254
101 102 103 104 105 106 107 108 109 110 111 112 113 114 115 383 198 262 209 114 366 186 246 402 399 290
201 202 203 204 205 144 417 127 140 458 76 393 458 362 258 298 443 159 282 250 191
201 202 203 204 205 20 497 133 282 388 185
1 137 474 59 41 2 340 498
56 188 1 55 499 222 8 141 63 36 426 56 413
101 102 103 104 105 106 107 108 109 110 111 112 113 114 115 398 70 142 337 24 166 284 255 226 221 295 436 288
201 202 203 204 205 8 330 429 436 12 348 243 477 129 278
201 202 203 204 205 172 269 148 415 206 293 237 178 155 206 234 416 363 301 432
1 2 3 4 5 6 7 8 9 10 201 202 203 204 205 250 206 183 475 213 288
230 102 331 191 281 375 468 315 220 370 455 192 321
1 2 3 4 5 6 7 8 9 10 101 102 103 104 105 106 107 108 109 110 111 112 113 114 115 427 43 428 276 137 7 408 420 125 336
1 2 3 4 5 6 7 8 9 10 356 174 158 395 177 138 96 436
1 2 3 4 5 6 7 8 9 10 450 218 384 436 411 98 451
101 102 103 104 105 106 107 108 109 110 111 112 113 114 115 394 402 123 390 18
226 469 152 308 38 421 446 392 333
201 202 203 204 205 247 284 87 265 275 36 255 461 38 252 482 437 172
101 102 103 104 105 106 107 108 109 110 111 112 113 114 115 331 369 461 221 346 437 287 264
18 170 246 114 112 478 332 120 262 193 310 337 424
441 469 152 496 172 455 117 141 79 10 219 420 278 340 360
51 408 90 264 360
201 202 203 204 205 415 134 167 343 162 156 27 292 55 319 284 352 129 173
1 2 3 4 5 6 7 8 9 10 85 306 298 162 394 311 130 118 345 467 335 45 117 245
74 441 388 492 53 293
201 202 203 204 205 50 25 93 180 484 35 462 102 214 302 134 368 41 434 279
101 102 103 104 105 106 107 108 109 110 111 112 113 114 115 20 35 336 128 66 449 396 103 69 223 61 86 428 61
447 336 495 114 160 451 393 370 50 119 413 332 389
1 2 3 4 5 6 7 8 9 10 380 105 325 48 368 112 311 275 6 345 441 245 322
270 252 219 103 243 386 195 71 138
201 202 203 204 205 426 4 351 141 100 47 80 109 334 257
201 202 203 204 205 336 210 244 328 268 337 125 241 86 324 150 49 488 435 83
282 196 174 461 446 404 3 461 84 393 471 495 163
201 202 203 204 205 181 274 281 210 301 159 199 119
464 14 265 307 268 173 326 260 448 32 40 19 422 353 205 189
1 2 3 4 5 6 7 8 9 10 201 202 203 204 205 285 12 500 364 447 32 163 166 252 500 274 213 10 333 320
214 127 16 423 264
109 35 101 393 496
16 279 317 114 494 165 148 276 10 228 196 143 433 383 260 397
1 2 3 4 5 6 7 8 9 10 38 237 454 301 230 349 417 53 163 419 10 197 313
1 2 3 4 5 6 7 8 9 10 101 102 103 104 105 106 107 108 109 110 111 112 113 114 115 201 202 203 204 205 177 9 208 234 46 17 126 55 177 142 323
201 202 203 204 205 413 442 377 219 62 96 244 468 413 419 98
201 202 203 204 205 368 387 298 404 46 2 146 336 264 466 373 459 440 219 488
349 442 317 284 414
201 202 203 204 205 278 339 83 464 475 330 448 332 133 63 237 211 440 306
201 202 203 204 205 367 124 256 50 340 187 75
1 2 3 4 5 6 7 8 9 10 415 179 382 301 295 131
101 102 103 104 105 106 107 108 109 110 111 112 113 114 115 201 202 203 204 205 378 257 436 17 459 398
121 454 371 279 307 396 459 173 449 166 82 65
201 202 203 204 205 1 423 290 388 358 134 418 443 41 143 87 47
201 202 203 204 205 401 201 68 423 479 305 253 369 269 192 32 162 35 59 301 494
343 310 403 403 154 467 293 310 10 299 181 387 364
201 202 203 204 205 427 488 186 222 20 204 413
1 2 3 4 5 6 7 8 9 10 201 202 203 204 205 272 98 490 378 163 192 367 259 444 368 358
477 220 30 91 400 273 142 181 136
263 63 182 36 93 325 459
145 5 24 201 8 185 464 73 123 367 81
71 344 431 77 185 44
201 202 203 204 205 348 261 301 110 468 470 166 213 159 290 428 423 9
201 202 203 204 205 427 52 146 252 499 404 217 480
1 2 3 4 5 6 7 8 9 10 467 283 369 17 1 495 65 326
1 2 3 4 5 6 7 8 9 10 166 289 260 165 17 219 457 176 342 368 224 488 428
201 202 203 204 205 413 268 340 425 212 92 97 68 379 120 467
207 108 119 295 200 301 245 173 124 228 226 35 227 277 452 138
246 314 355 122 427
31 305 2 343 38 29 246 309 423
321 234 251 155 274 488 128 368 301 456
1 2 3 4 5 6 7 8 9 10 201 202 203 204 205 15 479 404 354 296 168 58 96 249 279
283 471 393 208 380 444 407 466 229
1 2 3 4 5 6 7 8 9 10 201 202 203 204 205 439 53 55 263 84 462 264 20 472 116 411 25 315 80
175 486 175 375 190
101 102 103 104 105 106 107 108 109 110 111 112 113 114 115 350 151 297 281 281 416 215 320 304 452
201 202 203 204 205 445 136 473 382 389 273 477 458 16 200 447 473 237 321
1 2 3 4 5 6 7 8 9 10 201 202 203 204 205 112 357 66 218 478 239 64 392 153 347 200 285 214
1 2 3 4 5 6 7 8 9 10 141 81 278 29 338 117 29 181 178 123 17
51 131 250 61 498 166 4 460 205
450 422 214 386 365 282 150 315
456 157 278 361 42 395 327 168 334 307 247 33 26
101 102 103 104 105 106 107 108 109 110 111 112 113 114 115 450 152 138 49 434 120 86 24 21 313 12 441 85 246
201 202 203 204 205 175 292 352 170 342 448 310 92 317 24 149
13 309 51 403 127
1 2 3 4 5 6 7 8 9 10 201 202 203 204 205 195 100 379 454 325 160
1 2 3 4 5 6 7 8 9 10 101 102 103 104 105 106 107 108 109 110 111 112 113 114 115 201 202 203 204 205 6 343 254 59 395
1 2 3 4 5 6 7 8 9 10 201 202 203 204 205 381 61 278 108 122 256 361 172 64 308 436 277 365
408 245 39 272 199
374 430 457 226 39 453 204
411 21 239 11 488 104 326 408
201 202 203 204 205 19 109 132 200 258 312 397 127 317
101 102 103 104 105 106 107 108 109 110 111 112 113 114 115 440 463 374 436 139 77 451 207 113 42
45 210 385 235 316
1 2 3 4 5 6 7 8 9 10 201 202 203 204 205 389 466 174 445 149 277 214 362
1 2 3 4 5 6 7 8 9 10 341 272 352 358 80 284 231 225 30 1 434 177
101 102 103 104 105 106 107 108 109 110 111 112 113 114 115 166 146 44 480 164 352 96 109 15 84 467 396 422 310 333
1 2 3 4 5 6 7 8 9 10 247 156 206 396 325 276 421 221 407 482 243
101 102 103 104 105 106 107 108 109 110 111 112 113 114 115 101 246 452 329 347 15 470 156 434 393 93 339
1 2 3 4 5 6 7 8 9 10 309 199 50 456 83 327 154 126 22 413 28 405 334 335
477 213 479 426 66 200 7 440
187 46 308 69 315 8 182 334
1 2 3 4 5 6 7 8 9 10 20 417 29 93 147 294 464 135 258
276 21 79 455 340 152 448 246 313 166 67 189
201 202 203 204 205 500 69 415 214 117 494 135 430 395 14 170 387 166 422 6 31
449 408 113 95 61 244 426 128 311 255
1 2 3 4 5 6 7 8 9 10 269 287 3 491 456 344 105 175
434 12 313 124 455 439 378 479 121 433 20 79 273 387 213 389
325 38 490 231 101 274 494 500 67 135 208 28
270 386 333 41 56
201 202 203 204 205 2 490 240 139 157 241 259 207 48 499 153 349 8 201
1 2 3 4 5 6 7 8 9 10 76 352 185 430 247 227 281 397 398 332 422 156
72 331 8 351 147 345 140
201 202 203 204 205 67 27 315 481 483 46 121 390 375 48 142 65
201 202 203 204 205 62 425 192 330 263 337 252 213 69
201 202 203 204 205 223 205 253 178 372 14 172 410 120 164 325
201 202 203 204 205 68 233 166 100 241 71 179 259
443 258 35 332 47 18 65
340 411 403 321 64 226
101 102 103 104 105 106 107 108 109 110 111 112 113 114 115 201 202 203 204 205 439 244 439 115 421 470 100 176 178 252 398 294
173 488 340 379 206 366 1 352 456 308 214 152
488 206 356 191 407 145 286 65 66
201 202 203 204 205 277 478 122 122 27 306 349 95 431 53 288 229 68 232 113 353
101 102 103 104 105 106 107 108 109 110 111 112 113 114 115 84 454 321 237 462 376 49
378 148 114 358 254 26 88
201 202 203 204 205 387 107 42 272 147 311 205 116 426 186 338
303 253 224 400 158 163 350 353 469 439 257
201 202 203 204 205 339 132 485 370 193 162 282 435
327 463 175 4 476 473 376 406 11 43 130 200
126 359 65 297 427 327 390
244 71 364 147 408 440 114 180 134 139 273 318 102 380 478 281
1 2 3 4 5 6 7 8 9 10 280 76 291 431 81 430 193
151 380 57 8 258 371 332 269 475 248 98 357 79 374
1 2 3 4 5 6 7 8 9 10 101 102 103 104 105 106 107 108 109 110 111 112 113 114 115 142 312 452 472 2 239
231 69 426 243 477 330 72 419 82 106 473 420 460 129 34 433
265 266 170 309 329 387 179 186 7 94 4 252 214 92 340
435 299 31 337 366 163 191 254 262 403 166 349 226 17 244
201 202 203 204 205 204 20 297 487 62 108 56 83
1 2 3 4 5 6 7 8 9 10 201 202 203 204 205 368 371 493 151 416 383 37 316
1 2 3 4 5 6 7 8 9 10 293 31 61 67 374 289 191 185 400
40 13 100 302 410 147 187 424
201 202 203 204 205 44 484 289 133 480 43 5 491 473 169 393 75 449 364 117 492
1 2 3 4 5 6 7 8 9 10 25 30 370 157 245 330 85
201 202 203 204 205 7 248 382 419 280 462 264 290 470
267 403 171 376 225 406
201 202 203 204 205 380 174 298 390 4
337 240 110 416 391 225 373 320 411 437
201 202 203 204 205 2 9 104 365 236 68 268 399 404 32 397 321
306 250 148 475 120 441 75 131
168 345 240 11 382 497 15 73 216 116 97
1 2 3 4 5 6 7 8 9 10 93 214 241 191 55 162 269 126 298 12 350 460 111
469 98 219 465 332 497 390 85 134 16 323 144 43 98 47
405 451 106 128 356 91 307 157
201 202 203 204 205 260 142 470 140 381 171 443 172 207 183 348 42 235 344 396 383
1 2 3 4 5 6 7 8 9 10 201 202 203 204 205 298 329 491 241 321 336 244 23
201 202 203 204 205 159 208 11 165 240 23 276 387 457 474 304
201 202 203 204 205 41 409 203 103 71 48 329 371 450 426 495
109 117 43 137 350 108
119 171 260 265 450 18 359 436 283
254 46 443 310 272 70 441 212 278 448
201 202 203 204 205 54 316 119 52 454 28 318
360 161 230 89 303 405 433 488
455 105 62 72 441 180 275 17 210 98 62 327 270 276 345
46 402 403 283 58 402 171 419 283 184 388 473 448 8 214
201 202 203 204 205 59 111 487 145 430 467 451
249 108 106 65 488 393 231 215 205 496 472 47 336 424 124
353 499 473 106 326 43 1 181 79 314 52
326 77 173 368 341 454 493 27 233 58 207 26 326 61
337 356 221 227 96 222 13 170
364 320 72 250 105 113 18 339 4 28 52 239 35 303 38
101 102 103 104 105 106 107 108 109 110 111 112 113 114 115 201 202 203 204 205 201 104 225 99 98 3 298 5 211 150
114 54 88 174 55 52 133 170 412 104 291 486 156 236 326 76
201 202 203 204 205 323 142 190 113 128 427 440 66 254
201 202 203 204 205 159 371 497 203 102 54 482 66 97
201 202 203 204 205 242 332 176 315 480 432 270 266 157 458 168 69 268
101 102 103 104 105 106 107 108 109 110 111 112 113 114 115 338 285 300 259 142 360 473 441 129
280 315 459 429 225 268 439 497 331 273 226 433 215 225 34
180 152 11 479 296 3 47 185
73 148 304 335 246 201
53 372 315 224 343 4 184 412 421
441 432 115 314 104 59
234 211 283 348 115 243 256 475 365 56
261 386 335 454 307 399 425 276 47 86 229 353 184
1 2 3 4 5 6 7 8 9 10 201 202 203 204 205 348 12 316 159 83 401 466 230 72
201 202 203 204 205 34 297 144 320 350 277 382 263 398 173 435
239 126 353 439 377 134 295 327 91 487
201 202 203 204 205 464 367 349 487 121
201 202 203 204 205 17 320 456 469 107 399 416
486 28 370 395 129 367 147 258 368 301 480 357 37 122 350
66 23 260 358 470 445 468 238 2 226 249 179
167 213 215 64 73 500 134 123 195 369
201 202 203 204 205 100 69 259 76 131 372 332 463 31 366
201 202 203 204 205 96 474 98 126 379 107 207 398 265 359 312 63 66
27 215 118 444 252 102 363 367 361 122 420 58 138 135 209 320
201 202 203 204 205 7 51 428 93 270 474 181
1 2 3 4 5 6 7 8 9 10 98 184 145 363 228 243 297 195 70 78 322 372 288 6 11 104
1 2 3 4 5 6 7 8 9 10 133 97 83 115 137 131 466 329 240 392 310 419 459 395
463 211 58 374 367 234 499 230 409 466 448 21 48 177 47
201 202 203 204 205 20 6 91 75 317 238 394 446 151 446 223 470 253 418
201 202 203 204 205 497 48 450 97 187
1 2 3 4 5 6 7 8 9 10 201 202 203 204 205 269 100 74 160 283 308 240 490
1 2 3 4 5 6 7 8 9 10 88 224 321 407 173 226
480 58 67 199 443 330 25 113 288 310 18 465
201 202 203 204 205 334 182 30 252 316 302 60
201 202 203 204 205 449 447 465 428 154 40
108 190 99 92 357 75 280 125 39 75 334
445 460 491 409 4 82
245 135 41 377 148 461 369 408 88 386 224 239 7 469 237 461
1 2 3 4 5 6 7 8 9 10 201 202 203 204 205 371 464 125 213 176
78 460 356 327 31 218 195 47 22 304 320 342
1 2 3 4 5 6 7 8 9 10 161 468 108 497 276 75 339 257 170 159 389 399 400 223
201 202 203 204 205 216 21 51 25 198 207 467 34 309 305 11
1 2 3 4 5 6 7 8 9 10 304 212 237 208 253 70 461 221 470 211
92 131 461 373 296 185 45 332 485 484 273 362 76
1 2 3 4 5 6 7 8 9 10 134 3 205 385 183 240 443 375 239 268 460
201 202 203 204 205 259 25 79 451 223 19 81
201 202 203 204 205 241 164 158 406 167 13 296
201 202 203 204 205 300 434 441 446 427
1 2 3 4 5 6 7 8 9 10 253 237 109 45 18 343 112 495
101 102 103 104 105 106 107 108 109 110 111 112 113 114 115 163 359 459 192 128 114
175 181 447 302 261 277 130 486 315 435
21 483 180 441 210 266 334
201 202 203 204 205 353 32 106 338 128
161 299 256 448 103 441 262 480 323 352 279 41 253 336 383
483 331 252 372 265 96 370 23
201 202 203 204 205 174 381 302 255 489 107 439
1 2 3 4 5 6 7 8 9 10 101 102 103 104 105 106 107 108 109 110 111 112 113 114 115 46 295 382 121 58
264 382 431 345 280 323 426
201 202 203 204 205 446 226 435 251 51 209 37 436 41 396 404 421 263 229 431
201 202 203 204 205 49 117 227 350 48 46 345 282 469 450 473 142 18 117 371
174 335 233 218 136 305 94 143 421 500 296 416 476 280
253 138 377 103 406 236 80
1 2 3 4 5 6 7 8 9 10 201 202 203 204 205 184 23 133 14 408 401 207 303 264 103 409 416 334 460 115
201 202 203 204 205 252 8 173 386 96 273 483 315 314 152 483 199 398 177 391 374
251 266 134 123 167 457 67 11 56 140 374
32 398 306 318 494 177 496
1 2 3 4 5 6 7 8 9 10 201 202 203 204 205 43 177 370 290 338 490 2 16 72 33 187 492 106 84 478
201 202 203 204 205 223 101 258 92 198 236 132 200 329 390 431 296 307 423 498 457
106 164 110 252 484 363 14 310 490
473 286 245 375 412 91 368 130 64 136 20 500
201 202 203 204 205 171 497 163 266 18 348 253 380 128 309 96 448 69 147
201 202 203 204 205 335 182 254 402 209 383 181 299 182 463 85 5 289 136
1 2 3 4 5 6 7 8 9 10 402 225 388 320 484 1 323
1 2 3 4 5 6 7 8 9 10 201 202 203 204 205 73 171 252 500 493 10 200 258 172 138 90 437 39 382 300
1 2 3 4 5 6 7 8 9 10 115 30 280 263 246 329 219 170 236 362 213 167 309 169 291 65
201 202 203 204 205 421 31 329 474 214 240 495 73 272 262
1 2 3 4 5 6 7 8 9 10 20 128 354 50 493 199 399 378 85
1 2 3 4 5 6 7 8 9 10 201 202 203 204 205 357 21 357 229 377 31 365 160 227 240 187
260 14 266 296 7 373 426
62 470 450 98 5 493 252
371 360 478 389 296 424 398 376 405 255 455
491 35 418 120 82 301 272 326 18 324 97 11 426 164 151 17
52 186 413 8 262 56 136 283
201 202 203 204 205 108 273 177 216 74 221 112 163 429 457 251
201 202 203 204 205 336 203 140 163 400 40 166 81 366 391 425 493 485 21 195
1 2 3 4 5 6 7 8 9 10 484 275 404 158 237 12 277
201 202 203 204 205 319 43 89 158 38 136 228
1 2 3 4 5 6 7 8 9 10 201 202 203 204 205 17 485 447 31 138 23 40 364
201 202 203 204 205 98 457 247 209 151 447 46 187 474 326 30 201 492
1 2 3 4 5 6 7 8 9 10 426 195 418 345 288 200 115
1 2 3 4 5 6 7 8 9 10 107 321 39 462 465
1 2 3 4 5 6 7 8 9 10 101 102 103 104 105 106 107 108 109 110 111 112 113 114 115 56 467 370 292 12 440 347 366
43 107 481 299 461 280
57 32 254 56 387 262 297 64 456 122 76
470 130 439 499 235 466
1 2 3 4 5 6 7 8 9 10 288 105 38 67 441 209 50 443 113 115 473
398 274 394 225 317 416 28 263 257 97 243 197 202 494 317
246 370 89 348 12 347 150 377
101 102 103 104 105 106 107 108 109 110 111 112 113 114 115 195 448 340 200 190 496 99 402 24 377 247
235 438 85 202 258 217 259 324 334 465 162 86 7 100 224 392
355 41 256 112 275 24 491 77 426 55 225 210
142 142 353 254 240 198 178 195
201 202 203 204 205 175 432 357 406 102 342 358 257 332 188 328 295
1 2 3 4 5 6 7 8 9 10 399 370 464 280 205 202 164 467 138 223
201 202 203 204 205 218 357 306 484 483 238 175 482 256 356 8 487 43 456 439 270
56 129 86 100 292 279 428 222 194 252 330 219 90 139
415 425 204 211 17 197 112 26 291 206 244 295 310 368 183 29
201 202 203 204 205 457 261 125 389 455 135 221 169 85 201 21 451 186 110
435 463 240 435 268 78 228
412 12 415 322 196 442 89 349 495
500 169 247 229 279 292 440 417 20 177
201 202 203 204 205 356 48 216 3 27
318 286 222 380 447 252 430 219 96 275
1 2 3 4 5 6 7 8 9 10 343 100 350 288 50 63 485
201 202 203 204 205 208 204 147 465 457
1 2 3 4 5 6 7 8 9 10 438 243 208 205 348 54 464 51 118 381 39 379
443 1 327 366 394 241 345 429 348 98
101 102 103 104 105 106 107 108 109 110 111 112 113 114 115 201 202 203 204 205 61 131 106 407 105 84 90 339 185 166 334 31 161 321
464 341 466 402 88 406 290 265 109 180 252 98 484 302
231 59 38 166 340 398 47
1 2 3 4 5 6 7 8 9 10 428 69 388 2 189 57 242 455 400 480 142 417 92 380 83
201 202 203 204 205 339 293 353 437 450 226
1 2 3 4 5 6 7 8 9 10 201 202 203 204 205 62 116 441 338 211
432 143 277 488 455 174 115 333 28 68 304 464
83 155 289 489 91 360 39 368 405 479 260 53 139 180 90
1 2 3 4 5 6 7 8 9 10 201 202 203 204 205 461 405 389 69 341 151 70 339 3 493 423
201 202 203 204 205 240 144 363 339 131 56
3 493 8 484 263 278 42 159 382 306 461 376 395 71 393
494 171 477 354 428 92 156 426 415 447 304 310 203
327 36 216 279 484 13 36 69 29 7 215 107
201 202 203 204 205 386 329 41 94 60
201 202 203 204 205 339 435 160 195 182 395 478 243 440 139 61 382 183 74 316 167
101 102 103 104 105 106 107 108 109 110 111 112 113 114 115 201 202 203 204 205 90 149 166 392 402 94 321 429 212 247 375 346
1 2 3 4 5 6 7 8 9 10 455 475 335 353 109 115 247 124 418 127 250 483 265 374 376
73 500 404 41 203 459 398 33 278 437 432 131 448 236
201 202 203 204 205 98 256 258 23 442 470
465 338 49 96 441 59 17 383 368 204 283 318
84 181 345 415 396 489 494 181 1
201 202 203 204 205 322 476 199 163 73 312 121 361 331 95
101 102 103 104 105 106 107 108 109 110 111 112 113 114 115 393 44 471 379 87 10 449 499 54 224 112 28 365 351 6 416
1 2 3 4 5 6 7 8 9 10 201 202 203 204 205 338 306 205 319 255 268 300 82 76 179 336 295
449 130 106 62 173 224 76 283 321 430 217
201 202 203 204 205 328 392 361 380 387 342
417 255 296 78 3 116 262 374 72 478
1 2 3 4 5 6 7 8 9 10 201 202 203 204 205 436 19 133 214 461 248 203 323 60 50 189 92 364 76
101 102 103 104 105 106 107 108 109 110 111 112 113 114 115 359 183 260 64 272 191 284 382 112 259 33 377 208 424
1 2 3 4 5 6 7 8 9 10 382 248 330 283 240 167 359 243 94 308 375 168 83 139 210 318
101 102 103 104 105 106 107 108 109 110 111 112 113 114 115 487 350 155 99 106 198
201 202 203 204 205 248 417 377 199 54 93 267 436 312 155 372 4
101 102 103 104 105 106 107 108 109 110 111 112 113 114 115 201 202 203 204 205 352 23 493 476 94 295 473 429 328 163 292 487 365 7
1 2 3 4 5 6 7 8 9 10 291 249 3 391 242 340 287 346 115 460 365 203 69 22 375 461
1 2 3 4 5 6 7 8 9 10 382 112 407 411 470 372 84 28 346 482 495 20 152 396 165
313 322 172 267 481 403 163 158 453 120 450 244 66 100 374 196
406 379 79 39 182 435 247
101 102 103 104 105 106 107 108 109 110 111 112 113 114 115 201 202 203 204 205 159 408 59 114 88 377 363 22 161 364 30 424 168 192
1 2 3 4 5 6 7 8 9 10 201 202 203 204 205 257 100 353 401 10 370 315 223
340 448 285 275 24 199 493 145 188
169 200 453 426 237 361 472 429 283 321 141 495 474 312
201 202 203 204 205 495 26 478 420 310 181 29 116 190 471 4 311 170 133 500
40 220 298 470 405
53 110 252 15 75 95 175 326 89 84 247 319
203 451 454 452 435 110 325
1 2 3 4 5 6 7 8 9 10 433 219 286 194 261 247 292 228 291 70 224 400 242 156
49 208 95 89 252 146 132 305
230 274 447 94 328 195 182 163 404 90 44 64 257 136 336 431
453 418 79 149 495 17 497 385
357 102 201 90 164 381 463 345 220 491 11 201 293 99 321
145 183 374 459 271 445 78 327 281 197
371 94 18 298 416 124 101 90 278 487 365 181 146
381 359 402 207 499 95 189 422 255 363 500 175 120
201 202 203 204 205 452 381 41 309 483 239 308 68 96 117
201 202 203 204 205 326 444 438 203 166 352
1 2 3 4 5 6 7 8 9 10 201 202 203 204 205 405 6 172 333 194 122 426
43 423 294 132 266 450 153
201 202 203 204 205 303 333 94 353 485 404 64 22
1 2 3 4 5 6 7 8 9 10 336 456 58 392 209 491 113 100 146
201 202 203 204 205 153 375 232 35 128 20 79 488 290 278 446
201 202 203 204 205 99 120 28 439 416 41 45 195 483 181 2 40 407 167 377
403 236 443 323 215 126 471
238 74 208 264 259 236 260 464 237 182 138 29 171 322
251 144 417 89 328
362 415 39 230 268 15 300 44 310 428 150 438 482
201 202 203 204 205 165 29 334 259 318
191 448 341 71 361 39 156 155 101 63 353 415 177 346 308
235 146 186 456 404 487 335 302 455 308
101 102 103 104 105 106 107 108 109 110 111 112 113 114 115 155 474 385 187 383
201 202 203 204 205 483 56 444 102 296 279
201 202 203 204 205 163 198 459 28 201 202 121
1 2 3 4 5 6 7 8 9 10 91 199 461 386 184 65 358 15
201 202 203 204 205 324 90 353 397 189
1 2 3 4 5 6 7 8 9 10 217 495 444 261 302 350 384 284 330 66
413 206 165 190 431 439 191 161 355 13 103 267 171 186 16
201 202 203 204 205 485 485 443 88 272 243 184 299 145 231 11 209 16 349 456 252
360 289 264 446 75 498 98 300 380 391 488
368 287 338 441 107 283
80 54 57 24 393 103 417 237 303
473 111 3 389 251 75 500 216 10 222 260
234 475 306 457 273 320 414 441 258 252 20 23
201 202 203 204 205 485 386 314 358 298 270 340 343 426 258 477 9 161 149
201 202 203 204 205 190 153 144 426 300
175 177 18 240 389 479 467 93 313
101 102 103 104 105 106 107 108 109 110 111 112 113 114 115 315 480 486 5 353 132
170 240 281 200 79 309
201 202 203 204 205 400 97 390 310 376 439 32 342 187 275 155 38 36 403 181 434
91 334 345 106 200 281 127 128 291 97 53 59
329 221 366 220 290 430 498
320 434 344 286 466
418 247 35 167 89 114 79 127 226 45 271 77 343 295 380 272
363 51 287 76 490 181 182 243 122 311 167 137 97 293
201 202 203 204 205 179 256 18 294 129 226 103 359 389 244 192 139 406 395 293 220
201 202 203 204 205 301 42 119 268 437 478 279 390 229 223 167 343 193 171 326 105
201 202 203 204 205 51 384 166 138 162 360
201 202 203 204 205 260 85 442 264 222 216 239 114
201 202 203 204 205 71 367 464 227 430 345 73
19 242 312 340 146 235 238 436 344 497 355 406
201 202 203 204 205 258 234 405 230 368 142 256 381 209
101 102 103 104 105 106 107 108 109 110 111 112 113 114 115 61 370 468 197 100 371 170 164 19 454 473 333 382 72 244
473 138 239 457 281 165 293
101 138 321 150 497 39 441 125 233
201 202 203 204 205 204 67 183 410 331 312 301 120 343 229 216
201 202 203 204 205 376 309 274 471 184 291 3 445
37 453 116 181 415 128 21 367 378 235 287
29 47 445 147 380 486
79 134 3 144 113 381 382
1 2 3 4 5 6 7 8 9 10 77 218 42 158 172 321 35 311
201 202 203 204 205 268 84 355 20 10 207 164 158 8 89
388 104 426 313 481
226 474 65 269 64 341 144 202
381 15 300 469 203 223 237 227 200 327
201 202 203 204 205 109 61 317 334 474 67 408
233 372 194 336 97
1 2 3 4 5 6 7 8 9 10 418 34 261 10 212 49 411 402 155 305
201 202 203 204 205 207 437 196 13 101 360 36 176
1 2 3 4 5 6 7 8 9 10 193 217 311 58 223 407 494
201 202 203 204 205 420 489 248 438 422 406 13 171 214
201 202 203 204 205 11 130 216 109 94 120 47
490 415 130 483 181 163 26 321 245 286 250 176 466 392 320
201 202 203 204 205 49 58 439 254 338 3 428 211
440 122 29 274 162 403 211 481 11 283
274 469 214 152 174 12 311 497 341 237 450 402
1 2 3 4 5 6 7 8 9 10 44 264 385 241 123 380 238 345 37
1 2 3 4 5 6 7 8 9 10 201 202 203 204 205 86 286 441 88 90 237 87 420
130 205 123 483 400
187 259 206 19 339 291 233 106 55 234 429 291 82 451
201 202 203 204 205 206 373 372 91 403 134 359 109 57 246
65 185 302 152 322 226 435 400 441 112 22 444 454 424
106 438 407 191 343 101 282 328 302 296 398 279 442 165 239 433
315 138 149 222 409 104 325 59
101 102 103 104 105 106 107 108 109 110 111 112 113 114 115 201 202 203 204 205 234 89 107 442 421 479 180 76 178 174 50 468 47
201 202 203 204 205 176 453 19 209 401 99 146 264 181
201 202 203 204 205 175 102 111 33 417
294 304 79 177 363 427 403 238 220
101 102 103 104 105 106 107 108 109 110 111 112 113 114 115 413 484 480 267 261 237 33 179 380 497 400 53 258 323
332 372 290 8 44 132 112 205 102 30 171 214 393 441
129 432 194 396 129 218 133 424 141
75 90 408 471 60 254 316 488 83 270
1 2 3 4 5 6 7 8 9 10 101 102 103 104 105 106 107 108 109 110 111 112 113 114 115 396 126 305 213 437 16 100 223 88 178 488 211 286 477 381
225 493 439 152 399 201 460 355 187 444 441 219 403 92 20 244
201 202 203 204 205 267 2 284 267 389 411 466
201 202 203 204 205 271 272 347 401 116 188 329
492 472 292 59 31 229 459 227 123 325 455 422 433 134 123 351
201 202 203 204 205 285 220 253 186 279 220 461 15 97 83 30 183 212 403 274 463
443 252 330 24 82 270
413 161 484 365 296 103 499 187
444 361 4 107 286 7 80 120 64 162 234 394 145 332 167 215
1 2 3 4 5 6 7 8 9 10 101 102 103 104 105 106 107 108 109 110 111 112 113 114 115 396 38 21 380 273 217 106 62 88 374 493 378 214 466 333 22
50 328 320 412 371 255 124 392 85
84 425 341 446 48 441 349 467 275 389 241 137 186
100 329 382 34 277 241 232 363
201 202 203 204 205 74 325 352 173 246 478 380 236 234 491 473 369 257 116 409 86
1 2 3 4 5 6 7 8 9 10 201 202 203 204 205 278 24 125 134 353 266 429 490 214 61 406 9 184 311 384 475
101 102 103 104 105 106 107 108 109 110 111 112 113 114 115 50 265 90 474 201 224 173 249 419 114 348 377 441
201 202 203 204 205 247 305 35 215 468 311 52
290 91 436 35 401 115 27 174 165
201 202 203 204 205 447 55 410 214 382 14 221 69
412 28 431 173 394 312 179 241 371 82 183 455 488 52 139 368
149 468 339 309 49 464
68 280 229 370 444 386 101 124
201 202 203 204 205 112 344 37 496 59 12 316 255 73 173 442 466 297 466 6
1 2 3 4 5 6 7 8 9 10 47 188 213 478 192 141 317 105 334 163 269 292
143 268 416 99 20 464
201 202 203 204 205 373 146 75 422 304 447 141 109 182 84 127 150 32 491
1 2 3 4 5 6 7 8 9 10 98 261 335 370 434
201 202 203 204 205 479 466 203 234 208 253 329 40 265 81 219 463 362 450
101 102 103 104 105 106 107 108 109 110 111 112 113 114 115 201 202 203 204 205 430 186 53 356 476 402 290 261
31 461 157 20 280 389 102 192 319 412 369
75 291 322 288 182 407 184 68 305 474 36 375 50 218 138 315
1 2 3 4 5 6 7 8 9 10 495 263 172 36 457 259 159 214 432 152
394 93 60 174 479 91 252 255 401 106 166 326 271 201 390
368 214 242 139 6 439 380 127 383 468
1 2 3 4 5 6 7 8 9 10 101 102 103 104 105 106 107 108 109 110 111 112 113 114 115 378 95 11 464 171 176 142 403 330 392 445
101 102 103 104 105 106 107 108 109 110 111 112 113 114 115 201 202 203 204 205 399 50 135 206 296 53 176
341 427 244 384 281 12 274 259 21 279 298 359 188 89 107 322
198 323 117 37 151 320 355 314 484 420 425 488 358 482 418 432
1 2 3 4 5 6 7 8 9 10 201 202 203 204 205 233 170 350 23 369 389 90 210 50 263 382 15 238 40 302 211
143 96 191 451 172 304 68
398 202 152 122 54 384 251 165
155 498 121 372 138 340 393 489 421 165 466 26 113
366 309 106 209 306 366 230 322
101 102 103 104 105 106 107 108 109 110 111 112 113 114 115 122 164 262 202 19 386 188 327 445 129 13 474 113 195 458 349
201 202 203 204 205 330 400 319 125 478 10 126 260 47 231 72 394
101 102 103 104 105 106 107 108 109 110 111 112 113 114 115 377 232 107 80 196 151 436 112 28
201 202 203 204 205 387 440 344 427 487 307 490 217 296 483 297 22 48 167
1 2 3 4 5 6 7 8 9 10 201 202 203 204 205 168 287 55 70 458 32 42 120 152 398 56 450
436 265 351 474 419 329 243 139 435 488 388 451 241 322
201 202 203 204 205 321 264 266 170 155 495 62 10 292 342 398 158 482 418
201 202 203 204 205 210 495 419 448 227 93 302 249 155 495 87 246
201 202 203 204 205 58 330 245 147 430
338 481 124 264 446 311 114 406 63 189
101 102 103 104 105 106 107 108 109 110 111 112 113 114 115 71 396 407 491 70 188 6 28 117 419 400 45 136 448 115
201 202 203 204 205 463 273 143 326 128
201 202 203 204 205 323 85 3 379 415 452 283 190 365
101 499 106 40 108 36 52 205 12 60 400 460
1 2 3 4 5 6 7 8 9 10 101 102 103 104 105 106 107 108 109 110 111 112 113 114 115 312 368 437 108 83 83 48 428 111 123 148
1 2 3 4 5 6 7 8 9 10 359 440 444 260 324
101 102 103 104 105 106 107 108 109 110 111 112 113 114 115 201 202 203 204 205 166 74 345 444 107 356 444 474 10 332
496 198 385 447 78 121 264 216 202 185 216 298 336 469 10
1 2 3 4 5 6 7 8 9 10 201 202 203 204 205 13 118 275 282 118 10 168 37 319 3
1 2 3 4 5 6 7 8 9 10 418 238 202 39 462 118 499 352 362 132 7 489 134 59 105
201 202 203 204 205 418 305 94 472 332 262 266
1 2 3 4 5 6 7 8 9 10 70 368 130 282 337 16 305 329 43 17 378 450
201 202 203 204 205 345 242 95 4 300 445 488
1 2 3 4 5 6 7 8 9 10 163 105 199 192 290 482 420 184 228 99 348 371 415 319 420
385 289 159 474 376 285 398 272 426 288 387 111 467 321 332 278
67 342 489 119 294
201 202 203 204 205 408 238 286 114 424 459 432 475 89 211 98 221 12 408 55 250
201 202 203 204 205 311 329 110 447 159 151 166 244 12 466 110 97 189
201 202 203 204 205 214 308 98 20 148 420 227 59 477 64
112 154 189 53 245 42 237 477 332 214 277
334 398 489 236 343 251
366 223 472 281 333 473 191 127
1 2 3 4 5 6 7 8 9 10 253 442 258 274 280 324 213
120 303 85 301 313 63 120 102 478 165 29 234 378 255 259 489
191 310 363 252 487 314
412 431 122 138 229 117 69 223 448 58 178 40 429 135 118 34
201 202 203 204 205 376 172 424 218 152 488 458 128 49 95 368 197
151 111 117 234 219 29 249 179 1 486 177
201 202 203 204 205 111 170 196 222 170 424 209 2 302 242 92 322 42 397 494 211
47 314 116 342 86 357 388
1 2 3 4 5 6 7 8 9 10 201 202 203 204 205 248 289 115 271 305 204 312 444 37 280
147 162 162 95 475 303 78 188 25 266 161 25 51 451 249 152
201 202 203 204 205 295 321 310 253 332 459 355 358 87 308 179 311 281 311 457 134
284 128 382 104 417 239 433 247
1 2 3 4 5 6 7 8 9 10 106 224 111 157 407
1 2 3 4 5 6 7 8 9 10 201 202 203 204 205 115 482 99 270 321 100
178 402 405 334 59 12 455 313 170 412 145 196 284 451 335
331 105 246 158 40 412 476 45 455 438 489 499
268 197 391 431 256 115 298 236 473 85
197 365 151 171 355 458
201 202 203 204 205 227 235 435 168 277 176 6
180 366 272 442 458 230 335
201 202 203 204 205 127 434 385 425 500 10 3
201 202 203 204 205 206 356 112 434 55 59 33 45 190 160
144 382 332 234 84 322 387 181 34 473 290 227 258 55 353 473
1 2 3 4 5 6 7 8 9 10 201 202 203 204 205 145 256 186 440 264 70 241 241
192 351 483 266 80 465 385 59 158 108 240
494 476 414 461 430 430 275 223 404 75 284 139 336 293
201 202 203 204 205 313 164 413 91 138 187
105 357 356 383 445
201 202 203 204 205 60 348 111 293 112 497 470
1 2 3 4 5 6 7 8 9 10 74 465 310 478 222 344 356 188 442 107 419
142 337 124 295 161 243
454 83 416 398 314
201 202 203 204 205 188 79 270 435 115 367 443 185 104
201 202 203 204 205 397 415 270 64 397 293
418 192 362 478 398 430 12 412 267
280 218 407 427 115 461 432 335 62 358 43 145 209
1 2 3 4 5 6 7 8 9 10 125 56 383 356 72 279 282 155 452 312 254 403 133 14 305 497
101 102 103 104 105 106 107 108 109 110 111 112 113 114 115 201 202 203 204 205 386 14 50 293 103 64 82 46
257 379 18 377 302
129 331 481 116 438
101 102 103 104 105 106 107 108 109 110 111 112 113 114 115 201 202 203 204 205 400 243 275 41 482 175 38 447 181 103 90
1 2 3 4 5 6 7 8 9 10 426 101 4 12 39 463 9 151
201 202 203 204 205 29 441 280 363 299 451 161 76 9 374 393 221 104 500 392 326
52 379 442 162 138 196
186 314 14 372 433 445 14 14 45 313 485 46
222 149 445 207 391 426
186 65 49 289 347 105 281 234 370 430 235 134
201 202 203 204 205 42 223 493 359 367 340 500 369 11 366 313 74 248 187
93 226 99 468 32 365 273 447 451 319 348 15
196 397 277 448 410 79 493 398 368 5 462 67
201 202 203 204 205 297 248 437 108 311 61 323 413 255 414 362 177 213 431
380 194 312 447 472 113 181 366
257 373 83 174 344 241 38 95 171 243
201 202 203 204 205 258 356 481 48 48 180 169 57 414 133 243 455 158
1 2 3 4 5 6 7 8 9 10 201 202 203 204 205 491 15 100 373 74 345 212
101 102 103 104 105 106 107 108 109 110 111 112 113 114 115 412 353 298 318 269 149 149 267 245 185 160 45 77 61
17 482 66 281 383 180
277 132 315 405 352 273 440 98 286 385 197 162
201 202 203 204 205 404 190 84 17 409 309 313
1 2 3 4 5 6 7 8 9 10 312 399 395 200 281 277 40 87 317 402 51 121 141 445
405 59 211 359 266 103 18 266 442 453 471 243 40 271 85
101 102 103 104 105 106 107 108 109 110 111 112 113 114 115 165 106 238 420 200 353 414 131 66 226 28 353 234 433 375 75
60 134 416 264 244
201 202 203 204 205 365 90 261 281 1
66 334 490 223 379 137
261 35 384 151 175 57 268 389 204 403 106 28 483 293
201 202 203 204 205 148 82 373 425 298 407 51
101 102 103 104 105 106 107 108 109 110 111 112 113 114 115 201 202 203 204 205 207 204 409 24 161 374 39 64 11 467 245
201 202 203 204 205 324 458 219 182 390 110 287 340 35 496
1 2 3 4 5 6 7 8 9 10 201 202 203 204 205 318 39 59 490 497 466 224 420 272 102 205
369 444 324 245 256 456 47 251 480
1 2 3 4 5 6 7 8 9 10 230 308 109 87 95 197 226 453 108 233 444 30 68 203
1 2 3 4 5 6 7 8 9 10 201 202 203 204 205 227 430 300 111 168 303 395 37 76 343 105 52 143 466 273 412
252 258 104 285 444 477 98
398 208 91 68 210 415
109 64 58 425 65
170 254 441 103 275 130 104
1 2 3 4 5 6 7 8 9 10 101 102 103 104 105 106 107 108 109 110 111 112 113 114 115 5 332 56 262 213 238 30 137 248 353
201 202 203 204 205 366 464 428 403 50 300
378 186 221 289 30 348 404 412 222 341
450 286 34 428 264 160 405 10 328 96 65 433
344 493 409 84 117 29 215 67 3 64 74 238 395 454 214 150
132 210 168 450 245 17 309 307 442 164
201 202 203 204 205 177 179 219 34 254 100 360 381 480 79 43 271
1 2 3 4 5 6 7 8 9 10 201 202 203 204 205 280 293 238 483 141
197 7 67 431 217 156 430 390 392 434 311 411
372 187 22 88 346 417 124 229 65 225
101 102 103 104 105 106 107 108 109 110 111 112 113 114 115 299 414 398 419 197 355
438 15 420 326 415 414 50 151 256 98 284 117 114 355 142 58
201 202 203 204 205 439 207 48 471 411
201 202 203 204 205 106 272 455 335 317 222 43 73
201 202 203 204 205 125 435 413 28 262 307 341 312 259 370 280 357
101 102 103 104 105 106 107 108 109 110 111 112 113 114 115 201 202 203 204 205 155 470 330 307 363 35 295 273 272 195 50 425
1 2 3 4 5 6 7 8 9 10 201 202 203 204 205 367 277 434 414 420 19 68 494
1 2 3 4 5 6 7 8 9 10 167 374 458 108 174 166 374 6 205
157 39 384 427 11 106 375 496 389
136 45 219 420 264 141
1 2 3 4 5 6 7 8 9 10 84 276 261 94 476 436 90 213
466 55 194 246 313 124 15 212 199
147 65 382 468 92
137 467 271 397 409 224 471 457
17 184 13 156 491 16 383 275 440 73 48 194
141 456 142 211 428 165
356 267 277 184 221 131 23 175 301
364 415 334 33 9 8 350 200 270 411 263 491 68 251 235 462
74 25 54 312 98 293 105 45 131 76 239 9 148 255 456
1 2 3 4 5 6 7 8 9 10 201 202 203 204 205 149 131 445 366 275 223 55 98 278 160 162 276 187 80 136 250
147 378 76 21 342 251 232 140 27 301 175 425 273 482 153
497 499 58 85 93 341 23 396 9 338
201 202 203 204 205 283 88 4 32 169 462 345 420 121 317 420 351 65
1 2 3 4 5 6 7 8 9 10 69 278 272 123 220 237 59 162 123 343 128 300 206 89 287
131 237 425 111 17 290 242 308 398 475 372
441 23 229 246 252 253 411
201 202 203 204 205 70 500 132 137 324 41
101 102 103 104 105 106 107 108 109 110 111 112 113 114 115 201 202 203 204 205 289 196 159 19 324 388 486 385 48 423 164
466 433 345 319 257
56 285 473 224 128 482 292 349
201 202 203 204 205 311 29 35 62 358 66 383 406 289 140 329 289 132 297 312 226
201 202 203 204 205 274 216 79 172 335 215 316 260
27 432 364 191 230 145 462 317
1 2 3 4 5 6 7 8 9 10 201 202 203 204 205 364 427 37 359 96 259
201 202 203 204 205 69 192 382 470 79 284 79 382 225 107 469 438 173 335 228 308
201 202 203 204 205 199 392 484 308 256 393 414 363 38 270 480 32
334 290 232 424 353 307 500 235 65
220 368 61 237 207 300 321 406 294 220 203 141 196 373
201 202 203 204 205 126 464 225 442 336 459 23 215 159 182 253 163 81 359 104 360
489 202 350 99 457
201 202 203 204 205 276 91 204 63 347 478 475 326
201 202 203 204 205 21 352 204 136 177 404 366 286 101 199 365 379 29 28
124 311 133 5 203 202 259 288 257 46 291 81 223 16 209
441 276 229 287 255 102 99
41 244 487 27 235 7 190 281 482 280 34
497 264 435 340 361 262 459 25 306 412 100 47 373 220
116 164 214 218 154 411 274 394 89 328 339 103 316 159 9
190 129 301 420 218 391 260 137 159 472 341
101 102 103 104 105 106 107 108 109 110 111 112 113 114 115 410 413 177 268 147 476 11 431 369 22 208 216
101 102 103 104 105 106 107 108 109 110 111 112 113 114 115 201 202 203 204 205 10 63 223 464 427 49 207 49
101 102 103 104 105 106 107 108 109 110 111 112 113 114 115 310 238 298 365 121 125
139 317 93 325 46 119 65 183 411 368 252 272 334 203 258
1 2 3 4 5 6 7 8 9 10 138 162 485 190 371 456 269 108 489 144
201 202 203 204 205 208 214 42 462 308 361 97 226
101 102 103 104 105 106 107 108 109 110 111 112 113 114 115 29 295 70 280 84 287 253 335 173
31 258 101 197 392 443 155 74 34 21 57 25 137 147 212
201 202 203 204 205 454 120 347 248 350 375 375 478 2 239 212 103 195
1 140 476 61 31 312 30
1 2 3 4 5 6 7 8 9 10 128 51 380 261 262 391 389 110 452 308 336 403 328 308
407 31 287 463 498 497
471 229 13 403 17 189 164 397 445 334
479 303 7 492 364 499 410
201 202 203 204 205 294 2 260 388 52 112 452 436 241 202 56
1 2 3 4 5 6 7 8 9 10 15 263 307 58 197 277 217 465 119 214 491 295 101 276
452 109 219 379 175 4
376 429 138 287 401 428 218 357 160 168 310 30
201 202 203 204 205 478 171 419 149 201 438 275 483 207 448 480 15 217 23
1 2 3 4 5 6 7 8 9 10 101 102 103 104 105 106 107 108 109 110 111 112 113 114 115 201 202 203 204 205 192 225 350 338 112 368 118 41 349 361 168
409 340 12 350 40
1 2 3 4 5 6 7 8 9 10 276 469 318 116 62 247 344
301 98 49 5 440 123
86 322 176 370 12 227 238 223
61 376 200 389 417 44 406 230 222 69
281 220 103 369 351
101 102 103 104 105 106 107 108 109 110 111 112 113 114 115 201 202 203 204 205 369 224 158 26 403 389 451 339 203 71 134 167 432 127 89
230 365 332 200 476 428 193 412
201 202 203 204 205 434 13 336 93 246 149 469
1 2 3 4 5 6 7 8 9 10 101 102 103 104 105 106 107 108 109 110 111 112 113 114 115 10 49 143 261 449 317 35 385 389 484 349 321 327 469 134 354
355 216 365 281 432 392 17 286 68 35 418 351
435 203 488 117 282
1 2 3 4 5 6 7 8 9 10 175 283 158 352 112 63 51 321 291 1 90
45 448 295 224 338 298 71 498 363
1 2 3 4 5 6 7 8 9 10 455 402 93 311 436 54
201 202 203 204 205 78 89 241 211 176 61 145 262 233 78 426 123
201 202 203 204 205 197 473 342 277 230 121 387 3 158
409 340 312 96 464 76 45 314 5 62 195 22
6 274 307 68 182 67 473 28 63 289 246
201 202 203 204 205 250 270 116 57 206 72 106 140 269 372
1 2 3 4 5 6 7 8 9 10 18 427 72 368 339
73 245 473 44 490 82 136 70 141
1 2 3 4 5 6 7 8 9 10 331 139 40 352 420
122 210 183 303 484 250 361 9 25 406 446 32 262 483
32 95 10 165 389 292 248
201 202 203 204 205 256 91 79 168 380 265 217 320 217 313 302 40 467 311 130 13
201 202 203 204 205 393 365 197 302 314 144 388 295 137
427 379 50 333 375 265 69 406 214 435 190 384 341 61 193 41
304 134 179 382 399 148 309 67 406 411 160 445 316
1 2 3 4 5 6 7 8 9 10 248 348 427 233 119 85 453 4 245 183 324
201 202 203 204 205 291 372 30 341 38 63 496 113
167 281 334 119 489 365 128 18 297 11 19
201 202 203 204 205 439 221 99 9 96 88 302 301 415 24 337 382 139 84 193 453
386 295 172 325 440
152 257 453 199 100 348 383 426 356 314 478
1 471 271 82 269 406
201 202 203 204 205 118 60 385 171 377 9 332 81 2 333 280 252 139 41 194
201 202 203 204 205 376 476 204 111 200 353 430 194 6 316 387 456 326 135 371
1 2 3 4 5 6 7 8 9 10 101 102 103 104 105 106 107 108 109 110 111 112 113 114 115 201 202 203 204 205 89 319 31 496 367
1 2 3 4 5 6 7 8 9 10 267 404 171 350 210 165 248 24
1 2 3 4 5 6 7 8 9 10 201 202 203 204 205 56 68 190 16 83 18 432
282 190 165 210 438 41 217 1 452 111 415 171 71 79 53
1 2 3 4 5 6 7 8 9 10 101 102 103 104 105 106 107 108 109 110 111 112 113 114 115 289 34 383 402 453 6
115 37 152 186 313 451 155 178 410 312 147
1 2 3 4 5 6 7 8 9 10 336 348 393 467 108 261 373 223
1 2 3 4 5 6 7 8 9 10 330 126 423 441 48 268 305 278 51 28 110 300 91 289 268 214
201 202 203 204 205 295 73 332 318 21 8 273 348 442 447 384
25 59 474 113 19
32 2 414 184 240 283 151 363
201 202 203 204 205 255 356 118 192 223 187 342 452 235 96 301
201 202 203 204 205 494 488 2 376 475 139 436 157 395 336 365 372 108 243 13 124
104 273 498 277 476 353 415 228 349 16
201 202 203 204 205 148 196 305 435 332 426 254 329 50 463 54 231 272
343 131 409 233 282 116 193 125 190 1 81 216 233 455
184 458 200 170 489 158
375 463 367 367 265 124 277 75 171 496 254 153 254 274 108 464
201 202 203 204 205 325 11 389 257 160 101 298 121 53 370
376 250 163 258 118 246 315 461 194
56 128 405 34 489 346 210
482 382 360 476 393 86 118 133 374
307 80 458 491 257 157 219 368 36 180 471 470 102 108 489 15
1 2 3 4 5 6 7 8 9 10 202 345 107 237 380 162 251 375 245 68 145 455 482 234 359
201 202 203 204 205 449 79 472 211 294 167 106 159 252 369 403 425 95 297 268 263
160 418 339 96 159 430 142 308 192 241 434 353
101 102 103 104 105 106 107 108 109 110 111 112 113 114 115 222 281 461 337 21 472 477 177 184 26 422 328 434 372
201 202 203 204 205 19 462 140 200 499 301 127 443 306 372 187
201 202 203 204 205 112 68 277 99 251 88 117 179 358 18 311 187 489 292
239 117 499 321 339 233 487 120 324 40 195
1 2 3 4 5 6 7 8 9 10 423 221 3 325 264 350 200 177 49 38 63
60 408 127 432 405 25 488
216 221 410 274 42 483 95 56 203 88
302 291 357 327 1 499 184 119 433 203 280 472 207 74 113
423 231 281 294 188 355 190 340 257 5 432
1 2 3 4 5 6 7 8 9 10 201 202 203 204 205 323 92 452 134 20
280 129 112 96 220 331 288 417 352 31 375 137
219 229 345 488 474 232 176 59 108 284
159 422 135 438 255 437 167 303
174 93 80 101 363 157 296 463 38 116 83
201 202 203 204 205 446 75 310 197 403 416 180 311 423 45 364 389
1 2 3 4 5 6 7 8 9 10 434 64 61 310 51 151 253 350 187 44 243 171 175 7
478 387 134 404 348 417 103 132 205 66 27 382 177
294 73 38 358 25 404 22 392 354 405 177 251
246 437 428 68 80 271 182 363 249 6 302
201 202 203 204 205 368 202 383 59 328 39
141 433 75 254 135 239 147 206 68 434 233 201
292 76 36 22 245 98 275 383 182 281 18 230 90 498 184
12 171 408 464 222 265 472 364 292 337
1 2 3 4 5 6 7 8 9 10 295 311 382 258 489
1 2 3 4 5 6 7 8 9 10 138 290 319 264 110 355 148 397 240
201 202 203 204 205 31 205 217 355 73 322 392 231 151 312 431 174
334 269 288 67 217 62 210 43 453 195 93 53 285 482
393 371 307 288 296 370 385 301 48 336
417 101 199 284 245
180 369 366 19 405
101 102 103 104 105 106 107 108 109 110 111 112 113 114 115 424 136 215 76 495 466 402 153 418 412 290 42
405 123 218 83 136 270 368 348 435 5
98 429 435 166 380 381 163 477 129
445 265 127 53 119 346 294 2 294 303 396 242 7
331 381 441 408 100 133 84 448 148 177 191 152 310
1 2 3 4 5 6 7 8 9 10 201 202 203 204 205 39 346 17 230 199 315 67 462 40 266 100 183 171 6
22 493 253 125 464 416 423 168 451
201 202 203 204 205 302 482 320 22 346 344 150 500 298
101 102 103 104 105 106 107 108 109 110 111 112 113 114 115 279 134 306 292 221 466 178 37 69 411 97 468 315 407 148 275
201 202 203 204 205 480 98 77 405 238 446 128 241 259 123 317 151 434 298 478
1 2 3 4 5 6 7 8 9 10 165 303 396 344 401 10 109 388 476 443 174 155 499
201 202 203 204 205 109 468 352 77 489 483
85 106 461 78 305 391 98 58 417 330
1 2 3 4 5 6 7 8 9 10 201 202 203 204 205 465 251 75 174 122 493 471 199 393
126 283 388 316 230
266 93 497 425 463 259 64 485 296 324
201 202 203 204 205 489 25 203 36 395 42 166 461 139 64
1 2 3 4 5 6 7 8 9 10 2 293 348 89 3 421 70 303 170
201 202 203 204 205 408 58 48 437 301 500 162 467 363 45 201 239 29 367 9
384 347 260 170 148 249 135 294 335 162 238 328 9 433 177 487
107 318 23 78 453 298 377 476 490 430 48 387
201 202 203 204 205 310 253 362 182 497 155 161 192 309 491 487 339 185 440 5
192 365 255 184 354 234 20
139 249 148 155 245 465 148 457 379 274 419 198 424 198 98
36 100 185 407 180 402 378 413 59 175 327 153 368 203
201 202 203 204 205 225 133 235 123 351 8 127 251 137
384 144 434 247 77 361
377 408 249 68 310 242 350
13 168 3 188 193 58 51 471 330 496 374 118 356 473 242 286
165 455 374 467 273 245
201 202 203 204 205 418 20 212 120 249
201 202 203 204 205 447 186 246 443 133 454 376 244 335 468 275 232 364
1 2 3 4 5 6 7 8 9 10 101 102 103 104 105 106 107 108 109 110 111 112 113 114 115 85 421 187 449 392 456 460 381 450 6
111 26 312 217 109 76 352 69 63 34 37 481
1 2 3 4 5 6 7 8 9 10 101 102 103 104 105 106 107 108 109 110 111 112 113 114 115 280 127 207 220 12 330 379 324 143 472 453 305 270 453
280 183 264 364 61 290 444 307 471 404 82 4
1 2 3 4 5 6 7 8 9 10 391 303 90 359 164 137 275 180 116 70 368 190
201 202 203 204 205 478 413 379 72 445 93 202 37 253 485 82 225 482 97
177 92 141 387 57 102
201 202 203 204 205 271 488 107 99 18 135 247 440 12 360 354 228 319 365
201 202 203 204 205 324 41 134 225 408 290 89 370 321 1 103 107 445
201 202 203 204 205 216 493 161 40 417 303 444 292 285 274 410 200 15 166 415 35
108 408 453 95 497 470 314 75
440 494 223 377 399 352 6 307
436 67 325 22 211 82 499 472
201 202 203 204 205 311 158 399 260 479 150
489 427 380 421 476
20 235 78 462 473 230 93 214 98 70 319 148 135 203
1 2 3 4 5 6 7 8 9 10 246 123 84 403 354
101 102 103 104 105 106 107 108 109 110 111 112 113 114 115 201 202 203 204 205 483 311 28 470 341 118 181 250 229
120 101 412 22 362
1 2 3 4 5 6 7 8 9 10 41 36 487 339 389 317 221
408 303 25 126 179 205 368
323 295 113 348 474 338 102 122 14 328 475 239 246
105 125 227 440 174 187
201 202 203 204 205 110 217 184 33 51 462 30 361 23 46 496 470
447 408 57 276 291 232 482 356 200 478 274 20 348 198 281 36
1 2 3 4 5 6 7 8 9 10 63 373 110 78 17 308 264 111 127 454 466 95 328
125 72 16 153 157 52 327 408 89
201 202 203 204 205 35 237 13 207 311
450 104 135 375 156 250 256 101 205 245
1 2 3 4 5 6 7 8 9 10 201 202 203 204 205 229 223 239 204 446
156 136 353 58 149 329 343 301 17 46 473
439 331 409 211 40 213 26 300 481 480
201 202 203 204 205 366 112 229 112 138 112 232 499 55 327 146 410 171 330 154
201 202 203 204 205 229 492 408 358 432 439 143 391 263
485 184 465 165 44 64 462 98
442 427 325 475 396 253 62 94 146 54 379 116 313 136 142 391
186 242 56 197 101 143 9 197 45 208 249 280
201 202 203 204 205 367 124 101 347 500 319 48
25 367 197 76 386 57 488 250 149 110 20 483 437
101 102 103 104 105 106 107 108 109 110 111 112 113 114 115 201 202 203 204 205 416 283 232 438 457 304 488 239 322 286
201 202 203 204 205 490 289 331 30 302 195 491 356 247 248 142 203 217
1 2 3 4 5 6 7 8 9 10 434 51 265 500 355 441 10 5 216 119 499 127 13 293 212 151
201 202 203 204 205 423 472 473 251 339 169 12
301 399 204 367 115 191 500 8 217
460 180 62 78 385 338 473 301 485 243 248 458 374 296 156 357
1 2 3 4 5 6 7 8 9 10 458 138 209 31 418 157 44 289 115 291 421 269 172 456 52
257 342 344 183 96 140 67 338 183 169
1 2 3 4 5 6 7 8 9 10 474 468 53 467 140 86 79
201 202 203 204 205 192 212 140 381 265 375 288 323 110 136
1 2 3 4 5 6 7 8 9 10 182 133 149 120 307 369 309 351 434
201 202 203 204 205 404 129 372 426 27 241 73 116 370 157 158 149 312 481 210 462
201 202 203 204 205 391 181 350 236 6 57 261 285 367 474 167 259
363 39 431 239 452 279 474
201 202 203 204 205 41 87 498 31 468 469
215 25 460 191 212 14 76
476 57 456 249 308 342 7 310 454 341 386 429 444
488 339 438 162 218 58 164 85 372 495
201 202 203 204 205 113 213 236 298 331 292 263 358 372
133 364 191 15 292 102 291 340 213 143 277 159 425 431 435
201 202 203 204 205 204 121 424 397 23
207 485 311 485 404 449 302 338 482 26 438 217 338 314
1 2 3 4 5 6 7 8 9 10 201 202 203 204 205 361 417 466 52 473 149 270 140
201 202 203 204 205 61 333 33 473 333 437 178
1 2 3 4 5 6 7 8 9 10 201 202 203 204 205 289 143 430 243 166 47 47 227 325 1 478
11 378 7 82 465 229 348 200 425 468 222 346 136 141 426 198
101 102 103 104 105 106 107 108 109 110 111 112 113 114 115 201 202 203 204 205 9 301 106 207 97
1 2 3 4 5 6 7 8 9 10 101 102 103 104 105 106 107 108 109 110 111 112 113 114 115 58 243 342 487 359 459 420 61 133 273 27
100 472 163 316 54 319 376 36 73 472 46 95 452 29 178 273
1 2 3 4 5 6 7 8 9 10 101 102 103 104 105 106 107 108 109 110 111 112 113 114 115 201 202 203 204 205 171 278 28 369 366
49 311 332 19 212 280 43 404 497 446
101 102 103 104 105 106 107 108 109 110 111 112 113 114 115 63 218 25 146 442 35 498 278 435 36 177 408 458 415 254 31
201 202 203 204 205 72 297 427 152 9 149 347 256 35 322 45 67 176 449 400
363 359 56 77 398 306
1 2 3 4 5 6 7 8 9 10 101 102 103 104 105 106 107 108 109 110 111 112 113 114 115 201 202 203 204 205 211 489 290 290 434 446 476 417 122 375
