78 238 274 334 432 564 602 651 697 886
87 207 243 424 530 536 596 636 682 772
11 36 78 84 92 197 234 485 548 862
3 156 318 396 505 607 851 877 897 939
88 315 348 390 475 538 565 693 778 818
22 30 227 506 523 539 540 592 729 759
64 202 263 320 326 351 355 507 601 736
19 51 55 82 292 366 449 646 647 676
147 183 203 296 402 467 652 658 725 773
12 121 220 411 501 625 656 739 816 951
53 238 343 434 436 464 628 721 883 999
63 93 159 221 428 517 760 887 930 954
54 133 153 365 445 486 612 666 787 809
93 193 339 417 552 694 765 771 786 978
9 42 113 225 283 350 416 471 626 724
99 130 164 305 432 624 668 793 850 899
248 331 373 514 543 564 600 718 720 883
114 149 248 493 514 601 751 854 943 971
38 48 61 208 300 303 310 442 514 647
110 184 208 294 420 506 584 671 852 957
227 368 406 545 606 670 708 769 911 941
33 38 270 507 636 781 926 927 991 997
438 473 573 583 589 610 766 854 908 911
94 185 228 280 424 508 655 722 870 910
108 305 314 350 533 738 760 828 861 991
102 103 165 176 320 441 565 615 743 897
61 131 261 377 420 527 708 867 945 991
118 119 413 482 504 550 585 600 720 849
59 116 183 359 379 422 472 598 721 823
69 230 255 285 312 442 556 923 927 968
69 197 205 240 255 296 331 440 628 648
68 193 339 383 395 434 559 633 676 742
4 11 20 182 212 403 486 510 547 967
20 85 101 507 533 549 700 738 835
31 285 296 307 375 390 586 685 713 979
62 65 266 320 344 444 627 879 928 972
74 257 322 404 530 540 551 759 806 985
27 108 249 279 290 333 704 770 910 974
12 133 163 167 172 370 485 486 738 899
11 259 353 359 423 604 749 855 901 967
120 269 463 544 565 606 738 821 844 891
99 192 290 339 391 411 471 512 578 620
14 213 263 325 559 624 781 791 808 957
218 324 378 446 450 524 574 671 776 939
39 70 350 410 488 649 779 870 929
117 219 220 267 328 546 647 781 803 826
7 17 106 170 345 372 736 852 931 981
87 207 290 348 407 633 682 697 872 913
35 197 199 320 342 446 795 818 927 938
12 159 212 258 299 339 555 590 654 852
28 299 302 458 521 542 724 808 943 990
31 221 260 359 366 470 487 580 799
151 284 360 398 461 502 562 678 788 961
17 54 106 473 720 774 824 891 931 995
76 373 456 547 666 679 777 823 838 844
14 214 317 335 359 479 544 571 588 997
175 187 283 310 358 383 458 651 875 987
67 209 302 333 360 370 559 726 853 952
247 271 311 447 471 496 545 550 857 918
26 189 218 340 346 427 499 698 806 814
166 216 421 459 482 533 810 831 865 980
104 124 171 191 318 333 334 908 940 980
50 381 488 530 547 731 881 888 980 984
78 129 311 348 370 514 560 667 855 995
16 23 237 442 449 685 745 757 870 958
31 70 282 464 478 507 540 590 708 986
209 265 272 440 552 618 699 826 892 987
21 23 119 184 259 384 556 739 762 853
106 141 207 274 397 400 558 582 649 755
89 119 130 220 236 285 570 645 858 888
194 216 433 523 609 628 635 744 793 948
107 170 193 445 469 517 571 576 621 846
38 91 256 286 412 548 641 784 832 903
30 40 74 214 274 412 619 927 944
76 89 116 275 281 331 353 564 594 782
187 505 628 651 663 736 783 835 867 884
86 167 211 287 375 393 597 782 917 969
222 412 443 544 653 836 841 906 926 957
65 188 291 373 461 715 724 861 862 891
92 180 308 310 425 637 673 689 809 857
124 247 362 463 497 617 699 778 891 923
23 87 178 340 415 476 799 835 969 972
30 63 173 177 419 619 623 643 652 979
58 77 138 398 565 600 764 886 891 975
38 68 236 356 469 564 609 634 677 995
31 51 397 409 494 505 545 828 843 960
40 186 303 331 604 632 678 872 876 935
133 402 589 600 618 746 825 881 915 991
51 59 464 495 518 533 763 919 954 975
22 92 201 237 285 302 534 568 581 772
34 92 154 160 247 590 835 896 941
77 293 352 372 386 583 615 769 840 899
19 242 280 300 331 392 414 700 779 932
74 92 549 594 610 703 781 911 965 975
194 269 395 547 593 650 731 871 888 907
42 46 164 279 624 669 710 718 835 873
183 184 222 274 325 394 474 478 755 867
15 16 168 180 365 467 487 565 638 925
157 159 223 363 407 549 650 693 786 929
86 102 272 306 498 613 693 814 885 963
67 95 310 351 357 366 545 798 850 913
80 185 302 507 513 566 776 784 936 1000
55 172 307 337 362 366 533 633 698 976
25 47 268 468 494 744 806 833 887 912
85 292 403 525 579 656 736 815 860 946
399 592 626 651 692 697 724 841 847 932
13 43 211 247 384 542 623 663 877 958
150 187 215 275 279 282 487 654 676 980
51 97 185 192 370 525 560 631 940 995
34 40 102 185 358 706 762 778 936 983
23 245 330 370 538 584 655 674 712 786
16 26 108 133 163 392 402 532 560 926
6 98 264 352 496 737 740 762 945 971
20 140 149 173 502 530 699 731 831 923
60 136 270 314 498 523 616 725 858 882
14 100 228 251 253 344 377 474 623 760
148 160 268 281 324 347 388 498 806 944
53 100 191 378 392 469 541 786 824 944
69 158 259 277 422 434 559 628 827 831
239 261 323 467 477 633 685 745 798 826
76 265 505 550 653 720 852 925 944 947
35 257 383 465 516 656 769 808 933 979
21 126 141 346 484 502 614 716 775 914
108 252 316 339 450 516 617 722 867 897
78 135 163 169 384 403 457 541 718 893
145 174 175 244 389 405 463 606 712 818
5 112 337 340 492 542 633 654 821 895
67 126 153 218 263 368 381 646 687 974
11 85 319 385 545 585 620 653 788
315 366 534 599 620 621 756 847 884 891
49 94 392 654 695 783 802 844 898 971
13 15 46 521 552 553 562 694 791 792
50 88 437 443 468 470 780 848 921 971
31 104 123 217 289 318 550 626 636 703
24 133 179 322 509 808 830 840 866 967
112 277 388 472 477 642 855 884 943 978
99 184 244 293 512 707 716 727 731 749
119 171 199 217 221 308 482 492 605 943
105 192 264 640 658 660 718 763 923 995
151 200 333 419 605 765 821 961 972 983
45 129 263 396 408 435 501 560 772 970
105 294 367 457 467 690 779 856 895
36 60 224 351 369 510 613 623 631 909
41 263 270 271 279 281 585 830 874 919
118 279 490 622 631 708 822 881 888 956
49 71 119 207 349 580 594 603 992
77 171 267 509 575 585 642 648 783 946
326 420 439 463 574 720 796 803 892 968
169 265 284 367 413 528 610 634 723 843
243 259 318 383 422 517 730 820 821 884
129 327 372 387 390 464 534 944 962 982
11 144 306 567 681 703 713 797 884 943
25 49 127 134 349 353 415 455 578 903
120 185 236 478 549 563 694 819 946 985
10 75 129 173 493 549 582 718 830 967
2 37 70 107 402 608 624 677 876 930
148 151 164 280 399 426 738 825 900 978
90 92 143 288 398 691 764 879 981 996
30 247 261 274 322 560 581 586 849 862
160 171 208 310 352 358 573 684 715 774
29 52 88 99 285 434 659 664 683 977
16 229 312 350 450 572 794 801 970 974
74 114 161 164 199 289 562 594 623 800
4 121 148 184 202 539 590 750 752 842
476 482 570 599 884 891 894 940 969 970
5 51 266 278 432 490 526 716 801 931
84 187 242 486 560 652 767 835 951 992
21 82 138 214 358 488 771 844 952
4 130 380 392 594 651 659 710 954
371 387 513 658 724 742 803 903 973 984
159 247 290 292 337 422 478 644 760 835
58 209 273 413 514 619 793 921 929 977
35 46 341 351 573 641 670 681 769 837
224 403 490 648 747 773 876 908 943 979
35 174 267 378 455 565 687 812 968 992
19 325 381 532 665 717 759 767 937 958
24 123 125 208 260 273 481 540 541 863
143 233 321 428 607 610 648 692 824 852
23 31 110 340 462 536 595 744 798 878
71 158 209 379 427 604 647 726 784 895
21 25 96 151 157 282 309 348 781 869
43 88 148 178 180 325 580 638 708 830
20 87 102 154 218 303 350 735 823 829
38 121 276 293 294 363 409 530 559 581
5 26 68 95 140 146 191 210 593 779
97 119 253 258 301 310 753 867 906 975
229 438 473 526 586 672 686 854 924 953
149 177 274 430 478 491 508 546 756
190 216 299 419 594 682 720 855 946 983
248 255 292 368 482 598 613 633 655 985
118 272 273 305 436 504 784 833 834 895
38 74 245 429 658 705 727 794 869 948
84 98 169 480 685 771 920 939 970 992
57 66 95 237 243 376 628 655 756 940
31 60 137 193 259 387 447 647 768 879
11 256 286 396 416 495 573 576 793 819
44 69 81 139 164 183 437 438 557 885
91 102 206 303 330 333 563 641 876 887
7 152 387 467 488 552 619 913 916 947
140 146 190 528 567 701 789 871 874 994
91 145 172 182 387 401 456 767 837 843
33 287 378 392 574 644 791 808 876 982
74 119 143 202 260 303 484 652 708 911
41 85 91 228 243 247 341 355 649 661
1 144 173 292 338 356 371 670 841 971
67 375 443 464 511 528 567 698 766 871
75 143 246 316 536 554 644 814 901 949
58 178 219 348 366 442 453 564 761 949
59 260 267 343 428 438 845 851 924 999
25 447 567 585 622 776 783 838 966 971
33 90 96 247 260 347 473 540 557 886
531 564 592 734 740 771 841 893 907
173 198 267 320 474 554 568 722 739 746
17 25 34 212 360 615 690 713 759 901
12 53 155 263 386 448 714 800 840 992
136 289 323 481 713 781 812 853 901 986
169 197 321 437 526 616 724 906 907 987
95 225 275 324 396 407 653 715 775 863
200 331 408 481 639 777 802 852 922 939
90 143 250 330 396 576 765 776 786 957
372 388 406 456 507 622 632 767 791 935
189 257 427 476 574 651 682 734 888 968
106 168 169 196 424 462 509 901 973 982
106 132 168 338 499 742 827 879 882 913
33 186 293 426 438 520 712 770 959 970
79 116 252 255 262 282 289 371 821 912
35 70 146 201 357 470 520 815 840
40 77 107 298 484 503 616 788 895 956
51 90 116 233 524 574 724 808 811 1000
88 183 360 367 382 459 875 895 904
7 66 447 489 506 554 595 702 806 907
36 131 312 418 524 541 607 809 857 914
24 32 95 103 113 196 230 271 868 907
59 186 341 394 411 469 524 536 541 741
12 31 74 381 466 583 667 669 932 959
75 230 372 435 436 491 731 803 910 965
114 181 323 371 385 397 590 836 849 962
23 26 36 268 292 626 664 666 843 927
46 107 113 124 260 335 587 608 736 956
189 298 327 360 395 442 639 741 768 889
88 198 200 365 696 758 763 772 790 846
15 51 58 62 287 521 630 751 811 871
214 248 297 547 631 648 675 682 690 957
36 112 263 324 520 542 589 745 920 972
57 179 290 297 320 603 615 782 954 989
16 63 324 337 401 468 512 551 897 941
45 78 283 348 477 613 816 817 868 922
49 163 250 315 368 425 464 617 837 942
68 100 231 281 342 826 827 845 850 886
38 41 94 210 404 436 455 607 657 872
52 66 178 306 316 433 509 571 584 942
232 332 347 362 463 621 665 871 923 938
127 144 167 183 580 678 796 823 915 959
82 173 241 351 392 430 520 630 722 943
66 89 179 218 320 484 608 654 864 955
44 131 189 336 361 416 474 701 891 952
72 234 282 406 494 533 562 575 628 788
46 168 184 494 512 532 555 607 682 709
14 26 41 208 277 476 596 683 763 910
135 321 323 467 477 553 565 578 665 685
23 66 115 236 305 456 525 634 641 855
7 30 285 563 665 722 819 833 937 969
97 185 294 307 455 653 705 757 843 938
3 88 152 169 206 415 418 546 669 902
137 180 360 533 542 623 729 863 882 973
99 172 294 337 402 455 563 727 839
80 91 141 511 637 738 741 873 917 976
124 174 200 257 431 472 559 680 839 904
91 160 172 180 382 402 410 567 604 615
146 174 226 241 553 614 625 633 952 954
274 367 398 442 536 683 786 811 815 829
17 176 243 286 326 612 701 844 857 970
7 12 136 325 445 454 465 576 889
73 115 141 283 416 425 453 489 720 846
82 267 274 433 470 515 584 776 864 919
44 533 535 576 742 753 799 851 932 995
279 392 445 498 527 596 619 686 690 709
47 132 179 240 267 280 338 415 479 751
108 322 324 474 599 604 605 870 908 944
70 142 223 230 309 345 397 629 702 882
1 22 105 108 229 536 769 791 832 889
88 110 156 283 474 728 763 908 942 975
208 246 274 317 470 547 718 753 822 885
7 44 210 417 435 453 661 767 823 859
3 27 149 418 476 767 776 849 911 985
100 131 315 342 448 555 645 842 898 952
63 142 176 259 474 519 659 884 954 993
25 46 127 128 283 375 419 556 704 822
243 507 544 558 567 610 742 763 776 831
204 233 336 381 414 475 487 548 787 940
287 521 567 608 617 622 689 784 857 922
29 48 155 292 346 513 577 665 684 862
182 260 446 485 499 712 718 740 927 950
79 140 237 594 658 677 739 763 766 783
175 200 261 327 390 527 684 687 905
31 76 332 353 531 613 628 868 951 957
73 208 235 383 633 661 714 855 904 964
90 300 374 473 475 479 786 796 916 994
71 120 277 282 384 414 446 512 711 899
47 149 197 475 534 618 619 645 728 975
16 266 276 423 515 529 681 871 877 885
44 107 198 202 207 244 357 377 395 607
86 209 488 558 586 671 680 848 877 886
106 186 249 549 692 729 808 890 896 903
130 134 154 242 329 366 646 751 784 898
58 121 161 211 229 533 661 830 939 969
121 123 147 213 218 266 312 468 513 919
252 265 301 389 611 617 671 766 925
68 87 417 496 524 717 721 766 943 954
32 231 249 417 506 622 836 952 973
82 127 133 362 396 472 508 791 858 952
28 210 294 351 397 451 473 505 819 917
218 224 227 239 309 321 452 490 775 848
123 266 273 289 387 439 627 665 750 785
17 32 398 422 464 638 654 758 824 898
110 114 175 183 388 546 632 912 954 961
3 7 158 187 355 361 543 670 757 801
179 201 255 302 305 327 552 688 711 772
69 197 247 261 298 307 359 676 858 990
233 375 431 479 542 789 814 820 948 991
87 115 171 196 421 560 573 714 907 986
20 140 446 537 743 757 823 929 939 956
74 75 82 87 529 539 566 863 875 893
100 141 233 246 330 346 430 471 528 558
104 268 365 501 616 710 758 790 912 958
55 75 76 331 555 600 747 976 987 998
50 71 81 108 113 147 210 698 769 959
39 56 168 190 234 423 496 502 540 609
5 12 206 270 421 530 556 594 914 981
138 164 526 584 627 716 788 805 905 941
178 261 433 465 504 614 711 867 882 996
34 181 452 479 522 721 780 860 963 974
113 237 453 549 624 766 822 857 912 973
41 415 442 457 502 558 603 707 733 757
65 75 390 592 659 720 749 863 931 936
88 106 156 226 331 341 500 531 892 990
23 185 303 441 657 672 685 780 839 908
12 52 57 123 131 173 275 333 894 951
122 131 321 476 659 741 746 913
28 90 235 407 415 760 789 849 942 973
9 454 476 654 681 726 748 777 901 959
139 226 245 348 434 507 576 721 727 744
9 18 108 156 368 461 587 672 748 842
100 148 485 658 666 745 821 894 917 976
22 48 190 235 395 533 581 674 852 981
44 289 325 428 451 475 759 859 921 935
34 142 214 329 336 555 689 707 877
88 397 409 423 436 530 621 630 800 820
142 217 260 280 297 404 823 958 974 990
4 107 200 242 398 503 605 662 747 985
188 189 228 281 396 640 728 757 795 844
19 88 491 542 701 711 805 809 815 914
21 93 166 632 714 715 762 861 900 914
202 290 458 472 579 599 796 844 909
15 154 243 262 439 467 526 613 837 971
69 126 164 375 394 446 589 636 864 898
34 167 228 436 519 594 649 829 878 951
15 234 492 501 649 758 875 906 949 988
153 195 223 369 400 587 641 728 830 959
217 238 280 285 292 371 733 777 806 934
21 64 249 354 492 590 602 751 820 913
8 58 102 204 294 453 573 582 855 896
26 269 363 372 503 710 752 858 969 984
70 125 216 240 243 357 473 535 778 813
14 190 243 287 305 407 474 587 655 915
25 175 348 422 470 495 686 751 833 853
98 130 131 363 471 584 644 753 885 938
33 202 358 395 470 642 724 734 753 772
238 352 380 558 691 764 837 860 870 879
167 174 275 365 460 492 806 854 862 931
111 200 241 291 330 459 529 603 630 795
9 236 293 375 502 563 637 753 798 909
41 84 282 313 322 445 607 667 676 771
50 146 223 395 413 678 804 806 833 876
151 157 166 171 177 321 535 716 849 880
111 177 183 190 193 211 265 289 814 998
61 91 204 454 564 567 597 638 863 895
165 320 338 452 485 521 559 638 723 840
5 20 105 137 170 188 458 647 664 779
68 136 212 454 486 666 672 681 816 912
79 162 253 349 369 449 790 851 950 998
41 45 188 201 341 400 662 676 707 758
31 164 200 220 238 339 356 630 910 962
44 95 223 322 374 448 452 716 768 965
60 93 138 244 431 599 662 744 904 973
104 168 259 311 565 593 610 628 629 737
7 136 459 485 492 651 673 919 924 995
111 165 180 199 507 556 606 614 692 817
66 342 359 488 563 621 863 900 923 927
36 302 456 572 608 637 737 760 776 977
43 55 109 175 259 360 455 538 565 731
124 231 365 436 470 548 667 701 790 853
31 110 333 475 496 559 597 733 794 951
40 120 403 473 474 576 630 635 848 919
23 68 85 137 302 452 706 714 894 995
93 157 351 368 415 448 488 557 559 836
169 304 318 496 567 680 702 748 827 924
21 124 127 480 502 538 547 559 829 969
14 326 413 417 554 658 677 684 808 860
62 65 178 273 480 483 578 745 846 885
111 174 265 411 436 520 523 736 832 920
36 162 205 260 281 400 642 729 773 813
42 313 592 653 670 775 829 851 953 976
14 24 189 284 318 329 525 545 831 922
64 137 184 529 680 806 814 910 929 960
15 393 405 430 530 592 619 685 807 949
162 402 408 495 510 769 796 917 994 997
225 303 314 327 349 384 433 458 484 497
57 134 446 588 589 749 753 798 905
41 74 516 579 698 806 819 839 845 931
33 77 301 610 640 680 724 747 755 827
10 99 182 340 349 567 571 659 841 961
62 289 295 313 326 354 368 518 611 835
20 116 180 185 259 562 571 612 797 881
163 287 355 588 595 715 804 874 936 997
36 233 285 432 454 459 514 538 809 952
132 138 256 400 414 524 536 636 737 972
34 59 126 360 729 761 889 942 968 988
167 229 292 340 590 805 822 921 940 943
85 154 232 328 587 692 850 900 933 946
93 434 526 600 639 765 849 949 981 984
22 48 96 240 703 748 780 844 945 963
97 138 170 202 445 532 555 759 806 901
270 271 278 509 544 566 614 816 923 929
91 100 207 322 383 385 427 778 870 930
51 164 173 198 301 316 715 789 790 933
29 110 190 203 205 283 542 598 870 920
195 260 278 412 416 521 594 838 887 930
141 349 416 616 655 713 746 788 848 981
11 92 299 342 431 446 537 787 866 868
116 251 322 334 373 756 802 827 896 922
51 130 146 468 555 628 711 816 817 844
58 396 504 726 735 816 823 848 857 883
142 226 336 369 371 419 503 632 770 990
328 451 479 509 525 562 642 650 778 958
51 320 355 367 439 488 660 666 887 907
183 420 459 500 530 582 659 770 791 807
42 121 339 381 407 439 574 882 891 912
100 237 264 570 667 788 837 892 924 1000
55 96 149 189 280 362 450 539 635 704
101 204 217 332 595 647 654 695 786 881
40 257 287 320 388 718 805 851 856 886
10 168 192 260 314 317 326 382 386 913
38 91 117 159 173 214 302 367 818 834
103 459 468 498 574 588 728 767 791 838
56 122 198 283 291 492 496 522 664 868
1 122 158 219 224 252 648 670 781 966
137 197 249 309 434 482 532 652 669 895
98 105 145 234 306 312 325 555 726 817
54 162 254 274 362 370 384 611 714 773
36 121 185 247 284 326 559 693 874 954
10 61 113 478 586 640 698 716 743 898
60 77 440 447 646 802 835 934 984 987
130 434 473 484 524 565 567 676 832 994
36 388 432 439 595 631 685 770 880 908
402 583 595 607 697 776 826 859 865 884
180 268 411 421 467 514 607 628 743 942
588 604 628 694 718 780 866 956 982 998
297 343 432 491 561 643 738 759 778 807
104 462 667 706 763 825 859 963 980 1000
315 328 347 397 400 474 482 594 634 810
126 142 240 298 344 710 735 775 834 919
71 119 159 236 373 479 527 597 630 958
37 149 290 377 449 578 721 794 831 990
90 160 218 219 254 704 721 834 851 895
104 156 531 559 613 707 781 782 853 871
36 101 194 228 256 280 611 718 875 889
138 236 351 433 451 482 515 848 889 993
35 287 291 331 585 638 653 672 877 883
224 311 377 423 438 509 559 696 899 948
184 240 300 380 452 548 816 968 973 986
10 15 275 537 588 775 847 860 895 960
69 140 167 195 208 240 263 390 685 781
18 198 254 287 292 370 384 652 706 756
136 164 236 442 598 602 639 688 697 711
16 43 47 398 400 405 563 650 757
110 146 353 392 546 620 738 825 857 979
35 162 238 660 678 742 782 879 933 989
16 95 110 190 398 427 660 854 921 947
182 187 252 483 581 643 778 800 846 941
22 67 77 128 278 713 728 790 849 878
54 178 189 324 374 416 448 587 726 982
6 111 188 281 329 519 757 780 817 822
114 141 361 396 420 421 495 627 863 992
192 299 387 460 496 521 543 674 818 932
93 208 331 401 631 695 739 788 932 996
13 140 156 200 257 318 458 658 743 889
55 119 130 396 409 612 643 701 838 948
6 72 139 267 561 568 691 938 954 993
86 140 222 480 484 495 681 731 907 966
52 166 338 401 684 694 787 840 861 908
50 269 392 491 576 654 826 919 959 967
57 74 109 120 244 289 334 381 406 862
96 219 432 484 608 633 692 843 988 1000
133 245 292 297 367 493 565 576 722 738
174 214 253 318 429 430 508 558 642 925
97 324 452 567 586 595 667 720 753 970
33 82 165 403 465 492 667 715 882
20 144 265 358 440 449 746 836 880 966
45 51 228 337 478 561 697 745 770 791
6 115 315 479 491 549 640 850 934 954
260 348 391 394 490 660 700 758 771 938
174 201 237 334 665 798 815 830 868 987
58 164 193 197 316 743 819 940 960
116 192 237 352 364 454 472 495 606 836
47 73 87 114 175 226 712 817 987 996
5 30 102 324 400 457 485 535 729 865
128 224 294 538 574 629 730 827 998
143 170 280 374 567 598 611 740 854 993
60 119 238 346 444 486 680 806 815 825
41 152 212 224 245 287 361 452 474 807
83 159 160 168 195 482 540 631 906 942
9 218 234 377 392 463 557 747 859 953
8 92 168 286 330 429 447 625 649 740
29 139 315 320 351 531 634 691 737 991
185 280 305 348 368 486 524 670 894 969
99 172 199 347 449 477 686 696 940 974
15 94 291 395 466 598 662 848 906 917
81 142 153 186 247 389 474 575 596 730
16 209 267 308 499 582 668 779 841 852
33 152 168 214 346 563 722 867 874 912
150 400 411 492 613 799 808 820 925
96 336 339 363 430 714 772 793 801 859
9 91 106 119 135 367 370 425 475 517
34 47 102 128 378 428 433 483 519 935
110 114 331 494 548 722 743 860 888 904
221 494 518 611 679 727 779 803 865 930
10 177 199 300 353 382 394 742 828 974
55 86 225 237 273 536 602 647 804 856
34 236 300 344 674 720 734 738 771 997
21 39 78 109 121 315 382 418 482 486
76 90 153 248 397 525 686 736 743 816
51 383 480 507 570 660 791 870 889 928
81 240 305 306 346 354 768 891 911 994
76 154 173 619 640 663 702 915 922 932
142 165 177 211 225 244 280 292 398
24 271 374 393 521 569 631 664 933 957
71 195 253 419 457 744 751 839 978 980
158 289 319 354 377 491 578 674 816 819
60 97 172 179 394 526 703 726 870 980
49 161 180 197 269 354 374 479 610 715
94 194 335 422 618 705 833 869 960 994
93 176 210 259 627 651 775 840 849
51 162 245 469 614 629 708 830 941 947
94 104 234 329 442 532 646 660 737 986
265 277 309 503 556 613 683 914 924 944
25 93 127 347 358 389 438 523 556 615
74 84 247 336 564 668 795 817 871 876
152 206 309 379 419 614 704 713 778 897
44 47 102 151 250 435 526 577 696 876
169 289 299 326 370 485 514 520 866 987
89 90 297 346 508 762 769 867 909 942
163 232 240 295 420 451 603 841 846 876
108 147 237 388 626 787 794 795 818 846
143 159 408 441 528 584 673 751 832 841
123 256 268 335 597 616 657 787 809 821
185 250 274 341 353 392 536 740 771 868
122 287 446 510 610 740 836 910 931 985
30 150 188 433 434 481 641 842 866 876
9 234 241 289 326 334 479 754 961
113 154 159 165 318 698 732 842 921 955
47 109 118 191 205 489 710 838 898 921
8 179 246 301 459 478 703 757 775 944
117 171 454 545 602 732 778 804 891 894
151 257 297 372 380 425 462 720 875 955
111 135 368 601 629 679 691 772 776 936
4 21 231 242 446 465 476 615 958 960
38 216 319 413 456 581 763 789 872 987
174 271 282 326 561 605 743 861 918 995
83 256 380 418 549 637 784 786 943 992
86 160 371 413 534 535 578 917 948 977
105 163 294 376 380 499 747 809 949 985
169 236 289 320 421 502 736 827 891 922
337 396 439 508 563 689 723 779 850 983
26 58 114 241 482 724 736 898 937 938
172 233 289 304 343 405 489 629 865 897
99 215 225 289 389 434 548 719 858 958
65 309 348 354 524 721 876 967 968 976
12 70 161 194 215 441 602 660 849 867
10 56 65 226 246 349 549 577 755 809
9 271 414 420 539 603 629 720 868 929
71 93 97 126 311 385 437 673 695 930
75 261 279 331 378 587 722 762 846 859
195 353 542 618 629 748 779 804 822 835
4 30 141 476 477 502 618 678 879 1000
112 426 588 721 784 799 904 934 955 989
65 180 200 582 609 662 672 681 785 873
2 163 206 314 367 542 634 832 933 956
259 266 531 581 637 674 697 743 911 968
111 248 328 381 512 586 596 785 841 935
3 187 303 311 510 549 776 797 802 938
3 10 27 52 111 197 322 465 880 898
156 316 357 463 603 611 740 792 874 985
42 78 290 334 447 532 535 727 880 882
43 209 368 386 430 496 534 567 919 939
100 130 229 352 462 537 608 801 820 885
43 60 125 333 644 696 697 715 783 868
32 58 556 569 571 663 810 861 961 998
216 384 452 476 575 613 640 731 890
52 199 244 502 519 527 561 663 721 908
26 60 120 403 437 479 557 568 803 928
77 84 99 126 142 177 258 416 578 764
31 53 123 223 400 543 600 774 809 930
20 68 353 470 486 513 525 587 816 852
123 288 359 524 618 738 910 943 976 989
62 93 124 328 418 553 633 745 796 858
174 334 396 452 582 688 867 908 934 990
63 141 146 170 184 398 409 454 892 893
11 90 181 201 320 342 346 626 840 892
32 396 408 473 637 798 814 837 848 976
37 116 127 265 383 504 508 532 965 997
3 170 251 414 434 459 786 908 910 939
119 148 214 232 562 637 696 829 866 898
12 75 84 369 376 447 491 521 674 764
161 502 620 663 708 711 747 760 854 887
3 9 33 308 368 447 649 666 771 774
225 403 517 602 603 652 683 744 872 877
8 140 419 471 483 490 516 590 622 868
425 484 616 626 649 733 750 753 927 966
164 326 362 382 495 680 787 803 822 845
76 359 530 564 574 750 850 861 867 899
46 126 203 246 399 476 540 776 822 825
152 243 321 368 424 435 513 743 763 787
11 173 216 294 369 407 483 730 755 976
123 133 450 572 670 686 689 736 939 959
220 304 346 399 446 549 617 712 783 857
139 171 218 233 343 491 516 563 739 942
9 48 222 246 319 466 569 592 756 889
93 140 361 474 509 595 632 647 798 998
16 60 69 626 636 658 770 806 830 854
31 69 122 356 475 541 575 736 795 937
44 72 77 157 172 338 419 684 713 935
258 300 325 404 424 574 640 798 876 920
35 106 121 197 334 399 402 475 746 849
129 243 350 371 450 592 611 696 829 989
210 220 392 417 565 613 633 876 943 996
193 427 465 492 497 724 769 834 959
41 87 315 356 357 429 512 516 615 960
22 159 426 490 572 596 683 701 789 959
14 77 81 501 564 587 600 792 868 934
16 44 177 227 309 405 435 468 635 759
2 7 104 297 400 421 503 614 715 894
35 87 175 330 385 426 469 488 503 828
26 31 61 101 118 235 384 496 761 981
234 365 492 611 619 631 640 696 741 789
120 178 182 319 330 353 619 659 786 912
95 234 273 279 314 460 494 587 675 700
44 96 239 253 265 462 677 703 743 932
121 150 263 430 506 596 688 738 849 853
84 141 234 373 448 531 593 721 805 832
17 21 160 287 440 472 485 520 662 837
36 99 173 201 263 266 309 361 377 391
164 427 432 525 699 759 803 848 888 982
176 191 297 325 434 507 541 705 715 835
23 212 244 394 395 522 534 657 847 876
163 346 405 456 461 500 619 861 963 971
33 85 90 200 240 254 460 692 704 797
115 211 305 376 450 498 796 812 951 965
25 27 269 463 686 696 828 831 886 929
46 69 88 169 655 672 686 769 822 981
35 111 437 580 716 746 768 818 852 896
318 334 353 359 590 637 670 696 825 887
98 157 209 305 436 669 754 854 940 992
151 284 293 308 384 439 442 523 604 886
28 33 393 450 492 515 691 702 751 808
43 151 487 621 684 752 862 923 946 947
10 58 359 682 696 739 820 867 901 912
201 229 310 488 511 560 569 621 626 831
47 276 344 358 448 465 544 600 728 740
34 127 160 325 502 510 659 748 793 928
66 119 293 405 408 488 588 628 958 999
253 349 352 594 619 620 627 669 814 872
2 176 341 396 525 654 724 755 844 968
15 406 420 458 462 552 603 787 855 961
57 123 292 335 364 432 657 856 949 995
74 201 223 280 320 367 534 873 932 998
120 150 263 444 672 688 827 839 854 999
28 165 412 413 456 524 674 685 730 782
51 212 333 416 436 615 651 689 763 791
39 176 301 331 419 438 473 790 819 965
60 161 347 505 579 872 894 914 977 985
37 55 62 135 311 460 591 635 934 961
110 126 257 423 431 480 484 591 682 763
110 228 233 310 343 680 867 874 925 988
19 56 168 325 359 426 548 635 721 985
79 146 215 538 694 698 726 732 816 850
167 211 301 431 459 557 896 899 907 940
221 242 268 476 573 690 771 817 955 979
54 84 185 239 344 512 585 780 857 985
111 248 259 295 444 449 528 638 817 847
17 75 295 398 748 799 871 940 951 985
14 222 242 257 382 393 457 578 729 956
105 208 450 459 464 527 743 805 833 985
43 138 375 428 480 635 922 924 931 937
3 230 505 610 696 710 757 867 873 990
42 164 177 360 410 427 652 736 757 824
13 61 121 230 254 296 782 785 854 918
5 211 276 348 361 391 613 695 728 758
38 145 173 287 378 391 766 804 887 899
185 325 336 340 408 473 709 750 982 999
171 282 311 371 374 628 676 750 846 933
51 53 132 140 167 327 602 679 808 995
61 387 504 576 591 592 600 803 818 974
261 272 302 408 425 791 835 892 922 996
63 108 239 415 536 587 806 824 899 990
26 51 101 321 354 465 671 732 866 909
66 229 283 361 378 464 475 941 993
175 233 375 390 439 508 590 739 860 951
128 144 318 359 536 540 573 756 924
1 210 263 307 443 475 499 548 666 940
169 175 275 401 478 618 701 717 899
132 174 207 378 447 503 632 673 683 734
42 148 232 249 308 388 575 578 762 781
68 92 166 182 402 484 765 806 813 880
6 57 95 162 415 482 583 707 939 965
172 442 452 480 529 531 583 799 812 815
36 265 433 545 572 634 758 800 801 938
257 261 441 628 672 716 732 933 978 988
18 138 280 314 488 531 604 787 843 873
253 274 285 366 436 512 671 681 838 1000
66 143 326 384 495 552 572 736 768 926
34 307 353 364 391 604 714 753 936 987
122 267 377 446 692 701 744 918 925 989
205 349 449 639 662 728 755 835 963 966
186 214 268 407 507 510 563 583 601 651
23 36 57 160 208 365 430 525 810 863
52 212 488 491 565 667 680 688 960 984
3 46 69 141 154 768 788 828 909 957
109 181 197 431 616 746 821 823 861 921
46 146 375 489 641 647 785 841 904 942
77 174 197 297 324 560 647 708 744 980
177 255 295 365 379 427 562 640 872 922
3 20 230 471 504 629 711 731 847 878
1 110 122 137 204 331 559 697 711 791
59 88 221 261 311 350 511 534 628 958
14 33 161 390 426 477 514 551 932 955
81 130 267 395 411 449 718 720 860 865
124 160 302 337 442 451 494 542 945 981
9 41 194 277 442 503 538 567 967 969
165 325 351 400 512 513 756 796 908 968
246 487 546 555 687 694 745 763 786 813
6 58 104 209 276 337 447 723 858 955
41 74 94 198 344 362 388 634 743 775
24 185 214 273 305 410 431 620 971 989
39 60 145 211 476 544 609 725 765 833
19 166 199 244 254 268 276 362 465 689
28 71 97 274 319 449 790 806 936 972
10 34 393 490 495 597 623 825 946 972
40 172 427 466 503 531 746 784 829 864
260 371 544 569 668 695 845 864 923 968
74 93 120 143 165 489 552 780 797 948
105 253 287 513 692 772 842 861 895 960
6 70 203 223 381 536 804 897 945 964
2 67 395 479 748 781 805 937 974 990
14 137 205 245 259 272 501 643 801 985
31 86 101 311 318 500 599 662 757 964
33 131 152 172 304 388 419 471 548 935
139 205 221 685 704 804 879 944 947
100 219 303 505 534 600 622 624 763 944
9 205 340 483 515 625 687 799 929 986
5 116 137 157 167 214 332 395 484 702
153 168 281 295 357 519 535 738 808 996
77 93 237 240 347 498 608 609 905 941
98 99 136 171 291 628 676 749 828 954
100 210 322 391 504 679 725 786 804 897
127 175 207 221 250 469 686 922 939 994
62 147 302 311 400 481 530 585 872 969
9 69 212 224 442 554 572 641 646 883
8 58 73 123 143 180 496 532 552 872
204 348 362 430 539 585 675 954 995
99 168 265 294 303 471 507 543 567 881
76 90 206 239 339 405 476 600 897 944
23 210 227 342 490 772 843 844 848 920
28 65 177 194 227 322 354 558 721 780
81 121 123 143 276 309 351 595 887 979
114 241 339 417 427 454 562 574 870 971
112 151 215 391 605 614 789 791 851 857
20 176 234 286 329 337 544 582 655 768
63 84 305 457 485 604 652 729 788 895
132 174 408 439 464 589 677 791 858 966
36 101 186 198 203 273 443 608 658 959
23 29 69 110 251 340 476 530 533 684
2 96 125 392 431 633 653 655 680 772
220 276 324 350 485 594 625 764 792 903
175 199 208 258 307 337 500 513 715 850
15 371 517 618 628 699 742 754 855 888
52 72 249 276 307 459 666 780 891 994
16 96 200 228 308 647 760 797 814 897
185 202 334 440 556 719 808 873 921 989
56 332 460 540 624 677 711 788 843 937
186 306 335 444 617 647 794 846 898 936
10 90 92 197 225 382 447 485 699 741
141 279 356 441 465 538 806 813 825 982
345 444 540 604 713 737 770 842 970 990
136 199 251 365 603 707 752 831 855 985
109 122 158 281 334 481 492 898 955 980
81 390 459 593 625 645 689 792 910 933
247 250 370 501 671 703 772 914 936 994
12 43 44 53 128 236 392 474 637 663
101 130 218 246 453 574 625 694 824 906
34 158 249 272 294 432 813 870 881 921
59 61 64 143 168 237 388 763 892 922
133 296 524 571 726 812 837 898 931 977
23 77 93 95 179 213 350 578 624 811
155 288 303 359 385 430 468 758 802 924
120 180 219 319 455 657 658 683 830 885
20 72 243 395 494 528 619 828 893 981
84 192 224 247 358 554 596 645 707 750
81 190 222 309 401 529 763 938 974 992
109 550 720 744 792 861 901 970 996
16 123 251 346 347 402 526 537 768 953
74 162 284 318 331 347 466 665 724 883
27 261 266 267 337 432 463 619 944 954
43 103 314 320 381 511 637 739 773 859
57 224 236 301 303 353 471 624 784 815
59 84 249 362 431 473 569 611 644 858
28 273 340 382 579 666 726 744 967 979
8 40 125 300 340 373 498 793 861 966
98 118 147 171 323 482 631 864 900 954
38 291 292 435 447 708 733 877 883 951
5 119 276 331 362 653 732 752 768 885
117 251 362 367 470 475 488 529 596 875
40 221 314 337 407 561 563 588 692 866
12 229 264 448 477 630 767 852 940
125 223 276 523 547 701 776 801 816 991
68 310 388 416 632 721 830 855 963 965
39 310 408 480 652 674 719 733 815 888
5 53 62 282 307 475 556 593 781 971
65 70 361 389 500 588 711 720 843 855
380 408 478 559 656 717 779 811 862 931
57 388 397 490 494 674 718 735 947 968
107 127 162 322 364 449 621 811 843 855
32 78 219 435 500 510 663 760 877 981
46 58 197 307 420 515 597 694 773 936
90 108 109 170 373 634 801 824 854 988
62 366 402 517 743 767 769 795 952 977
344 396 592 619 689 695 698 814 834 969
43 134 491 496 675 714 783 823 866 908
77 114 265 499 523 627 638 687 707 932
105 434 462 479 563 612 638 645 657
100 184 372 470 534 553 703 798 859 941
210 408 430 447 620 684 730 823 926 946
18 88 97 208 235 260 593 788 912 937
313 342 399 455 483 522 540 753 844 871
15 84 529 563 602 832 858 865 945 982
288 339 345 429 468 506 597 683 895 943
131 216 680 694 699 709 710 853 855
79 118 134 209 401 541 842 871 894 908
130 145 205 222 333 432 504 539 761 767
60 123 136 220 323 569 698 720 825 872
69 225 343 529 540 552 683 842 853 881
21 169 325 394 540 707 746 849 957 975
34 206 312 324 376 671 718 733 824 959
166 214 277 301 531 642 693 852 918 960
58 140 168 279 335 463 668 744 845 871
275 439 466 481 557 618 837 848 969 981
154 417 476 491 546 635 653 717 737 843
38 102 120 267 326 623 638 813 814 866
8 221 252 440 628 629 699 773 913 936
75 118 195 215 454 569 580 646 758 910
76 148 170 605 639 738 847 850 851 931
241 301 354 509 524 581 686 693 763 778
143 289 335 374 460 580 592 664 679 896
138 418 508 537 622 799 830 888 920 922
58 122 228 299 442 505 722 831 908 917
15 235 280 369 383 432 481 651 685 876
56 74 294 508 542 701 749 765 806 999
65 118 180 385 394 419 471 722 774 995
3 90 145 368 449 756 812 825 864 981
102 156 314 323 337 387 453 527 780 967
13 96 142 327 397 398 437 453 495 791
19 305 482 610 673 830 838 902 946 969
309 371 437 559 671 786 793 851 874 911
56 125 226 236 513 574 580 673 686 831
21 239 246 265 408 435 585 593 850 868
12 137 312 425 553 626 690 731 820 850
20 86 190 211 415 424 433 455 654 816
56 245 278 373 433 547 825 931 982 996
234 284 324 491 492 540 781 830 837 924
138 155 157 227 461 500 625 695 783 953
16 28 82 114 327 486 489 504 580 948
435 438 444 627 742 745 761 762 835 901
34 118 243 335 390 478 540 683 697 857
12 120 276 373 526 562 595 625 964 987
30 167 196 409 486 519 553 713 950 957
15 291 360 471 705 757 759 776 859 940
112 199 244 306 326 363 364 397 425 509
33 257 290 319 348 393 535 559 621 880
20 135 162 209 308 387 482 634 686 754
162 324 326 499 539 611 644 727 749 821
8 257 275 329 515 737 811 832 869 911
7 88 167 422 489 503 549 779 830 875
96 271 490 492 499 614 742 809 817
54 72 141 169 182 293 451 559 580 762
154 179 191 248 505 516 619 642 780 989
16 194 396 417 516 522 530 554 738 884
105 150 159 205 321 506 589 590 771 777
12 104 221 229 274 316 432 849 906 1000
73 126 256 319 568 576 819 891 970 998
265 311 317 436 459 523 571 678 704 831
28 56 332 390 533 602 648 657 762 898
58 199 336 427 460 476 665 668 757 797
33 64 102 147 265 403 672 899 905 914
20 99 183 208 236 428 574 873 874 917
240 597 605 628 740 759 760 824 825 933
64 132 187 228 346 378 416 479 840 944
252 337 395 428 547 558 592 767 780 791
60 70 82 98 229 286 434 532 750 891
37 49 114 514 605 648 705 733 766 909
140 337 345 377 482 485 633 812 875
14 171 178 302 395 436 707 870 945
151 184 240 311 432 478 547 880 977 998
57 121 181 281 497 552 605 814 820 874
4 255 363 444 489 701 746 844 885 960
212 287 293 428 624 641 652 701 705 770
113 168 184 343 448 467 508 523 646 810
199 360 430 434 504 561 608 717 879 882
6 151 212 272 443 524 562 663 877 955
118 265 497 559 564 584 595 627 808 938
63 122 158 230 730 743 835 916 952 979
71 205 352 439 522 557 581 591 956 962
344 347 382 430 433 453 463 604 690 811
91 98 236 385 430 438 822 915 947 958
71 337 386 407 480 612 638 710 846 851
135 226 229 287 401 495 590 597 660 770
52 245 486 530 740 757 768 789 875 974
52 126 303 333 415 524 723 744 773 889
44 50 163 256 285 395 509 645 703 973
124 155 290 324 556 565 665 733 876 927
82 156 162 238 294 314 474 539 555
23 81 98 327 399 419 496 549 782 889
34 133 369 378 521 550 658 852 856 979
3 150 283 360 488 691 693 770 860 994
8 197 263 320 432 494 810 922 948
168 296 379 394 438 498 569 764 870 941
169 267 481 514 544 798 820 846 970 999
28 265 301 351 372 380 489 495 749 945
61 68 240 273 359 383 481 625 652 983
86 127 193 262 279 280 298 477 507 554
238 243 339 348 441 640 689 891 893 930
324 325 359 370 473 509 645 659 878 921
121 171 305 323 388 440 637 766 821 873
13 60 82 159 258 329 658 683 819 899
4 37 120 540 547 672 689 714 769 852
19 143 284 411 452 569 590 616 702 880
61 378 446 546 631 658 695 735 869
200 515 720 723 746 804 811 944 951 984
88 193 464 573 669 797 880 930 994 996
127 215 300 491 649 717 877 878 960 978
131 166 584 622 658 739 742 753 768 898
89 129 148 234 341 545 807 823 910 984
201 253 450 513 596 773 796 827 893 905
83 467 612 663 760 837 849 884 981
57 130 493 661 681 693 722 811 944 1000
68 152 517 732 738 747 767 829 918 988
15 18 184 228 563 570 685 742 746 800
5 200 313 343 462 686 711 881 887 898
587 631 640 682 813 844 888 902 962 997
17 255 409 471 489 651 822 856 971
6 7 123 293 367 467 501 520 787 995
8 53 108 155 304 479 588 597 629 947
116 319 632 655 665 755 776 859 889 904
27 182 310 394 456 605 692 709 760 807
36 143 234 416 457 753 837 870 960 998
102 105 316 358 449 471 532 562 711 861
69 103 175 333 462 536 697 856 860 921
119 157 204 338 624 663 702 830 890 924
223 269 550 677 686 795 857 890 932 967
110 127 168 270 330 424 644 660 868 962
283 360 361 428 461 598 734 755 820 828
23 52 117 205 301 399 593 610 786 845
5 42 133 267 375 398 580 640 941 988
45 149 342 641 714 746 888 900 902 945
108 188 238 337 364 499 513 518 628 794
73 173 383 390 676 744 759 851 978 995
51 82 115 306 403 582 691 832 895 935
87 148 160 202 485 679 771 794 889 918
31 112 387 449 512 652 755 806 859 947
40 144 506 575 708 733 737 745 976 978
101 234 235 298 348 354 385 395 406 496
99 153 383 570 676 704 770 818 898 926
49 86 327 373 449 641 681 712 763 848
36 231 325 424 519 603 615 804 814 984
12 123 135 146 180 223 489 505 559 801
27 28 70 307 345 470 509 573 912 949
126 307 338 347 617 632 633 669 951
135 154 158 230 437 498 506 514 594 845
22 392 414 440 569 580 617 755 765 785
69 155 381 517 531 605 617 792 882 997
94 133 143 247 395 482 536 609 694 799
117 199 256 271 431 512 793 801 941 966
51 217 304 349 466 566 733 735 844 916
158 197 264 266 326 454 725 831 925
165 215 334 342 345 481 643 671 785 965
15 75 153 535 563 617 633 692 802 835
29 292 339 516 517 626 691 727 744 860
145 146 204 232 297 423 437 532 546 964
24 190 363 557 559 580 674 677 734 741
61 132 166 358 571 672 688 723 783 835
110 166 177 351 666 762 829 893 912 972
118 150 195 288 298 482 550 553 848 907
16 63 102 178 192 389 423 735 795 911
45 67 175 189 222 328 436 837 892 915
128 150 153 247 378 396 531 620 765 840
16 226 290 349 598 634 643 722 783
31 291 306 412 458 504 754 885 902 986
25 61 262 611 767 788 792 863 917 958
226 252 317 357 469 525 650 727 730 753
71 90 127 255 355 649 728 747 759 913
58 199 312 526 561 640 745 794 933 936
6 56 177 258 395 608 675 718 905 975
175 234 552 721 762 783 867 882 901 980
7 90 259 269 622 710 849 957 959 989
176 196 400 419 452 635 661 687 885 895
93 102 184 218 272 313 352 595 852 978
28 340 384 419 447 475 511 585 659 781
36 158 230 255 411 600 627 740 798 952
173 337 345 410 433 548 685 812 944 994
12 164 166 238 301 306 665 805 899 979
263 609 619 692 777 797 808 843 920 931
39 264 351 363 462 504 506 745 849 886
18 29 110 320 515 574 584 681 780 836
70 141 175 176 267 423 703 705 762 863
11 33 149 176 269 531 734 812 829 904
63 166 278 280 503 624 653 781 878 996
45 144 255 345 448 452 584 666 709 751
110 200 247 356 362 375 465 638 690 877
178 300 328 346 608 618 632 765 961 973
4 60 120 163 202 331 441 547 559 780
56 262 411 426 548 656 699 724 741 968
316 406 659 688 756 769 788 817 910 927
24 116 189 464 498 622 718 825 826 858
28 156 439 571 635 655 677 729 846 875
236 283 383 434 448 573 710 718 731 907
40 192 256 566 622 631 691 709 768 876
42 50 293 346 399 591 767 818 934 976
34 198 235 294 329 373 533 537 550 775
159 203 289 336 474 496 564 585 614 865
200 251 260 411 558 566 744 826 890 905
26 114 119 220 298 369 421 553 626 840
5 91 119 175 380 486 531 541 672 676
23 68 92 237 339 367 423 562 616 766
31 164 212 397 420 735 834 865 882 954
271 310 332 504 571 676 690 912 919 944
284 285 341 383 415 454 552 626 800 984
10 40 55 61 504 525 567 592 652 694
7 207 321 335 337 349 362 408 925 980
48 83 471 505 619 622 742 780 845 944
60 67 85 202 234 268 359 724 725 864
51 81 216 219 239 373 426 494 784 949
190 222 246 290 383 416 429 540 605 647
135 251 324 342 359 376 501 650 911 991
53 160 180 240 244 299 362 517 815 875
55 202 429 594 604 657 663 715 726 846
98 101 170 257 372 578 581 678 807 917
42 56 223 296 369 383 418 590 596 606
41 190 476 514 528 559 635 645 705 862
32 70 126 222 388 390 498 839 981 996
87 111 259 389 417 420 424 574 766 821
99 129 155 244 361 398 442 445 873 975
32 162 247 318 355 460 621 802 882 979
137 218 294 382 491 672 693 735 832 999
160 293 622 649 709 741 795 816 910 993
29 64 110 115 157 238 493 519 676 715
44 205 233 243 300 426 592 649 971
288 326 577 604 741 757 793 802 834 847
404 408 487 521 627 691 811 817 904 908
59 324 336 500 575 621 710 795 866 947
10 158 171 282 420 501 601 643 716 826
6 20 56 395 454 536 568 599 733 937
70 73 160 235 302 547 591 629 679 980
12 50 152 203 308 418 497 558 667 980
1 88 247 278 378 435 633 773 854
73 84 154 221 228 457 744 759 787 926
10 111 270 537 654 655 718 757 923 969
31 231 234 458 464 488 637 666 754 893
106 333 393 465 620 633 727 906 921
108 227 387 421 685 694 817 878 884 947
98 218 224 353 446 693 765 826 942 962
215 239 321 502 526 627 745 748 854 955
49 106 152 202 238 368 583 629 783 784
93 244 327 368 405 562 571 651 785 824
152 267 314 396 413 446 475 547 647 788
75 84 86 87 182 422 568 709 925 934
278 386 435 550 678 750 758 772 788 810
44 47 105 251 291 305 375 453 855 872
31 121 169 445 489 499 636 911 937 945
95 249 366 383 525 572 665 908 911 950
56 150 188 208 552 622 656 692 703 943
185 326 427 433 450 462 478 741 885 917
18 242 349 428 432 519 578 639 673 888
82 198 351 496 540 639 657 791 829 898
15 183 189 220 249 385 508 604 831 924
18 53 262 455 472 529 630 742 912 975
1 76 100 180 183 267 711 741 856 973
43 104 122 158 425 552 618 633 668 802
95 204 267 384 467 489 766 779 801 986
109 223 242 272 309 616 664 692 838 900
51 550 551 617 622 636 794 882 992 999
7 133 437 466 515 777 792 904 912 919
177 228 309 499 619 675 707 719 736 878
161 268 410 433 465 498 534 685 720 795
82 174 356 498 535 632 639 751 863 880
83 122 246 292 319 416 437 785 952 966
5 24 25 83 171 349 530 584 630 899
183 238 447 518 625 768 833 915 920 965
101 162 179 311 333 449 506 536 635 763
279 420 587 603 609 689 722 742 760 973
160 197 289 323 340 366 540 545 740 842
36 123 159 467 488 509 745 783 808 818
16 129 220 250 298 490 537 635 856 954
139 243 282 317 319 473 601 609 722 924
80 97 180 235 444 486 516 597 603 659
24 111 194 371 403 603 664 858 881 975
18 93 230 334 419 464 498 645 795 858
64 72 74 163 219 281 482 645 938 999
91 179 263 484 520 530 535 934 940
100 218 300 301 390 439 705 706 934 991
9 162 355 405 466 537 798 831 936 951
10 124 214 370 557 660 735 739 827 872
253 277 356 379 617 638 684 708 742 977
110 218 272 275 302 462 546 677 681 929
65 216 270 322 336 440 633 821 840 996
9 26 115 215 358 482 489 790 951 958
92 99 180 256 439 442 469 553 725 738
143 230 254 283 328 563 674 780 811 896
106 221 228 261 388 419 567 718 941
12 34 36 273 331 418 663 680 834 933
173 246 278 521 572 622 650 673 914 992
13 53 355 549 570 595 639 764 859 880
5 80 85 169 238 276 657 818 850 925
21 67 129 502 645 676 739 783 819 865
37 40 156 266 286 389 417 713 717 863
117 158 237 270 373 438 533 572 830 840
73 135 353 356 574 615 676 947 965 979
41 81 101 326 423 443 560 633 873 958
10 306 392 447 464 763 936 972 994
262 272 284 363 417 531 766 779 811 923
57 92 147 260 292 373 455 462 506 779
91 220 253 280 315 467 559 771 879 894
239 248 263 380 434 746 763 768 970 983
16 71 292 505 583 593 625 650 771 899
136 330 430 478 689 722 821 847 906 929
40 107 238 242 285 361 416 478 557 884
141 143 177 296 353 515 571 712 791 801
37 340 423 515 524 532 539 576 752 974
37 38 50 138 226 444 613 700 729 944
21 92 233 317 383 389 678 758 949 996
33 74 105 124 216 522 610 696 825 923
29 36 116 122 126 252 296 556 983 989
118 220 307 427 445 482 649 887 960 964
29 75 224 354 545 608 812 883 922 998
77 175 210 255 350 359 449 495 643 820
24 143 219 224 238 283 296 492 544 777
62 288 632 639 712 732 782 797 888 936
96 120 241 246 577 593 711 731 743 761
17 70 104 215 244 257 729 815 903 976
32 93 177 184 199 209 494 507 672 998
69 247 261 528 573 678 767 947 955 974
142 234 305 340 363 427 534 885 995
36 45 158 457 647 657 713 761 820 884
240 325 440 468 605 678 694 715 723 816
3 124 172 192 455 461 700 813 905 951
45 201 220 229 253 658 702 830 932 944
397 404 490 516 545 663 755 782 840 912
15 100 237 306 361 592 593 662 727 808
24 126 152 205 261 386 574 859 912 937
29 35 74 170 419 529 622 683 889 944
12 157 169 178 211 566 568 642 846 986
32 63 188 195 234 718 885 893 937 965
367 386 427 451 555 571 579 770 947 948
40 59 144 360 366 438 705 732 739 929
7 118 339 505 710 721 788 819 886 957
24 64 123 134 139 329 870 915 936 966
85 193 255 349 673 674 768 802 902 926
187 444 533 545 676 696 814 941 957 982
120 157 195 351 464 495 529 551 636 752
3 112 240 298 469 500 556 684 725 918
63 237 240 286 327 435 463 774 816 880
110 116 326 371 523 590 734 940 951 963
190 244 256 574 649 823 824 827 976 990
36 232 237 438 459 539 652 684 902 905
73 200 446 552 574 779 843 876 946 991
153 200 465 647 675 719 730 879 962 968
14 301 371 412 432 663 811 870 903 917
59 76 478 539 670 777 819 853 854 916
22 380 425 489 526 605 733 755 808 835
61 241 287 553 607 756 772 917 948 957
169 231 289 295 322 538 638 956 989
143 174 197 228 498 527 656 705 724 874
9 209 270 391 408 456 501 837 915
40 118 198 350 481 562 598 734 895 961
21 58 126 173 565 679 873 883 916 968
171 320 380 497 655 708 810 855 871 928
40 219 468 582 643 699 711 761 781 835
89 207 238 348 350 465 566 599 672 865
106 163 223 255 269 352 426 532 634 889
158 321 377 454 539 752 777 841 896 920
1 86 96 184 269 352 433 667 714 990
7 133 150 300 367 484 603 627 791 930
92 253 329 486 509 577 755 767 871 885
5 29 30 146 255 470 579 671 684 864
55 171 317 439 535 721 726 914 924 985
324 348 354 383 406 471 734 740 820 917
43 354 394 510 715 797 817 837 862 957
152 338 402 467 600 610 617 677 765 873
74 235 386 567 621 773 774 813 841 943
85 121 189 201 211 420 488 528 581 746
51 96 173 208 472 805 810 849 893 952
100 146 324 380 581 722 812 867 895 934
34 112 113 121 161 543 548 748 846 940
182 293 352 423 480 517 574 642 643 710
116 347 355 406 458 527 615 809 841 926
83 160 271 494 500 509 632 715 752 936
39 179 180 494 543 584 587 700 927 983
172 221 247 434 446 489 492 710 790 957
9 36 43 94 238 598 667 771 919 929
12 99 265 355 534 678 734 759 914 974
379 475 619 736 770 839 895 937 962
48 190 225 282 382 403 493 651 658 912
34 116 132 210 247 280 294 661 807 885
13 28 271 345 416 459 798 899 934 969
6 14 39 101 143 203 671 755 797
35 125 128 149 250 278 292 331 528 990
23 75 97 313 367 418 689 749 855 998
67 187 215 727 831 873 878 908 973
113 166 186 196 348 399 530 542 680 715
66 166 306 423 547 574 586 589 641 807
3 136 174 216 393 615 670 726 780 959
39 115 157 344 399 436 494 554 624 930
4 248 473 559 560 653 717 802 953
40 74 147 191 286 296 409 597 891 908
97 308 378 518 565 594 661 674 736 880
28 67 84 87 143 261 350 580 687 883
198 202 218 274 414 645 759 774 948 958
78 389 431 443 565 912 963 966 967 1000
70 76 139 354 379 492 533 819 949 973
169 171 173 322 483 550 738 884 902 950
58 108 233 297 384 393 488 669 775 971
112 131 238 409 420 661 775 845 930 931
86 181 280 358 407 493 542 697 881 919
140 340 341 408 471 499 697 700 910
25 228 252 271 504 559 789 875 939 984
145 147 299 338 354 521 659 848 855 963
40 81 310 343 447 491 541 547 703 830
58 184 379 449 595 721 746 765 816 864
155 186 291 373 462 599 632 736 737 802
57 146 221 519 582 761 781 977 980 981
9 86 111 290 304 454 505 699 825 893
270 535 548 651 703 781 845 850 867 948
12 42 50 191 215 300 423 468 498 948
54 133 148 267 457 587 597 598 613 919
50 125 315 517 542 561 567 942 946 971
102 300 341 522 723 795 804 911 976 981
140 199 294 429 492 816 829 930 950
2 190 195 313 316 599 606 663 767 931
76 134 331 577 807 904 913 951 971 998
400 423 427 459 502 549 570 805 979 987
307 693 707 727 785 841 881 939 940 978
112 252 298 380 433 550 609 624 838 985
84 466 476 699 836 895 911 946 970 977
53 364 451 530 579 680 818 894 935 954
145 149 191 223 253 341 545 654 825 910
241 516 556 604 612 696 721 829 913 919
58 197 213 216 274 447 646 692 709 876
138 155 157 442 478 561 803 809 838 986
65 112 152 216 268 436 739 777 824 842
29 48 90 116 275 583 914 936 995
300 471 543 574 576 693 701 756 937 990
185 197 363 539 593 676 726 770 827 914
60 85 128 335 420 537 658 823 836 871
52 166 194 197 336 715 781 805 817 984
39 68 489 517 537 603 653 770 808 916
71 161 329 338 500 601 627 692 838 918
58 70 83 212 277 311 376 437 761 909
12 44 67 117 254 301 337 421 829 869
119 208 330 471 521 546 744 859 949 963
7 95 204 314 423 630 635 792 829 889
23 242 263 416 477 494 660 746 909 946
5 49 210 368 454 464 470 655 716 916
3 132 240 590 650 777 862 870 881 981
84 111 215 324 359 422 504 530 674 923
6 196 346 389 518 549 568 691 863 937
18 323 439 460 577 584 670 820 969
100 151 336 458 547 739 813 841 892 912
66 96 338 496 606 880 901 929 934 992
11 117 128 195 221 257 605 654 969 979
161 173 221 278 346 608 689 755 922 936
148 161 249 260 360 424 440 574 876 923
38 51 106 151 244 460 662 676 768 876
59 63 236 291 333 385 398 431 556 640
19 25 63 85 220 319 525 759 766 903
12 95 209 228 400 410 744 898 927 967
53 61 68 86 200 207 296 702 776 859
112 233 312 348 383 449 453 506 759 773
74 87 159 319 379 396 438 523 747 838
165 319 349 445 481 738 742 792 855 924
24 159 503 525 611 694 719 782 926 970
21 73 240 384 440 443 485 616 746 999
131 343 526 537 552 569 668 672 687 953
15 51 73 88 623 693 721 766 929
139 145 222 286 435 437 481 517 704 922
141 201 219 250 312 663 711 744 751 791
11 20 263 340 349 455 562 736 853 861
14 74 172 419 630 648 665 816 817 865
137 253 309 564 706 719 726 728 890 940
36 204 289 536 621 641 685 743 838 849
222 346 366 388 427 486 709 801 867 954
103 169 301 440 562 753 848 850 861 972
186 228 265 301 341 362 547 704 763 929
96 122 159 255 274 560 618 632 759 841
65 138 164 290 445 693 723 747 812 991
61 63 179 263 544 580 613 655 705 916
12 59 225 350 381 479 600 753 885 886
46 223 360 418 428 450 523 531 729 939
112 225 243 328 356 375 579 732 894 912
41 45 101 234 535 625 741 772 857 982
80 302 453 476 553 570 572 578 610 634
187 216 273 585 658 766 787 876 934 988
107 127 232 259 443 450 542 585 861 959
106 119 170 180 223 266 324 599 842 986
2 6 120 278 443 473 569 803 924 996
105 214 258 431 470 516 540 724 727 755
53 58 76 78 180 243 386 479 749 986
62 66 275 336 381 406 429 680 692 997
27 181 565 633 712 735 821 826 914 936
111 171 184 320 361 523 569 745 817 872
117 154 479 586 617 669 724 860 925 964
1 208 219 385 492 628 684 703 832 847
8 45 291 360 369 398 476 482 490 607
108 231 318 347 548 623 844 938 965 1000
65 121 316 425 640 656 681 707 759
190 273 279 457 680 700 825 853 879 932
59 180 264 657 764 841 890 892 893 970
110 384 387 553 583 601 868 919 932 967
101 131 160 167 226 271 398 454 553 984
23 300 372 507 521 577 748 804 845 997
72 101 105 315 358 576 794 832 895 918
86 210 256 264 523 572 615 657 790 820
51 113 171 211 464 502 613 907 908 982
7 20 85 128 336 612 727 748 927 934
23 63 123 388 472 515 781 824 889 954
52 90 120 201 246 409 451 602 828 859
6 10 90 215 233 465 585 644 790 997
18 67 234 284 413 424 461 731 769 780
11 75 141 214 293 398 532 841 871 904
132 270 274 336 476 572 691 697 826 939
43 304 320 332 448 607 894 939 958 985
26 53 145 308 314 403 591 618 828 949
169 185 256 291 524 533 580 785 816 934
20 31 333 365 366 377 698 809 880 957
133 158 228 411 482 487 491 685 788 792
75 263 304 317 623 688 727 861 872 993
62 240 250 305 339 402 606 717 958 988
72 88 167 325 528 665 717 869 889 958
7 179 263 335 447 473 487 593 611 711
121 157 249 269 494 519 650 701 813 960
156 176 208 294 327 549 723 739 795 845
54 155 156 157 164 183 208 578 746 973
53 90 141 167 632 639 711 726 798 954
98 131 159 281 298 374 510 864 920 998
216 220 229 371 452 516 578 668 867 971
31 79 149 229 288 489 652 731 808 823
50 77 109 136 215 224 409 515 852 955
49 53 116 245 287 375 560 620 918 919
123 166 251 259 653 688 722 822 854 865
141 165 412 508 537 668 751 836 885 912
82 101 182 349 376 726 776 823 876 936
47 62 182 228 346 516 734 859 883 895
265 312 367 581 603 692 770 828 830 873
213 240 273 327 364 401 655 676 753 864
34 209 216 296 316 455 631 681 810 837
200 284 327 446 469 575 673 843 866 950
32 40 92 110 219 264 309 542 590 850
89 171 176 197 447 518 771 859 862 951
214 264 420 488 499 566 626 631 677 995
8 208 292 506 537 664 732 792 964 973
85 132 137 290 348 437 455 613 731 929
26 97 163 256 423 560 571 733 767 785
134 203 249 414 502 636 673 879 880 1000
28 35 369 382 408 416 482 641 763 944
28 102 324 418 514 658 687 735 747 980
11 58 209 334 338 438 667 771 796 846
86 143 396 527 542 726 755 830 956 972
230 248 422 470 619 624 629 816 882 974
8 30 335 389 468 788 805 834 851 911
66 68 191 390 537 669 714 810 838 883
364 407 456 717 813 830 906 927 977 984
36 188 286 475 741 742 771 819 820 851
31 226 349 462 472 499 750 898 902 987
125 277 285 368 435 523 651 664 706 957
13 61 167 261 398 426 677 734 859 940
213 227 358 404 551 750 761 858 879 919
281 333 552 554 604 642 779 797 836 981
106 308 480 484 531 610 687 688 864 988
54 94 130 315 321 399 525 577 665 762
169 234 356 554 665 702 712 746 968 997
159 382 507 616 693 768 878 908 930 949
122 166 329 384 392 458 747 762 858 871
32 200 206 273 292 319 518 624 760 929
110 171 247 329 559 756 826 956 967 989
86 213 221 233 339 425 545 714 731 736
49 105 137 207 384 436 546 750 767 906
81 131 230 424 426 568 697 914 925 950
82 138 174 411 421 531 541 546 641 961
158 174 227 499 552 597 622 698 931 967
173 189 258 270 306 307 308 412 593 700
53 116 128 213 577 626 708 770 833 860
13 288 440 455 472 540 824 899 908 996
178 253 420 450 534 557 617 741 838 941
71 180 184 228 255 278 324 352 594 920
7 11 15 229 436 446 596 725 775 800
150 315 392 553 565 609 701 765 838 961
6 110 145 232 247 294 668 676 877 888
106 114 122 259 507 590 732 749 779 796
65 80 134 159 310 534 602 658 883 980
84 152 218 241 294 493 729 771 811 837
48 144 263 432 525 572 644 669 922 983
114 471 491 580 739 760 804 827 833 919
29 174 324 585 605 654 872 877 895 971
107 110 141 197 235 280 471 513 541 679
85 255 332 373 383 391 514 558 931 959
30 94 210 499 547 640 718 837 846 936
267 276 284 482 535 541 554 593 758 871
131 218 291 344 352 507 534 716 749 841
243 248 349 553 569 606 683 755 890 945
181 284 327 393 538 553 563 648 836 977
78 85 119 346 611 646 649 725 737 962
77 179 207 313 413 535 537 797 967 987
87 126 209 276 335 474 592 633 849 917
65 293 353 439 497 552 652 753 936 941
88 91 148 254 372 430 535 589 664 771
65 134 222 292 402 515 529 629 709 911
41 101 322 338 472 543 625 671 690 836
9 47 72 134 176 424 453 638 737 762
301 305 365 393 432 467 554 583 595 893
45 110 124 162 253 655 912 924 950 989
146 310 332 653 682 761 792 798 908 957
145 155 338 402 466 770 802 916 925 943
36 212 361 409 479 553 705 739 853 900
28 203 499 547 642 652 684 685 738 854
292 355 419 500 537 541 663 811 835 918
168 237 253 355 383 391 458 606 919 986
43 328 822 879 888 890 899 911 951 953
63 90 120 150 192 295 458 516 833 885
21 85 139 180 211 313 545 556 824 957
212 349 359 363 410 521 552 632 672 822
84 215 239 368 377 636 840 852 973 978
75 119 187 247 252 594 636 725 738 888
140 211 232 236 309 382 452 675 868 904
19 79 140 204 285 365 424 567 704 979
55 57 95 224 246 276 552 591 727 759
125 299 339 550 564 659 690 797 814 945
50 92 173 247 342 869 878 912 922 950
116 214 388 441 485 638 733 804 947 980
84 288 324 606 657 662 667 790 845 864
152 185 329 357 409 468 503 572 749 751
53 105 149 205 391 467 568 721 723 956
82 123 210 381 467 601 606 611 620 763
67 199 220 331 495 534 694 794 904 917
24 88 157 225 373 519 620 765 775 842
96 108 271 398 513 618 763 931 969 995
18 34 61 72 245 252 295 327 353 843
44 197 208 262 277 346 362 480 726 855
38 106 188 202 285 501 615 742 800 860
131 162 211 384 553 588 924 926 956 959
108 124 203 226 323 380 636 685 734 970
108 315 447 499 500 509 576 677 709 864
235 262 414 573 715 787 803 855 869 942
48 51 63 286 556 562 717 779 798 921
114 207 356 360 368 571 671 704 762 931
6 116 253 348 431 585 780 832 872 873
127 130 177 309 318 368 478 593 777 902
52 69 164 306 363 389 933 963 965 995
42 80 198 361 450 662 859 876 915 937
50 178 367 390 409 426 506 646 755 762
173 294 593 616 629 656 822 834 925 955
61 138 284 308 361 432 552 746 910 999
71 127 202 329 575 671 790 881 900 960
117 167 174 197 466 501 505 707 836 945
66 333 381 512 556 557 616 778 832 917
19 152 284 317 562 703 733 747 816 934
18 255 310 363 689 801 804 833 889 961
96 336 537 549 735 835 862 885 964 992
29 71 243 611 719 799 808 834 848 981
278 282 299 322 431 525 553 659 850 866
96 119 143 392 506 510 747 770 865 926
20 26 114 196 495 561 563 649 733 751
15 42 329 367 386 794 827 829 858 944
123 482 535 617 625 746 784 798 811 965
117 213 379 427 532 680 724 840 857 894
142 379 404 405 526 664 713 735 875 989
145 278 398 429 441 708 720 774 808 819
82 309 316 322 333 482 667 704 816 963
13 71 96 395 410 477 623 632 828 836
212 217 334 354 419 911 913 945 982 988
133 165 314 506 587 605 651 743 786 841
97 177 233 364 453 495 608 710 828 833
88 281 423 514 518 539 676 733 764 819
86 209 321 344 460 486 688 729 796 860
105 231 348 550 625 657 733 745 937 981
303 336 445 546 569 571 741 782 842 912
10 76 127 341 539 642 837 872 972
56 202 206 232 359 610 627 734 947
276 374 380 510 524 543 614 684 788 970
129 239 500 545 639 912 920 929 934
142 221 231 613 829 858 868 912 970 986
49 95 125 391 604 677 770 774 858 871
198 498 526 589 600 711 808 872 922 937
84 97 154 244 331 414 718 807 854 985
339 365 425 520 577 595 622 730 804 820
143 181 444 656 689 703 786 886 995
90 265 358 394 407 468 493 542 819 962
334 423 570 586 655 689 723 735 828 915
267 408 528 565 646 747 847 941 951 1000
148 172 188 456 656 745 799 877 917 997
25 146 583 687 703 738 838 884 974 990
188 212 368 422 570 677 700 789 808 833
145 285 453 471 487 498 581 583 754 803
129 189 295 333 358 372 454 503 523 716
2 70 274 346 516 540 800 831 893 950
90 130 331 577 584 733 816 951 981 992
93 225 231 426 504 586 697 843 887 953
48 150 155 221 333 373 374 588 727 790
208 232 283 350 469 687 856 874 936 939
69 97 202 230 268 360 366 422 546 558
16 20 47 80 140 162 221 345 774 877
111 130 189 228 449 458 490 729 748 987
32 147 357 674 685 754 807 880 906 993
78 132 343 447 594 659 674 769 810 969
24 67 77 381 467 502 564 729 779 988
25 174 186 243 267 443 760 804 808 841
83 114 279 334 400 467 685 686 727 788
90 192 199 219 313 448 474 572 969 998
4 22 66 123 190 242 329 474 578 606
166 264 375 451 582 694 760 886 959
19 65 348 366 367 538 595 756 757 897
41 90 170 398 563 581 656 803 897 972
64 158 203 233 240 297 308 507 956 983
15 137 180 373 437 697 714 774 788 880
22 227 233 268 293 485 554 598 690 996
65 87 176 261 368 371 458 475 743 748
21 122 387 402 695 731 824 830 833 974
93 116 208 256 342 345 493 822 963 967
42 83 262 372 536 733 752 757 844 910
94 248 325 348 355 442 718 785 871 913
77 90 231 259 408 419 650 658 763 910
104 224 232 314 431 613 679 700 853 891
10 12 240 258 361 494 525 727 891 996
115 365 382 404 517 662 670 826 861 942
71 184 377 380 561 592 781 831 845 958
83 118 182 370 405 555 579 645 901 943
22 109 215 294 326 352 359 608 768 976
73 169 337 416 457 495 590 615 759 771
6 14 104 207 278 454 514 763 942 948
9 92 212 254 321 483 529 559 601 962
253 309 388 481 493 622 628 639 677 847
79 148 353 374 395 491 696 712 796 991
98 119 495 692 696 797 847 855 887 965
185 343 523 590 623 626 653 659 781 857
85 96 438 469 608 663 667 668 719 963
8 9 147 225 299 344 587 604 894 933
85 105 284 297 362 413 452 468 552 970
12 113 163 285 410 455 564 586 636 710
76 99 119 203 342 348 445 558 746 909
98 118 122 313 333 390 409 427 707 912
184 192 205 272 454 581 609 717 727 729
52 111 180 283 354 472 799 936 952 960
101 117 195 553 660 668 672 703 919 982
41 165 236 383 475 604 605 642 775 794
3 35 101 277 393 627 735 768 960 977
23 51 403 474 551 646 676 862 882 923
54 173 199 201 324 607 697 717 815 871
57 82 298 450 637 674 694 732 810 881
174 348 354 486 498 515 750 799 867 944
168 285 300 353 566 640 736 747 785 840
154 278 328 443 604 628 662 725 767 858
125 212 359 369 548 582 683 734 921 935
216 224 407 502 551 567 602 893 948
212 322 334 369 413 424 450 506 813 869
47 154 314 329 357 534 746 873 988
233 508 530 540 558 688 713 854 916 922
55 317 361 413 453 520 732 758 808 890
16 157 230 290 439 570 640 730 819 999
123 166 187 270 399 415 769 842 913
80 173 333 443 453 457 493 611 718 751
12 142 176 244 286 448 575 616 886 983
112 608 679 688 699 784 794 824 865 991
15 107 398 508 517 543 573 602 606 708
60 322 357 469 579 749 800 829 882 954
60 236 274 277 550 614 630 693 819 825
17 153 266 411 447 538 663 703 920 980
9 13 147 174 348 543 554 752 834 963
191 197 218 231 405 439 452 540 696 797
182 239 248 292 494 748 787 857 884 998
3 175 299 312 380 381 514 599 880 927
18 20 164 323 457 492 564 610 769 994
77 203 280 455 645 759 806 828 854 892
46 47 198 200 204 327 551 815 847 920
111 214 385 409 415 565 821 837 844 902
45 201 323 419 653 762 769 772 850 879
26 74 213 263 371 531 703 745 974 989
28 317 358 378 393 413 475 581 619 784
33 57 137 253 298 376 432 609 642 964
6 69 71 108 110 314 365 747 791 965
14 67 336 350 403 458 496 675 825 892
5 245 282 339 470 673 701 801 831 996
378 435 499 505 607 630 816 865 902 921
106 177 329 334 402 500 592 658 727 758
80 155 325 327 347 400 435 544 990
55 144 219 348 636 647 656 718 856 888
40 70 163 296 310 348 567 630 770 829
100 110 133 159 339 455 478 603 690 713
158 269 334 484 822 833 852 939 958 981
59 406 412 521 648 686 696 760 907
13 92 124 214 464 511 531 552 651 981
39 202 245 308 371 392 564 743 750 807
98 231 233 414 536 542 752 772 801 865
23 28 139 315 392 716 847 914 972 998
7 63 76 224 246 296 565 577 591 597
49 112 204 234 258 525 607 695 808 917
60 275 348 393 396 429 498 555 563 914
149 177 208 264 272 289 540 786 880 998
272 361 380 402 523 790 880 883 887 952
81 226 459 483 572 661 683 779 913 973
30 44 335 384 438 472 687 728 817 830
71 108 189 336 422 492 553 587 818 935
39 47 158 274 540 578 776 858 925
39 141 216 349 587 626 644 701 814 904
8 145 161 275 283 296 441 444 802 823
85 157 257 465 489 601 662 812 922 933
33 341 346 428 523 618 762 797 824
14 45 100 219 251 486 664 670 748 896
41 42 79 223 245 348 458 601 692 953
23 85 112 272 357 589 643 966 970 991
79 155 175 298 330 340 542 591 785 874
380 543 569 572 578 773 785 808 880
17 53 104 163 260 573 801 808 843 912
4 213 243 343 384 467 570 617 650 697
249 271 308 309 378 405 533 608 722 878
1 4 28 79 103 197 318 333 591 843
453 459 579 734 748 828 871 874 910 985
6 49 283 370 492 573 619 691 709 984
40 134 170 254 261 337 525 796 959 963
49 74 157 304 440 468 566 596 677 772
6 79 198 309 399 420 507 639 688 882
85 226 342 452 518 530 554 628 689 986
4 257 306 531 562 620 681 705 814 850
53 155 235 333 471 479 536 629 858 882
3 226 518 581 591 708 736 750 776 886
25 211 251 438 495 562 664 760 901 997
74 81 108 119 309 393 512 756 844 856
31 59 90 165 225 274 392 621 695 899
199 209 369 623 648 672 710 722 881 902
11 180 202 228 230 353 412 550 699 881
14 113 180 320 360 373 385 866 949 987
28 42 99 183 408 493 507 597 649 986
7 39 43 157 287 447 465 653 958
155 165 213 469 476 538 716 785 801 949
442 461 531 532 678 701 733 749 945 961
108 225 486 631 658 731 825 870 904 998
310 327 384 450 481 544 757 837 871 921
58 260 396 414 492 545 587 688 755 893
82 286 398 414 417 440 630 775 854 976
136 175 272 441 529 578 730 786 918 938
129 245 282 284 325 648 806 809 827 888
81 210 254 341 433 437 483 576 845 910
74 122 135 178 222 357 436 451 469 661
71 139 267 570 669 695 722 795 851 903
48 114 127 389 472 483 547 717 816 920
95 119 181 504 565 627 647 814 924 961
26 192 200 218 411 433 436 804 923 981
36 42 219 258 398 414 420 603 845 927
96 123 234 340 370 624 897 946 990 991
27 330 568 608 634 708 742 768 822 866
165 248 301 647 659 715 730 772 819 831
24 118 151 426 574 623 641 664 747 914
72 91 138 316 419 564 682 699 893 942
13 18 43 207 429 596 746 826 959 975
49 98 314 488 531 572 641 660 664 821
90 391 548 564 634 643 723 807 844 884
242 371 405 416 571 604 640 678 913 949
13 155 267 405 422 512 522 551 671 951
11 34 49 195 229 363 697 724 763 987
326 349 441 482 555 596 664 773 877 883
122 409 411 605 642 648 887 902 930
30 33 367 416 493 548 657 785 860 864
291 466 491 543 614 644 771 810 948 995
35 40 297 575 593 602 757 837 947 995
222 256 315 336 528 571 738 817 893 925
38 93 196 240 250 386 437 579 585
139 185 189 241 439 443 604 686 848 943
103 152 421 473 505 508 584 665 920 964
54 84 263 434 477 608 611 661 718 898
121 289 294 369 572 876 892 897 961 974
17 23 83 122 257 338 625 764 942 947
96 367 441 495 509 623 650 697 795 866
103 124 143 404 442 532 589 617 630 822
212 324 410 537 641 653 736 791 877 988
79 171 176 177 266 272 598 714 748 874
182 269 393 499 531 554 566 687 877 897
16 34 211 395 426 707 886 892 893 912
60 158 159 193 371 427 567 723 899
53 90 257 399 409 410 459 486 875 922
143 238 251 437 716 744 757 758 761 976
57 69 72 90 382 403 520 632 823 905
108 116 229 239 312 503 649 749 901 966
154 288 380 469 512 551 645 657 879 960
12 17 46 212 484 533 574 652 719 753
94 227 275 328 341 351 600 807 881 937
22 144 588 615 684 697 761 897 938 984
60 130 306 388 452 532 676 764 807 995
96 161 171 294 324 431 472 490 695 725
54 254 319 363 426 602 710 733 857 917
46 49 108 133 223 439 440 669 898 920
82 122 407 498 538 636 647 657 886 956
8 13 66 90 298 319 491 671 678 694
4 35 97 181 333 360 365 419 649 936
70 180 216 251 298 307 388 413 758 973
122 165 192 351 710 740 741 813 952 972
139 144 195 245 299 321 824 881 894 931
84 105 156 200 266 493 728 894 931 977
91 176 197 206 210 290 642 756 807 836
34 175 358 449 488 620 663 697 702 887
68 94 124 172 237 249 618 858 930 976
43 55 227 269 539 540 584 817 866 993
174 195 363 470 535 637 646 772 805 816
6 27 119 194 299 372 684 697 760 964
86 156 179 598 632 668 737 764 977
107 264 429 539 675 733 786 822 847 938
1 85 218 379 813 817 818 890 894 1000
86 300 322 395 664 734 806 860 925 976
23 101 157 233 326 650 698 865 941 952
10 24 184 495 508 514 558 640 732
2 104 333 479 560 639 708 772 915 951
62 64 122 293 453 493 513 684 731 853
27 145 449 519 557 731 844 885 944 995
55 121 335 486 504 583 596 633 669 913
99 155 225 345 366 406 422 593 631 794
144 399 445 548 562 601 670 755 941 952
393 452 458 561 607 742 822 826 940 999
24 84 153 184 189 223 355 359 548 970
58 109 215 261 389 468 489 490 513 820
32 79 87 91 223 372 504 786 952 957
34 81 109 126 166 272 513 570 666 796
9 61 273 469 598 614 634 801 806 839
49 77 186 248 262 303 368 382 739 948
61 166 205 424 445 579 653 849 888 898
97 99 164 388 405 470 568 741 922 966
266 293 318 420 534 656 670 721 823 976
144 180 265 456 459 501 544 548 722 831
237 329 400 402 450 756 818 962 964 980
21 60 245 269 279 324 405 414 843 924
23 211 455 548 594 610 774 797 905 919
186 214 232 234 436 643 664 706 718 747
151 176 338 357 460 604 776 823 836 967
26 186 296 332 340 555 608 638 921 980
7 27 282 298 361 548 555 585 805 952
1 80 299 356 380 393 445 519 526 540
71 86 135 200 211 221 457 587 808 850
286 375 376 472 494 567 626 671 788 982
188 499 685 725 776 799 843 901 933 995
48 55 70 111 253 274 421 438 631 868
85 108 273 286 319 686 797 805 911
45 50 188 189 488 512 526 628 720 816
27 43 51 524 663 711 798 831 965 993
75 119 139 537 621 628 667 693 834 850
156 363 535 544 557 561 699 794 818 876
157 213 358 637 757 813 836 845 894 950
24 119 125 135 204 217 322 436 873 914
101 336 466 480 497 564 742 771 908 909
43 151 205 298 394 671 705 733 871 948
134 193 258 337 454 460 463 522 689 830
107 113 144 329 476 545 746 867 950 970
72 78 251 361 523 574 712 725 822 855
25 60 153 274 405 622 633 705 851 985
118 327 330 352 429 488 556 807 824 929
198 271 390 400 463 482 549 588 650 777
286 309 371 501 697 779 818 862 891 1000
111 322 476 491 563 573 672 800 921 976
32 87 232 274 449 567 792 921 986
14 128 218 355 437 465 574 593 669 841
391 415 505 542 556 667 811 816 875 977
34 136 171 325 329 333 334 440 528 734
14 60 87 149 306 372 694 797 858 925
28 124 325 464 557 595 609 738 851 976
19 91 299 343 400 693 753 761 845 919
205 301 371 407 423 571 630 795 971 992
265 357 392 445 453 509 814 823 896 961
243 559 561 623 731 740 873 936 945 976
176 282 331 398 401 665 803 838 899 933
77 172 180 251 529 579 584 666 769 898
82 115 268 470 497 621 623 680 885 911
72 173 180 229 237 276 339 380 760 932
197 235 368 420 431 702 722 777 788 829
30 90 168 243 386 416 715 729 759 966
84 305 415 484 516 575 677 678 889 982
143 150 216 217 282 487 767 811 858 943
10 138 163 256 410 490 525 695 760 954
31 104 135 229 230 299 398 478 750 868
273 303 313 428 465 468 611 682 715 798
44 88 176 218 471 841 853 895 904 980
78 86 108 227 309 706 833 849 899 921
86 171 301 314 655 683 760 814 870 999
66 83 148 201 479 488 746 750 936
30 97 140 251 465 544 625 828 866 939
2 102 144 178 240 290 537 544 852 946
125 392 400 522 563 607 703 800 803 855
62 87 122 129 156 201 235 462 738 755
49 144 167 225 228 329 434 695 762 839
151 268 451 464 599 605 684 815 911 989
150 311 343 389 562 601 675 747 868 901
26 108 330 453 481 568 646 777 794 970
16 118 193 225 245 261 685 695 744 794
6 15 186 200 349 422 573 576 887 971
4 57 184 193 221 477 506 747 778 985
9 66 99 139 219 494 588 596 712 795
116 153 156 226 266 319 327 621 719 808
138 241 327 339 354 426 436 787 847 943
3 17 103 127 147 151 159 247 513 586
257 546 549 687 736 801 805 826 939 997
172 289 307 338 415 422 428 665 749 761
41 137 255 282 306 398 642 827 886 981
46 111 255 311 438 485 493 633 754 787
154 171 176 207 330 543 612 613 732 878
30 160 371 428 606 611 844 894 932 972
117 130 208 233 420 426 478 638 660 761
87 160 358 526 530 635 714 889 962 973
37 84 97 105 166 453 633 660 734 780
296 478 552 585 621 649 806 843 847 906
8 74 130 174 347 425 641 818 910 985
9 198 205 606 614 629 673 697 942 943
71 82 177 422 431 443 572 659 665 893
7 25 223 247 259 609 656 758 840 909
35 147 217 251 334 400 434 583 829 975
70 313 415 500 609 631 807 838 880 898
21 61 93 413 495 502 503 805 866 933
139 224 233 269 471 632 681 785 801 962
190 262 292 409 518 562 633 737 762 974
25 61 198 307 346 384 565 810 831 994
18 210 312 451 453 510 523 615 829 961
60 107 201 284 509 620 726 779 799 914
7 39 73 212 371 633 672 675 872 986
63 367 490 570 727 753 763 791 893 942
15 44 198 233 411 425 507 586 694 999
10 22 58 114 189 241 338 486 523 846
105 340 592 703 753 793 802 817 859 920
6 8 128 160 363 381 631 816 918 993
64 96 133 209 283 415 575 686 917 967
192 197 242 255 295 392 497 544 684 855
114 157 280 382 656 699 701 730 813 880
61 95 209 238 285 387 468 745 770 790
33 99 100 121 318 540 575 805 908 936
122 234 237 255 328 330 360 747 920 973
89 201 280 298 555 557 808 881 907 912
19 152 318 351 366 488 511 761 956 984
151 306 444 470 480 494 529 552 639 971
54 86 89 174 316 527 616 768 871 912
27 47 71 120 342 413 632 737 870 965
214 371 450 479 581 603 676 800 863 889
139 144 147 236 264 304 438 592 727 770
32 123 172 279 310 393 465 565 608 916
110 199 280 311 441 536 634 711 807 950
85 254 389 403 450 524 825 829 957 973
7 168 338 475 601 605 620 899 973 986
2 357 483 548 558 659 737 933 947 955
88 146 175 339 458 471 555 783 810 838
15 44 54 338 352 490 510 526 824 860
48 64 84 129 272 328 337 495 629 690
69 78 203 238 415 451 507 646 697 744
318 489 551 572 598 653 664 706 857 873
5 39 41 128 446 654 790 793 964
61 83 135 260 293 392 394 508 522 714
166 266 314 503 574 671 702 742 829 848
73 406 479 513 617 697 733 756 959 986
95 126 579 581 654 674 711 765 828 829
262 320 361 447 627 717 860 954 979 995
91 124 127 225 564 662 663 720 842 880
27 69 375 552 644 747 750 752 785 917
213 275 277 434 487 569 677 807 816 996
3 115 195 375 530 615 629 691 899 984
16 90 129 211 283 347 438 597 671 771
17 161 219 347 383 804 889 901 981
86 87 108 162 176 347 449 697 885 897
27 136 138 608 698 739 808 814 863 872
170 251 325 336 354 427 520 660 852 916
78 227 270 540 606 687 700 862 915 978
146 150 245 346 366 610 678 727 822 985
58 175 236 415 446 463 484 766 782 940
300 305 350 466 473 477 834 842 872 881
112 189 284 341 425 444 449 620 631 940
142 371 446 591 635 726 775 838 892 897
7 101 183 273 343 455 475 792 824 927
71 201 215 253 319 360 529 747 831 981
68 186 532 550 568 625 656 769 813 894
9 65 108 129 287 508 593 719 743 814
55 160 235 238 432 533 571 835 899 973
157 419 433 463 494 592 629 688 746 859
16 102 177 301 355 536 593 596 679 787
128 135 344 409 492 594 745 799 905 913
51 72 363 405 493 549 644 750 851 878
6 8 235 372 422 624 641 702 709 885
269 388 499 601 645 758 774 809 910 957
218 261 262 354 605 616 623 659 664 908
7 15 46 496 518 537 701 810 820 988
106 211 228 247 393 465 546 585 616 955
245 346 366 394 414 435 559 731 746 778
52 74 126 297 477 502 552 663 919
76 157 498 641 660 810 831 906 940 955
30 53 288 345 460 525 748 825 901 959
84 150 244 289 366 603 637 687 827 886
10 81 137 268 376 399 408 452 481 825
99 239 272 290 396 517 845 874 880 902
4 32 168 390 432 770 863 937 946 975
183 333 521 647 725 737 755 833 940 953
57 90 308 311 449 451 502 594 830 992
10 311 348 359 371 377 397 592 661 993
135 146 245 350 438 489 500 608 774 792
3 54 407 441 449 573 659 722 857 861
128 287 330 358 464 504 631 730 848 852
8 66 152 215 259 558 628 691 696 817
377 578 630 723 770 861 867 888 912 944
149 283 322 339 453 481 553 623 673 974
27 154 158 537 643 662 702 824 891 919
39 135 200 369 376 383 587 677 787 823
59 68 249 267 288 522 692 721 725 892
85 300 516 542 596 732 890 908 964 966
112 282 323 480 581 587 666 726 775 880
43 185 222 243 606 639 689 778 811 958
187 247 384 474 591 632 740 804 809 995
155 294 354 630 681 734 789 796 822 824
37 147 195 423 525 591 608 665 844 865
39 62 117 275 344 353 392 400 422 869
85 95 306 434 448 453 544 572 752 929
111 301 313 333 491 500 881 897 902 911
70 139 501 512 620 703 729 783 869 902
39 87 179 196 221 265 332 485 925 980
84 166 184 237 371 425 436 440 611 710
33 126 138 198 277 439 510 537 917 942
100 139 144 469 628 750 781 830 853 995
18 29 93 142 634 710 819 945 948 964
199 338 458 459 479 646 653 822 837 935
8 210 237 333 367 408 640 841 847 947
227 330 480 487 796 872 892 945 964 993
108 181 301 331 454 622 650 676 818 1000
244 286 335 358 469 481 494 585 761 970
50 68 102 230 244 298 318 355 740 995
41 83 436 443 543 734 819 874 896 985
76 204 419 618 647 849 880 938 974 997
12 86 202 208 590 685 703 897 991
33 263 340 465 542 543 773 933 937 973
165 169 251 453 537 561 696 741 761 904
88 172 379 514 545 600 602 621 795 942
144 164 184 324 334 388 437 661 708 754
19 116 125 171 264 346 403 406 453 700
29 36 51 130 229 256 302 434 480 790
88 230 318 388 512 625 704 892 943 973
68 138 177 296 403 595 622 756 924 943
9 169 185 229 321 324 470 582 590 979
36 93 227 471 499 599 773 783 846 978
32 87 97 379 394 589 640 681 962 969
26 72 181 199 211 402 514 778 864 984
97 139 289 473 621 673 718 864 974 985
31 131 176 298 496 576 642 697 831 979
4 48 52 601 662 668 866 877 896 990
12 228 272 431 473 604 725 772 796 952
228 613 707 711 738 767 821 926 989 991
29 59 160 236 527 540 642 693 701 786
21 135 310 314 341 643 645 801 913 970
8 166 176 339 401 487 531 617 684 961
113 162 319 358 482 597 787 878 948 1000
45 96 141 164 169 331 751 856 917 936
14 51 173 205 307 410 594 897 904 954
127 170 176 188 292 372 463 535 653 661
129 169 200 316 633 646 665 682 862 984
2 58 100 200 330 459 558 837 862 979
13 52 63 80 277 408 467 504 661 831
335 384 449 472 475 541 744 855 946 987
155 186 231 306 309 331 337 741 801 883
2 128 148 186 193 310 542 664 873 899
190 204 461 479 594 629 648 704 710 937
79 94 274 325 484 494 530 608 771 780
7 113 192 301 350 398 447 824 915 926
22 112 319 323 571 684 711 772 849 893
3 8 149 323 346 449 495 635 683 870
305 338 414 442 452 572 775 870 945 968
60 225 340 378 411 496 650 651 672 751
5 46 259 314 390 577 587 682 847 972
69 123 156 165 210 454 491 566 574 657
145 197 357 529 538 616 633 687 915 992
15 172 206 288 527 539 545 567 911 1000
58 118 345 369 373 472 577 606 676 902
345 425 517 565 754 762 799 816 932 978
295 397 483 639 695 732 778 782 810 971
78 140 152 165 575 606 937 962 968 989
119 183 307 313 430 491 698 843 916 971
19 269 437 491 501 525 578 620 700 813
32 262 295 297 712 725 861 868 936 970
40 116 166 171 411 483 525 600 605 965
188 260 422 779 806 857 907 947 978 999
210 350 355 415 475 537 568 578 647 850
2 259 358 570 608 617 729 754 984
149 294 318 320 447 476 481 503 765 994
4 10 121 165 221 268 513 655 795 924
93 125 424 453 471 644 671 682 754 773
157 253 387 442 547 728 781 802 818 839
75 182 358 432 598 693 735 764 780 993
62 94 273 378 384 390 573 720 814 933
11 228 263 393 420 526 621 717 910
150 276 302 530 642 660 737 765 766 981
30 104 129 237 392 453 465 541 884 956
26 174 447 534 577 580 586 598 938 987
28 36 136 212 293 480 503 554 564 942
34 35 122 208 241 285 487 728 793 956
54 165 184 246 380 612 634 891 903 924
193 259 287 311 327 374 456 848 884 926
21 73 342 443 573 606 674 737 755 940
10 57 80 241 329 377 476 482 486 493
125 127 207 286 352 381 623 786 914
84 286 341 342 348 484 546 680 932 955
79 166 253 316 402 720 833 929 934 964
23 80 326 350 575 602 632 695 763 988
47 84 162 438 532 636 672 673 729 886
44 89 103 108 137 246 552 672 679 881
75 305 463 476 494 649 684 763 854 892
182 390 567 585 604 631 664 738 759 856
38 41 107 167 265 374 425 627 684 732
12 19 60 126 263 385 506 881 928 960
58 238 277 426 525 529 809 861 945 987
182 226 328 556 560 736 869 907 911 930
17 25 114 138 158 488 556 632 682 718
27 59 105 451 469 485 772 800 827 935
220 408 593 649 666 772 803 818 907 982
38 81 117 247 303 347 348 370 801 954
123 158 285 521 554 617 707 728 848 947
21 42 306 394 426 540 544 559 574 587
29 61 73 136 208 226 235 495 510 520
343 696 777 788 802 828 830 888 918 937
207 228 469 764 770 792 833 910 920 930
16 76 82 86 115 354 582 615 879 970
16 45 141 283 385 393 435 460 660 734
69 296 335 626 752 788 838 902 904 927
322 323 346 351 450 509 534 565 692 750
107 290 496 569 604 606 629 644 705 802
55 56 351 396 398 429 598 614 676 828
223 285 352 503 650 717 843 880 895
150 156 225 229 353 370 381 540 597 623
108 114 302 558 594 601 683 706 859 880
3 126 307 463 468 536 741 834 882 923
74 75 114 126 377 415 566 629 799 855
117 287 336 532 537 577 597 799 834 924
103 230 462 472 548 619 727 897 905 992
73 133 384 565 781 787 792 908 921 948
10 52 211 229 276 291 485 518 667 914
126 201 210 224 265 334 554 604 681 741
55 311 341 397 441 566 623 641 695 720
1 28 187 328 629 649 776 862 959 985
136 191 325 358 363 404 486 699 737 765
172 197 294 392 490 535 607 680 898 952
55 247 276 319 492 808 844 847 853 894
10 42 276 473 480 496 583 646 728 772
125 258 552 563 676 879 887 948 972 977
47 106 172 329 367 425 684 746 764 927
29 224 370 545 572 707 789 867 905 975
111 185 236 239 359 424 644 715 888 990
135 155 208 224 363 443 484 568 894 944
144 298 466 521 545 721 751 843 986
10 50 231 272 547 635 641 778 807 854
245 246 338 419 422 480 485 541 702 931
68 102 128 152 154 185 217 363 585 698
10 52 228 293 358 468 783 797 824 954
67 287 486 599 700 730 841 976 979 989
173 275 310 428 433 580 661 706 772 913
98 99 121 155 228 294 402 479 928
201 258 268 271 387 462 528 668 917 953
60 85 168 336 401 408 601 764 864 934
90 190 296 494 500 503 563 576 708 843
131 237 343 361 381 541 554 736 866 930
30 55 132 452 461 634 668 869 933 960
120 226 330 346 392 415 479 487 572 820
1 43 55 59 118 148 208 311 521 775
209 216 254 311 338 356 691 808 817 958
35 161 183 233 442 470 701 872 925 972
93 105 115 211 354 370 622 851 916 997
97 168 178 268 364 675 787 860 921 953
41 202 324 374 386 510 638 757 779 979
196 349 526 592 616 625 709 718 840 940
237 347 360 396 404 442 574 836 867 950
17 147 165 230 379 489 584 615 749 823
9 57 96 119 312 318 533 629 710 794
133 372 385 523 537 580 711 863 951 979
47 140 420 447 468 592 608 646 665 977
112 160 165 222 330 392 594 663 875 952
169 340 345 365 530 563 649 810 860 941
173 180 217 545 577 646 686 692 858 957
143 176 178 436 487 543 608 692 714 818
118 152 195 261 649 651 679 828 900 976
12 199 203 294 386 458 596 704 709 909
23 94 153 618 675 688 718 889 914 982
61 179 226 341 436 542 575 676 860 998
144 168 187 200 347 381 626 721 799 905
2 41 142 220 343 458 501 657 671 694
69 158 202 215 449 502 548 614 794 870
15 112 224 469 732 819 827 834 881 965
101 163 351 360 453 559 560 567 889 946
70 555 556 570 766 804 873 895 925 977
109 341 349 424 437 594 747 791 806 902
29 48 170 184 239 316 399 419 688 871
4 303 378 452 551 621 731 815 822 827
43 146 148 420 531 646 732 787 886 953
32 47 126 285 430 634 708 882 927 978
126 329 353 396 471 707 761 843 881 993
101 284 289 299 340 360 411 799 875 914
36 57 158 176 205 250 295 397 569 791
37 403 475 499 555 719 795 799 836 939
58 110 269 330 355 613 799 821 921 942
8 376 479 643 661 858 860 863 925
101 274 320 374 440 607 683 768 812 965
53 88 219 623 625 658 679 715 762 875
226 264 353 457 617 658 763 844 907 948
81 172 261 263 309 313 315 424 465 587
22 37 109 137 171 235 613 617 661 809
114 117 150 177 310 430 539 648 697 928
109 317 369 451 810 836 878 885 947 999
151 262 297 298 612 699 837 883 907 988
4 85 116 280 306 335 581 624 800 929
1 160 219 437 484 562 601 624 813 976
60 64 154 228 247 262 292 653 771 989
268 295 304 344 368 419 424 656 705 905
43 94 199 273 307 357 443 738 774 870
31 146 150 190 197 275 300 638 695 908
66 232 263 497 501 583 713 878 925 958
180 206 249 278 283 325 342 393 461 879
33 181 447 518 529 550 634 693 769 966
145 156 302 314 393 411 541 633 832 904
53 120 175 183 350 537 848 921 924 991
75 210 364 429 489 633 820 891 928 987
24 64 78 113 128 157 182 410 500 710
35 136 170 236 356 502 693 723 800 954
164 198 217 249 291 314 357 440 607 701
116 204 299 308 376 495 609 637 874 932
211 337 420 581 628 657 718 732 801 971
76 216 389 487 503 589 692 710 886 913
210 242 390 464 625 674 681 823 852 952
151 411 471 481 494 635 896 921 936 959
645 657 721 763 792 794 845 943 952 957
105 106 114 125 189 306 365 412 666 955
4 8 390 457 522 589 719 781 846 965
80 110 149 382 512 556 615 660 842 923
52 81 139 283 309 324 427 544 779 951
43 248 272 330 631 639 783 863 896 956
42 51 119 187 355 371 717 736 836 871
26 120 184 289 501 514 648 704 751 833
92 235 271 472 498 560 642 750 829
21 31 44 148 444 484 662 733 973 974
24 42 236 294 371 428 554 619 726 947
252 562 570 699 706 768 881 883 898 986
216 230 378 457 550 777 949 955 956 976
178 262 350 419 637 671 687 708 900 975
84 129 194 205 227 267 354 616 782 874
4 28 83 299 367 416 432 442 730 864
163 190 193 433 469 636 727 794 987 992
253 390 428 533 596 632 658 753 851 979
21 75 111 334 476 499 779 802 827 930
82 91 488 545 622 707 779 788 797 933
28 67 151 192 339 442 585 591 650 753
113 159 321 359 367 589 609 768 852 951
97 264 318 391 461 510 567 578 698 964
45 98 151 200 233 424 488 497 694 823
1 42 91 129 211 252 437 512 680 922
178 246 348 374 440 624 693 739 845 914
164 183 249 261 262 471 750 838 934 971
105 106 405 409 412 444 499 658 841 865
192 212 413 612 654 766 853 874 894 934
89 144 152 363 427 606 693 703 894 950
16 205 216 281 359 458 662 847 941 949
41 77 139 222 230 325 511 614 674 965
33 238 283 310 341 594 640 658 714 850
5 76 137 148 325 497 649 797 873 876
102 171 246 312 439 635 655 801 857 967
63 102 211 436 526 574 604 790 840 950
5 75 584 586 591 638 838 875 935 990
34 36 43 110 175 489 512 578 729 851
43 297 388 507 672 724 732 801 815 917
120 214 304 336 357 404 574 617 764 984
126 128 172 293 335 351 534 755 870 924
51 120 284 447 625 638 648 757 775 975
36 159 218 242 285 379 813 846 930 941
13 43 115 155 320 348 591 616 627 814
13 63 141 142 195 460 461 503 560 963
2 8 116 138 207 225 259 394 545 760
4 9 93 136 191 394 490 670 725 777
124 496 517 547 590 692 695 835 894 964
122 134 227 400 531 678 705 878 994
131 143 163 203 418 503 612 613 849 940
45 58 121 126 358 657 869 870 965 988
34 98 103 123 194 197 689 701 753 876
111 392 395 523 528 760 764 783 861 929
15 88 213 272 412 643 669 762 890 911
54 151 235 249 320 547 655 667 875 994
25 72 198 354 377 410 627 802 817 968
174 195 199 672 765 830 908 913 944 998
18 93 121 408 418 555 634 661 705 963
12 34 153 276 612 717 757 776 944 986
42 57 139 393 403 688 709 748 922 951
59 135 491 502 511 517 635 869 951 996
248 250 279 287 471 646 653 817 829 844
70 119 151 163 369 378 430 783 805 936
10 86 138 139 153 245 561 673 710 935
4 172 374 397 547 624 655 837 847 894
167 415 505 518 650 674 785 829 892 907
8 332 334 412 560 602 700 711 856 911
12 270 542 596 638 641 721 862 904 925
13 533 624 648 807 815 855 892 900 923
112 239 247 295 329 572 600 677 721 948
13 137 199 211 457 591 685 747 764 948
76 91 118 203 334 720 743 780 823 864
178 267 470 737 796 849 930 932 942 945
7 26 53 342 515 533 586 767 855 946
55 175 393 395 445 490 568 670 739 832
34 251 420 655 716 733 818 841 865 959
45 151 157 233 339 616 758 813 905 999
41 45 60 195 311 348 417 447 586 858
52 220 225 345 351 398 432 612 907 993
77 169 238 330 489 588 647 820 978 981
16 107 119 247 281 382 660 686 839 897
27 158 231 307 377 385 489 583 776 811
18 41 284 406 461 478 552 682 904 983
56 119 205 392 656 769 772 802 945 967
102 195 375 414 547 629 669 688 861 974
60 166 463 624 695 723 836 942 999
285 288 365 403 627 631 647 727 791 918
93 109 146 231 301 522 722 934 949 997
178 220 271 360 452 546 550 560 909 976
19 353 420 482 516 539 556 652 781 792
87 463 482 526 573 601 809 827 850 867
72 197 240 410 450 602 628 632 823 829
14 32 134 167 264 608 624 818 825 946
70 118 177 290 622 692 707 741 810 881
130 180 225 414 847 868 870 935 957 961
74 167 196 316 319 563 782 836 849 911
62 79 287 319 393 436 603 632 633 982
24 95 122 230 386 499 619 774 827 897
204 384 393 398 420 533 554 588 690 824
71 115 174 175 346 397 581 759
7 33 100 171 247 457 619 862 884 923
50 92 217 298 353 379 569 607 839 881
105 243 308 453 473 508 787 788 886 998
12 197 212 509 549 622 665 790 904 939
199 221 259 276 326 340 342 415 676 755
42 192 244 248 344 348 768 782 934 950
346 367 455 586 740 799 806 888 920 960
11 136 185 371 390 444 569 605 844 940
21 79 141 185 212 226 332 502 600 680
56 122 154 315 653 761 824 830 860 986
42 150 253 313 577 684 777 863 885 916
301 450 547 615 697 813 850 852 909 948
318 334 352 372 534 734 762 892 960 984
14 252 278 418 479 538 595 642 939 977
66 140 171 227 283 330 473 580 831 908
32 85 126 239 275 302 404 437 712 984
122 212 354 457 503 523 639 679 834 851
48 49 122 217 254 290 496 558 677 864
93 152 232 364 417 425 593 696 884 911
55 85 117 218 353 396 411 492 528 599
141 177 306 353 643 714 753 913 940 984
130 310 399 447 453 532 627 672 790 921
164 245 301 420 524 607 760 762 842 980
36 81 324 447 456 651 754 922 984 991
33 77 250 364 445 569 585 723 773 820
3 14 143 240 625 712 725 886 949 999
2 129 367 389 405 413 549 554 873 905
391 433 478 493 564 590 746 852 909 970
173 193 312 316 684 718 727 859 938 973
79 108 123 195 237 536 672 704 752 779
141 302 307 309 366 455 707 733 893 962
20 33 427 561 565 574 779 818 845 905
99 239 281 328 340 361 460 608 675 809
19 103 157 171 473 535 677 721 736 822
70 178 234 363 391 477 514 616 743 782
139 363 547 684 698 729 743 830 873 991
388 454 608 716 801 840 922 928 949
250 251 265 266 406 419 811 840 950 958
57 122 142 382 592 726 790 805 976 982
50 59 63 68 321 475 575 584 794 998
77 99 208 233 312 403 464 544 961 1000
188 353 386 426 519 540 617 676 990 993
40 154 405 406 416 702 844 851 882 993
31 279 388 452 473 532 787 838 983 1000
76 152 219 406 485 503 512 766 801 968
97 108 188 197 286 494 601 737 776 785
28 96 118 209 233 237 426 448 527 546
55 71 140 300 341 477 481 633 676 812
327 378 406 434 541 615 629 644 895 977
69 314 436 464 631 675 723 870 894 933
51 98 128 147 199 232 492 520 538 563
77 89 278 322 329 690 700 822 834 972
3 74 231 319 396 520 557 731 745 917
33 200 289 392 590 710 722 856 926 978
136 190 201 289 420 567 659 679 888 932
12 151 491 535 584 738 809 833 895 961
199 400 410 423 500 528 537 973 997 999
44 177 373 669 713 796 819 829 838 889
29 84 90 116 174 459 569 586 779 851
25 72 115 137 222 516 803 876 881 936
77 81 105 353 359 448 621 781 938 971
109 172 327 346 410 539 774 825 870 943
143 200 371 426 475 520 678 723 748 995
14 286 746 825 830 862 863 873 905 936
27 85 166 372 502 565 636 742 818 926
522 586 634 809 853 857 867 874 935 944
54 119 204 292 339 540 798 815 941 995
82 126 330 459 517 545 786 868 884 907
348 486 600 613 642 692 771 842 887 945
139 176 207 399 417 579 718 868 878 915
46 65 115 317 369 420 570 711 937 962
53 134 265 316 518 837 859 893 961 967
46 70 288 454 471 562 662 770 797 936
37 129 421 505 631 763 829 855 858 976
4 114 252 524 619 678 702 888 889 975
50 284 350 500 501 675 726 729 853 1000
158 240 248 328 412 523 524 709 813 938
16 184 236 401 418 466 485 555 764 919
31 319 342 348 461 492 653 756 770 907
178 541 649 651 713 762 794 811 835 879
287 412 507 529 593 594 710 799 823 826
71 425 483 536 693 770 872 896 902 980
146 193 238 524 525 537 866 884 972 998
88 145 231 309 319 419 425 555 767 921
46 117 309 421 498 664 708 918 929 996
125 159 244 463 612 852 922 944 954 1000
16 114 236 272 334 507 527 804 816 857
135 443 650 665 691 738 817 923 937 998
155 173 257 343 449 629 705 775 791 941
4 130 194 297 421 739 741 806 895 910
87 231 377 590 594 614 673 718 746 970
3 104 133 320 383 476 659 671 834 944
107 205 281 286 475 615 673 692 829 976
268 324 368 433 672 750 758 795 805 825
90 102 192 218 438 657 759 767 768 892
55 261 547 548 614 652 660 705 718 812
146 247 276 409 463 486 514 615 696 984
261 408 496 500 564 599 686 691 791 795
28 122 225 338 438 595 707 779 845 850
81 131 146 196 204 648 689 769 851 883
11 215 433 560 617 620 705 761 763 803
28 33 98 157 247 262 658 755 788 910
242 288 453 488 498 593 743 822 929
42 62 313 403 475 640 764 818 847 914
5 304 320 360 386 455 553 719 811 972
42 122 227 308 586 609 706 802 932 966
126 138 170 235 344 401 511 618 819 971
7 39 42 339 399 568 603 615 699 915
66 319 388 433 500 695 798 816 901 937
52 354 363 460 490 740 777 969 973 981
6 187 309 321 397 508 528 754 898 918
276 339 574 674 701 732 750 751 780 809
67 274 296 305 331 336 496 543 603 880
172 232 323 403 404 736 803 820 848 962
64 114 281 465 527 703 727 753 791 854
25 151 263 289 303 476 558 586 778 810
164 336 413 682 708 734 752 789 795 899
183 208 325 476 677 697 701 744 885 922
154 185 398 411 444 468 720 727 783 890
146 202 219 411 557 575 702 745 808 905
50 56 88 166 185 369 413 433 704 950
47 63 199 277 282 345 455 484 762 970
134 257 319 327 420 531 665 678 727 782
72 238 346 511 533 586 645 681 950 960
234 406 433 438 475 577 772 864 955 973
87 117 215 348 430 510 656 710 734 857
87 231 274 324 511 543 667 806 846 851
69 192 491 611 627 755 778 827 834 935
14 30 91 180 782 856 877 948 971 989
144 219 263 322 376 429 529 548 566 615
26 167 199 228 300 354 516 862 957 961
54 155 246 257 345 432 501 648 964 992
34 40 167 192 217 287 459 581 685 769
214 247 408 590 591 607 777 787 845 998
14 121 193 215 372 543 578 906 917 932
82 233 494 550 568 620 739 740 819 970
246 274 311 450 576 611 753 807 953 985
21 60 92 103 227 419 839 907 986 997
19 145 251 571 656 770 844 878 929 942
36 41 205 233 478 509 518 576 869 989
24 387 393 473 486 561 595 642 805 944
20 123 276 533 591 630 836 838 929 934
20 88 116 357 372 622 718 900 909 998
282 351 403 416 434 690 734 917 942 972
70 183 210 300 687 691 696 744 828 875
36 128 144 150 298 441 469 624 637 893
12 336 484 655 725 796 811 826 900 947
18 258 352 515 519 627 750 860 880 957
141 353 481 591 601 606 631 665 685 889
120 185 300 542 571 691 700 713 806 906
58 81 214 283 553 706 753 878 945 987
153 215 295 401 470 511 666 744 944 958
117 292 460 606 618 662 699 785 853 896
17 126 142 225 397 501 518 672 819 875
32 116 238 271 325 395 496 510 582 762
163 222 467 576 666 892 907 950 958 993
15 336 395 729 781 783 981 986 998 999
46 81 308 450 563 742 749 793 807 847
28 95 160 165 240 404 476 699 783 992
42 162 457 494 628 696 807 816 908 959
78 108 307 499 527 546 721 728 824 975
42 65 234 624 639 662 697 746 834 973
29 279 414 474 504 561 562 634 725 954
20 25 219 276 308 343 573 586 929 978
222 314 483 558 568 781 821 865 907 974
131 136 162 212 421 442 620 812 836 889
50 53 126 131 279 293 689 731 881 904
15 213 218 268 335 354 569 735 889 925
119 167 173 314 447 611 819 829 845 943
39 262 286 383 439 590 785 920 932 936
87 209 222 288 309 421 425 650 834 905
14 166 207 653 659 660 721 727 834 899
95 371 417 443 474 524 549 829 874 904
222 341 413 443 494 618 632 843 850 985
77 81 130 285 489 495 537 760 790 972
255 306 323 390 452 523 550 726 799 913
114 159 414 430 474 481 492 934 959 990
64 167 377 432 439 535 545 547 897 997
11 23 68 144 219 264 554 875 946 954
226 319 472 497 623 629 721 910 950 955
98 155 265 402 422 473 605 610 937 967
42 74 98 189 254 334 473 511 532 741
60 92 204 243 350 435 628 668 723 850
65 79 309 343 626 665 715 836 869 996
436 449 502 586 662 797 830 957 959 989
54 106 544 551 588 721 727 742 940 979
12 75 84 420 427 460 607 658 778 842
130 244 249 288 366 492 634 716 763 886
20 39 68 423 529 557 622 639 780 885
8 82 288 421 426 487 539 771 869 957
104 203 207 236 426 438 733 762 824 856
64 101 170 178 449 564 633 780 787 976
3 280 361 393 418 449 491 524 551 970
485 494 524 530 681 722 831 871 953
97 253 379 380 391 464 690 702 939 997
25 62 80 101 442 489 559 601 649 756
145 181 277 543 551 734 739 760 761 763
393 469 612 645 666 739 754 834 951 953
77 189 364 372 674 723 729 810 841 882
42 78 129 169 207 245 274 551 587 913
130 198 350 387 490 494 565 802 867 965
88 298 383 396 452 455 519 569 826 832
34 98 187 216 367 481 571 646 755 772
6 87 88 108 301 340 424 603 720 967
6 7 199 431 472 495 665 699 744 906
312 327 361 416 616 744 753 755 893 927
258 279 318 366 429 548 581 781 825 885
264 461 493 502 568 709 781 827 834 939
93 167 196 260 345 434 749 911 963 987
234 298 309 352 454 504 576 783 801 825
78 149 155 418 421 703 747 840 841 894
66 160 285 451 621 739 880 980 987 1000
71 157 191 356 514 645 756 775 921 983
71 82 137 216 342 732 763 885 927 945
91 163 224 366 576 704 737 900 930 934
115 507 558 668 675 712 849 908 951 998
227 298 356 440 594 668 696 697 752 936
156 222 321 516 563 640 647 809 817 831
67 111 112 161 162 242 277 505 543 745
136 210 285 432 443 469 539 816 977 998
16 80 229 300 479 655 751 925 941 998
72 140 150 329 361 368 472 517 736 768
22 99 113 326 360 400 402 513 611 980
43 49 226 295 612 651 675 689 700 950
90 109 207 296 298 338 348 442 748 860
26 253 326 385 707 716 871 912 933 988
234 290 466 528 581 631 727 850 912 976
78 268 292 502 612 638 687 798 838
129 262 332 354 358 393 699 707 748 765
202 323 450 482 492 721 727 883 898 964
35 135 300 398 473 480 526 575 644 757
119 262 296 360 370 427 430 551 678 844
54 170 221 420 424 594 606 642 699 714
127 150 292 455 592 606 622 670 719 946
94 234 242 260 271 515 591 620 631 639
37 370 409 513 654 688 750 790 803 992
79 90 208 290 314 398 428 485 903 991
66 87 165 184 273 354 467 843 858 987
143 235 243 385 419 421 553 704 708 783
6 246 422 443 486 491 861 871 913 989
28 52 69 183 446 539 677 709 877 922
83 177 181 245 291 481 501 504 611 818
6 90 189 213 243 323 389 535 756 813
37 346 451 512 564 660 686 799 883 974
41 85 216 231 311 388 480 553 587 945
234 238 259 444 625 722 727 735 837 904
51 218 347 463 476 488 518 701 881 920
95 101 127 273 287 362 372 430 864 889
17 270 365 447 540 549 596 636 756 841
62 157 243 376 444 533 756 759 802 938
19 62 108 253 335 357 474 844 891 893
1 10 44 71 217 421 525 642 756 841
17 37 85 125 223 368 407 444 484 926
56 74 102 124 168 186 724 773 938 999
45 138 250 334 506 515 552 724 803 821
125 156 180 431 496 567 632 802 909 950
160 282 311 390 432 532 584 604 745 759
30 86 138 184 742 780 827 837 850 959
72 449 623 643 647 743 811 859 940 983
102 142 150 498 630 756 798 959 967 979
39 181 274 301 402 483 567 893 926 977
119 172 304 439 472 562 622 839 976 986
109 189 203 219 232 445 618 710 854 910
41 140 299 301 333 374 438 525 689 944
108 286 509 554 609 735 751 812 851 927
81 135 380 460 472 538 603 648 704 806
68 69 205 343 542 644 816 972 995
170 274 283 329 332 594 707 737 755 990
68 108 233 334 485 503 509 666 777 865
8 175 222 270 436 471 592 710 715 822
28 244 311 398 411 506 536 570 729 963
46 48 116 152 420 551 707 711 715 885
28 48 187 289 314 335 477 505 735 948
1 265 268 445 548 708 765 820 929 990
27 281 322 333 348 601 604 662 803 824
165 200 245 413 600 712 760 788 838 987
44 499 564 606 680 755 807 819 868 871
159 178 342 383 395 474 557 615 695 830
35 272 286 337 430 586 587 669 800
2 218 353 402 536 599 643 869 996
123 213 405 449 489 575 716 725 738 865
241 264 402 441 646 656 746 783 875 954
109 121 211 392 455 459 479 586 615 750
90 102 110 307 335 788 798 885 950 987
162 337 378 411 425 585 601 707 771 817
71 243 265 450 521 671 696 753 767 895
9 45 390 581 630 773 783 800 961 978
265 276 323 348 395 602 767 847 853 871
35 243 368 430 488 631 665 823 898 968
209 215 275 286 320 451 495 680 682 687
19 77 113 263 475 587 592 630 833 834
98 170 539 636 689 710 752 952 966 991
42 85 138 221 249 283 366 416 668 767
49 104 108 111 143 259 546 587 598 699
63 179 220 234 338 498 539 565 808 890
39 237 261 308 428 460 554 698 735 792
49 312 329 539 543 745 809 883 891 960
85 182 327 469 474 558 683 767 828 993
205 240 304 421 542 562 747 760 807 914
74 264 361 555 638 717 778 800 854 986
174 184 294 315 319 442 526 648 758 937
44 50 83 143 183 284 431 584 798 849
14 36 73 88 178 477 616 692 793 910
91 154 226 449 462 469 475 493 619 705
112 133 242 287 311 350 362 371 418 707
4 62 173 188 258 364 400 486 539 998
44 66 226 233 235 340 350 561 743 949
16 112 177 287 663 869 879 936 941 979
35 36 40 244 293 397 408 424 814 924
195 346 487 532 601 631 807 826 896 997
22 612 642 644 673 699 714 795 809 889
9 153 154 313 395 488 588 649 652 959
75 77 209 248 327 428 648 794 896 929
1 149 163 172 199 313 388 441 552
168 340 451 485 518 583 649 664 673 807
89 457 533 563 639 666 750 826 873 903
72 138 204 300 500 547 552 574 584 754
152 288 304 409 518 622 703 760 788 850
22 96 349 357 400 448 708 797 874 953
23 38 235 406 429 468 542 602 742 774
42 128 369 399 498 560 843 900 974 975
80 118 295 427 482 598 734 778 888 996
15 211 295 344 406 614 631 677 952 990
41 98 237 501 529 566 610 613 772 916
207 215 244 437 560 691 725 808 868 914
226 293 295 337 366 458 485 559 629 913
28 37 554 565 671 719 813 831 893 901
25 266 273 314 654 745 777 808 873 883
92 138 315 352 619 695 825 857 958 998
62 80 87 103 372 462 537 606 608 825
54 80 92 204 252 303 340 353 446 909
209 528 559 618 639 645 735 816 913 962
105 470 513 542 544 562 694 743 758 808
235 263 322 352 367 438 513 646 822 862
128 155 233 417 463 525 527 811 901 989
4 23 114 181 189 238 443 517 592 929
186 248 597 654 659 691 692 801 934 957
159 356 494 509 646 690 696 755 794 1000
247 281 298 456 694 734 836 861 927 956
145 306 357 409 413 644 852 877 896 972
34 56 194 437 540 574 584 651 719 966
134 135 366 454 510 522 745 816 911 948
19 159 281 636 680 726 790 821 885 948
171 260 347 384 655 658 738 875 945 982
4 37 73 150 162 268 403 618 769 965
36 126 191 279 539 553 829 900 904 978
164 181 252 267 398 424 461 511 612 897
127 193 287 697 698 717 746 839 842 851
246 315 496 646 730 825 843 887 925 975
187 215 244 425 473 477 600 783 933 967
192 458 467 557 567 593 659 668 791 898
83 263 297 463 500 769 778 894 896 912
32 170 258 410 454 481 538 855 872 940
78 131 179 199 321 734 777 883 920 954
57 95 155 206 230 462 560 917 931 1000
149 227 280 364 432 473 563 633 941
71 210 246 427 590 781 789 864 893 912
174 175 243 290 310 318 398 542 612 882
52 119 146 162 403 696 760 810 856 943
251 290 362 385 520 533 833 856 910 911
1 220 351 509 578 703 860 868 935 977
63 204 243 456 571 614 682 720 927 990
68 94 121 178 200 282 500 663 666 921
119 121 172 184 290 409 417 486 621 792
124 139 212 213 406 457 713 804 834 848
50 94 115 129 370 589 647 648 662 869
37 61 333 443 491 579 674 728 747 766
54 115 336 410 547 660 717 863 898 961
124 295 376 441 463 635 664 905 908 1000
37 78 143 160 306 462 498 599 730 860
31 360 371 433 732 746 846 895 943 967
19 159 479 570 573 691 719 747 853 893
237 291 346 535 587 683 770 792 811 933
287 316 504 513 578 701 705 798 820 946
108 153 180 230 532 648 700 765 773 832
136 386 411 428 468 492 647 657 957
159 213 248 257 510 519 604 780 812 919
103 164 174 431 590 644 758 794 949 967
47 141 284 406 476 519 737 913 920 921
185 368 759 854 900 920 951 955 965
242 246 269 305 390 476 539 701 790 898
13 119 186 283 385 462 518 621 731 857
130 251 271 295 309 313 377 630 649 960
2 88 125 243 252 275 369 542 744 945
108 233 390 476 614 634 725 815 960 961
31 63 81 288 347 368 378 420 501 920
25 33 372 413 504 519 560 571 761 802
56 94 132 250 278 581 606 674 775 872
166 399 486 511 781 848 858 861 945 955
173 182 286 295 341 405 509 522 600 631
19 34 151 173 203 247 555 634 746 879
116 189 281 377 597 618 675 736 788 957
2 147 193 249 272 387 734 748 884 945
184 288 419 455 577 609 793 805 830 895
122 127 228 592 619 645 658 763 868 940
50 185 250 560 667 704 741 841 932 959
93 154 213 257 333 517 787 829 925 926
29 83 129 332 432 495 517 561 809 980
155 171 269 309 417 512 713 778 787 907
74 285 318 430 434 546 792 907 918 991
54 103 250 313 342 391 479 568 969 979
44 151 256 259 337 444 640 793 985
33 110 237 344 385 570 728 771 819 935
26 49 53 235 315 379 495 581 663 673
60 179 275 412 460 593 740 787 899 978
110 156 214 232 272 319 405 631 809 886
36 249 416 536 551 618 916 958 971 974
230 357 464 506 701 729 761 841 865 961
168 208 250 405 435 474 595 733 745 893
7 234 286 357 683 726 735 925 971 983
108 204 257 339 353 528 597 728 768 864
186 234 406 462 491 502 523 655 863 897
106 207 235 236 237 289 351 727 794 940
31 59 80 93 96 120 406 634 645 657
14 88 143 218 388 705 819 883 904
69 128 138 255 335 503 642 648 723 955
85 109 534 615 619 660 691 790 919 967
100 209 290 469 480 648 658 660 701 742
71 193 316 431 507 526 639 695 849 939
197 243 323 333 334 416 480 520 539 897
82 301 417 577 611 658 732 782 989 991
21 29 135 200 308 421 503 665 872 992
62 67 85 296 353 487 520 702 726 767
36 68 151 161 164 196 361 388 401 431
134 226 339 444 459 485 767 804 893 910
124 218 351 460 728 856 912 931 963 964
13 42 47 153 265 471 489 493 918 939
1 27 225 291 292 328 373 393 657
118 268 346 354 496 771 824 870 873 933
104 183 216 302 350 363 375 419 651 722
135 221 295 308 519 554 591 614 888
79 235 321 548 648 744 808 820 916 931
99 105 131 306 512 527 667 766 794 973
32 51 145 323 357 358 667 749 793 1000
11 47 318 361 452 495 743 779 780 834
169 289 371 754 769 784 885 913 974 988
59 98 104 154 300 394 411 739 796 985
26 41 80 85 95 191 383 486 629 975
50 114 118 424 451 462 541 750 800 843
118 139 372 442 560 577 591 646 707 934
86 123 238 239 244 534 547 776 871 909
69 184 261 394 458 679 755 846 860 953
184 327 339 347 395 531 614 638 704 710
57 117 128 179 292 426 549 704 740 939
124 191 217 354 392 548 701 721 926 948
30 160 225 252 322 449 540 901 922 942
21 158 291 555 558 606 697 753 829 932
62 124 209 286 642 658 719 748 857 926
57 66 267 416 470 512 642 945 973
54 124 324 386 408 676 772 786 922 995
270 331 496 500 508 606 706 713 738 900
118 245 293 342 455 541 555 602 653 894
118 144 244 259 659 668 695 740 873 928
12 72 146 172 253 258 383 407 701 765
13 108 255 526 610 741 793 837 859 958
207 223 271 457 550 671 814 854 936 940
9 219 358 408 447 547 548 585 917 991
206 337 376 525 534 597 624 752 764 997
210 348 525 552 612 620 797 801 821 950
154 170 305 339 479 581 632 637 699 711
248 250 396 473 550 631 672 708 713 818
71 160 179 209 339 344 415 506 954 969
342 375 464 471 497 532 545 630 733 839
59 86 257 406 674 705 717 774 840 980
11 142 166 199 219 276 390 634 869 899
103 106 109 270 355 408 536 560 584 799
186 330 341 378 426 564 672 742 812 851
2 20 35 57 174 208 409 631 693 873
6 91 255 288 424 556 598 902 976 983
120 212 260 396 400 462 535 733 751 929
196 233 240 428 459 490 627 640 668 997
116 127 185 225 315 534 740 847 906 981
24 134 385 407 437 754 812 928 976 987
84 284 338 458 499 590 610 638 865 1000
84 328 471 481 495 571 600 691 742 973
15 49 299 381 484 637 844 925 943 984
28 186 306 345 382 440 474 592 596 597
88 106 174 221 382 531 665 666 683 945
141 351 390 423 511 522 535 704 748 884
165 234 300 337 507 543 634 759 877 960
104 171 274 373 507 551 852 864 989
281 395 515 612 645 694 697 804 871 913
85 88 173 220 360 504 695 798 839 969
125 177 438 458 481 512 553 661 706 798
20 277 289 416 449 562 570 693 750 809
5 118 212 294 382 446 602 668 824 995
2 22 371 453 501 533 648 809 939 950
18 33 149 211 315 443 526 657 854 871
97 196 222 279 439 621 800 893 930 960
35 114 170 349 404 432 547 589 696 885
176 227 279 316 430 444 557 619 708 925
34 58 165 188 270 342 384 623 656 801
148 291 366 508 553 667 726 789 850 902
130 150 262 332 362 468 486 550 557 769
175 300 309 370 473 570 799 801 886 936
116 202 328 411 493 674 715 726 850 893
41 79 261 477 532 562 808 896 927 950
168 180 307 507 531 575 604 833 879 927
96 343 375 387 428 551 669 883 912 988
170 249 446 462 658 680 920 935 938 960
288 350 436 438 497 668 696 699 722 858
6 26 35 58 60 125 306 458 899 982
42 133 136 222 420 598 676 677 715 720
196 260 303 370 463 468 645 733 739 934
176 274 397 412 628 655 673 728 911 924
247 252 286 342 426 572 625 720 733 965
166 282 345 379 380 399 517 591 662 712
40 73 252 377 638 642 674 748 774 920
14 106 116 208 309 499 538 681 740 794
49 104 205 274 411 500 550 939 954 981
36 229 272 277 484 508 741 766 846 956
205 229 334 376 454 632 889 911 927 932
240 326 397 538 541 836 895 921 950 966
27 51 185 270 347 417 446 511 652 675
90 143 177 290 391 443 644 656 933 950
71 77 149 254 362 390 545 629 705 962
151 183 303 365 419 535 560 761 844 998
72 159 313 397 398 489 622 802 843
72 273 294 307 396 454 465 573 703 948
127 179 335 359 418 631 675 686 865 889
63 320 323 398 483 620 690 699 776 942
49 269 301 303 322 605 718 727 853 990
55 269 384 415 485 540 844 913 986 990
33 115 124 246 267 303 460 560 642 880
10 38 47 159 202 245 709 845 870 938
38 81 107 197 214 366 394 432 612 901
146 374 440 555 675 724 819 856 939 964
152 172 185 249 463 510 647 671 869 897
37 44 73 76 191 383 436 537 824 940
94 121 140 515 565 586 696 776 911 959
118 190 270 295 420 540 652 724 834 976
29 98 203 227 233 317 322 425 493 662
98 247 459 468 534 567 638 659 764 835
196 216 240 341 464 485 713 788 875 904
142 186 400 413 554 599 673 707 831 995
27 95 289 315 453 491 492 634 651 910
173 179 216 257 549 590 662 799 969 999
9 298 321 374 585 708 795 912 946 947
133 179 259 530 552 709 731 794 800 873
21 28 315 394 454 468 595 665 821 839
129 397 429 482 551 552 589 600 784 990
90 98 267 513 810 823 862 928 931 941
229 241 253 269 272 448 636 686 717 926
337 364 541 595 635 641 697 722 933 998
121 188 291 388 576 716 775 780 803 943
66 103 177 417 528 742 832 851 927 937
152 157 168 386 541 636 732 787 823 866
25 59 114 256 430 459 833 872 960 989
57 75 263 368 642 692 768 829 841 860
83 156 184 339 535 716 760 838 957 976
61 95 165 364 415 562 745 782 965 996
470 563 572 649 714 721 785 791 945 946
21 166 176 407 499 543 826 838 865 911
30 314 326 336 415 447 675 723 878 890
11 42 114 230 295 377 438 563 594 799
13 55 246 341 369 381 492 757 951 976
146 175 208 280 285 321 342 499 563 747
121 187 329 344 472 520 536 810 821 940
422 483 487 539 572 743 779 806 846 994
105 191 255 482 498 740 905 921 972 1000
16 79 88 152 293 314 355 668 691 784
14 44 74 102 346 591 704 878 894 972
153 228 291 298 391 501 519 570 662 664
5 118 270 273 357 648 807 835 879 956
50 71 88 190 200 489 501 522 569 887
65 89 149 286 343 359 444 736 766 993
24 278 303 384 472 532 773 892 913 939
57 78 151 304 374 689 778 937 967 991
145 351 479 584 672 691 692 762 768 944
165 184 248 459 498 682 684 712 878 969
33 227 238 290 576 854 856 871 956 962
230 243 327 436 497 518 580 733 853 987
11 70 166 279 319 636 702 766 904 949
17 27 286 289 347 426 470 495 758 864
22 198 265 396 432 459 488 534 754 770
33 195 350 619 682 823 827 909 999
9 43 121 430 468 537 621 901 962 985
204 319 369 386 396 458 572 925 962 983
38 77 118 162 325 488 649 736 754 825
128 244 352 353 464 507 518 575 894 900
79 140 164 258 311 381 582 627 697 769
88 227 307 552 557 596 728 757 885 977
26 31 41 124 135 189 300 532 688 896
114 242 276 585 689 742 748 759 913 984
29 68 132 153 315 345 352 377 593 649
118 138 259 341 516 622 641 822 908 1000
23 53 104 332 376 546 724 744 936 1000
43 49 131 137 293 331 413 562 693
233 415 585 625 631 669 682 688 695 766
59 333 364 388 446 556 652 793 803 971
151 176 184 244 250 365 449 532 678 918
140 250 292 346 523 624 681 737 812 836
30 127 235 252 340 586 616 745 753 790
202 325 381 393 549 568 640 770 838 855
7 86 204 307 353 380 808 847 880 970
67 168 186 226 320 358 503 633 721 743
75 183 212 240 396 407 485 623 812 823
226 252 260 316 389 467 493 677 847 951
85 259 316 473 489 647 822 857 900 991
259 268 338 468 528 555 615 645 777 957
55 62 73 201 255 384 426 529 696 899
146 200 253 385 386 404 480 689 865 927
41 160 163 248 260 447 686 789 926 929
49 138 202 287 407 665 671 935 981 982
65 75 86 219 566 658 774 896 997
144 145 190 202 214 233 335 342 453 457
27 137 297 368 628 669 736 826 870 882
150 240 336 370 425 460 534 650 939 955
152 176 270 347 418 426 677 731 908 967
206 246 334 405 417 441 521 522 734 981
77 82 404 493 527 566 628 686 792 928
104 326 356 413 615 701 736 797 815 982
14 15 208 224 264 490 527 549 832 883
35 70 165 199 265 370 384 819 853 975
111 204 304 510 597 807 856 859 917 942
56 159 209 318 505 545 580 591 658 778
16 140 166 254 263 333 342 468 920 933
100 291 351 617 661 672 898 906 915
78 79 130 178 187 587 674 675 810 826
23 44 81 563 605 636 647 648 823 999
151 200 227 274 319 417 491 584 657 908
138 202 244 255 346 574 695 696 932 934
36 38 53 60 209 216 444 594 702 766
22 55 89 135 173 223 302 583 606 913
235 256 279 303 447 566 746 803 847 943
216 295 344 368 428 463 557 635 684 836
52 86 122 254 259 864 911 916 930 946
175 261 396 591 606 608 676 828 876 985
266 369 506 540 799 889 895 944 973 980
220 469 524 651 685 737 864 909 914 944
1 60 175 243 321 372 408 431 481 991
106 308 397 512 520 558 651 666 736 934
75 197 264 434 657 727 734 749 753 1000
55 110 273 519 606 681 762 775 827 890
4 248 428 513 702 790 817 825 989 996
57 102 115 153 165 221 465 507 546 780
68 103 123 225 259 378 541 623 675 695
5 21 421 438 620 686 770 900 912 994
6 104 107 246 355 366 384 406 683
174 333 374 466 572 588 623 828 830 841
76 328 404 567 580 683 759 824 869 933
67 85 101 185 471 489 556 584 690 974
56 64 136 333 371 528 645 686 741 995
113 230 378 446 589 647 658 752 830 991
218 361 364 405 460 475 549 682 884 973
374 407 564 652 745 746 857 917 932
124 322 422 456 579 627 679 761 857 997
4 112 120 590 729 792 836 857 858 893
54 87 93 121 236 322 651 776 868 926
99 124 217 219 273 372 480 519 741 789
90 102 221 287 509 528 602 778 810 969
23 100 354 373 497 534 551 805 883 944
47 201 235 286 353 450 548 591 772 827
22 83 229 323 532 715 761 805 820 981
88 148 171 245 446 522 599 669 847 874
147 309 468 494 555 731 861 955 958 993
85 155 166 413 598 599 652 705 744 959
328 514 536 558 564 584 750 773 958 965
71 108 224 273 409 527 779 789 830 841
43 53 321 338 379 601 683 812 925 953
120 137 190 321 375 741 743 765 848 868
54 180 337 343 397 518 667 669 808 900
50 199 205 273 320 416 467 760 899 907
49 194 259 308 515 545 769 818 910 913
122 331 390 530 532 613 677 724 798 834
254 289 388 528 623 687 841 892 908 909
237 243 347 494 519 610 679 812 866 921
48 69 203 290 347 434 779 797 856 954
220 246 281 502 505 557 620 838 904 998
61 117 238 361 452 555 592 745 817 853
123 239 351 426 468 557 653 778 862 911
158 173 396 399 486 594 605 631 718 905
511 623 645 765 804 831 883 919 976
103 241 342 372 395 483 533 674 865 886
31 40 100 347 432 437 634 697 790 933
42 218 224 292 407 535 624 651 771 940
81 101 305 361 374 386 493 727 768 991
37 133 271 477 494 652 861 885 900 912
79 89 128 142 171 429 455 740 767 813
36 42 49 89 366 464 874 893 937 958
21 29 132 229 513 654 714 790 879 913
105 228 296 382 386 483 798 848 862 984
1 82 128 174 355 482 581 692 748 798
47 118 182 260 412 505 640 709 728 868
152 160 250 350 474 482 545 667 800 838
246 274 355 412 416 491 764 791 942
76 91 187 282 525 529 653 730 743 749
9 258 309 439 579 722 755 881 921 957
261 274 304 462 631 800 858 863 936
18 29 59 287 501 567 624 715 901 920
111 121 172 300 412 419 664 744 909 923
89 117 273 305 366 391 539 931 961 989
39 157 259 303 322 364 576 859 955 980
101 143 184 346 362 446 468 622 947 967
134 240 353 561 594 658 733 761 798 844
13 181 379 409 524 562 596 700 753 967
69 298 346 405 703 714 750 805 849 933
21 51 119 228 273 579 634 664 968 979
60 82 250 389 537 564 629 661 738 780
280 371 381 439 494 556 628 673 906 949
59 110 494 514 557 676 726 784 946 953
39 104 423 479 507 543 574 611 674 892
10 60 99 113 255 678 798 813 842
13 84 188 257 363 494 507 835 864 866
1 209 264 281 446 476 593 630 765 972
55 139 154 340 344 441 457 529 625 894
121 134 195 376 555 649 653 731 875 883
53 215 324 383 467 480 677 682 807 982
31 62 279 290 317 485 529 648 685 963
165 227 233 337 352 423 501 522 564 773
88 268 310 362 401 541 602 735 911 965
11 79 208 251 377 556 600 659 702 961
14 34 124 200 274 279 390 752 772 882
123 356 366 439 512 688 696 713 863 974
15 43 231 334 368 504 771 809 863 911
5 20 113 234 403 506 543 565 760 780
125 186 319 373 426 587 756 769 897 936
71 261 306 324 414 523 607 645 844 912
391 455 456 521 617 768 805 860 925 964
144 206 357 380 460 465 475 476 826 829
88 101 249 470 568 632 790 800 959 960
22 63 332 359 479 622 854 874 926 1000
122 133 166 191 361 483 538 548 666 669
76 111 332 412 477 693 801 823 906 982
155 333 402 563 655 722 763 781 884 889
137 150 413 562 667 738 769 853 871 920
40 268 471 650 752 847 893 897 957 969
98 327 625 658 695 710 714 751 774 819
78 308 409 513 640 784 797 803 969
198 238 452 522 591 806 896 907 963
45 185 190 233 234 516 557 648 717 797
23 97 103 201 221 331 622 829 986
37 333 467 481 577 581 718 750 917 998
35 78 125 323 549 628 837 888 897 976
301 460 473 552 614 663 689 706 873 958
161 352 414 487 530 575 869 917 981 985
57 69 352 505 620 637 732 737 857 965
12 170 542 657 703 715 898 952 958 989
94 111 120 277 322 357 522 591 603 975
116 303 414 456 644 774 830 877 955 975
130 136 359 449 576 582 675 687 690 765
83 140 503 520 553 666 724 811 827 837
21 211 231 254 318 433 542 625 653 813
404 462 611 638 683 752 761 940 946 980
48 139 156 164 244 472 626 696 733 743
76 200 349 484 485 605 711 790 913 969
132 148 209 245 248 302 377 548 574 780
127 199 221 240 355 378 395 719 917 938
157 186 225 351 508 537 584 710 774 818
7 27 50 269 333 526 539 808 837 970
105 347 422 524 534 557 626 695 714 986
75 113 173 232 303 369 478 749 922 974
31 65 178 277 420 480 499 643 696 773
86 329 335 373 420 444 481 605 881 981
105 221 329 432 524 572 796 884 960 971
45 68 240 311 458 569 693 786 835 838
169 443 446 487 549 636 646 799 891 971
211 458 520 663 725 751 851 898 981 994
95 150 162 207 406 557 604 683 754 948
62 309 404 536 593 598 623 729 771 861
101 268 292 436 513 599 690 772 906 978
91 173 233 346 438 508 524 794 867 869
70 185 262 280 372 411 551 577 776 825
84 134 163 355 405 448 559 624 658 934
115 155 244 381 521 685 839 840 955 977
80 177 331 336 416 476 620 809 964 991
79 133 190 275 285 407 588 702 914 923
308 401 427 449 607 718 785 793 811 997
163 173 199 344 446 486 635 696 700 784
3 144 193 228 358 491 521 807 962 973
48 71 189 237 585 594 711 851 888 940
158 422 456 532 558 597 731 875 902 948
67 203 454 575 666 701 848 909 931 975
113 180 271 373 492 528 797 934 947 975
25 68 385 554 555 701 759 912 928 939
31 130 181 421 701 832 838 861 897 935
21 103 239 391 405 520 577 773 929 957
24 59 66 317 413 436 441 640 868 956
27 200 332 387 471 485 648 758 844 982
68 132 154 218 408 416 557 574 875 948
209 271 389 449 478 643 687 692 825 927
133 164 204 331 522 612 689 894 968 995
48 200 223 232 463 563 643 759 827 917
123 379 619 672 717 757 789 809 903 929
21 179 214 347 435 457 563 733 734 815
14 68 87 145 169 257 430 445 668 725
123 390 392 577 648 706 762 784 807 915
20 54 165 216 283 291 294 717 820 939
30 321 376 449 513 524 682 769 817 929
129 140 297 354 414 515 574 784 816 906
88 118 404 452 635 717 725 835 870 950
148 203 220 221 406 581 611 637 776 987
57 75 369 399 453 497 566 841 866 874
58 121 141 157 218 283 349 410 537 986
131 196 204 335 567 573 703 712 913 939
33 35 282 325 357 505 551 588 765 920
82 221 303 312 440 463 508 536 722 810
91 159 187 267 287 339 771 900 933 940
18 19 416 486 533 643 709 793 797 934
230 286 304 356 481 499 601 856 892 931
79 255 341 361 383 621 763 825 857 918
9 40 50 174 249 292 390 526 756 909
31 240 268 395 478 551 564 579 740 924
36 224 248 443 571 681 685 695 776 855
14 318 353 385 518 519 661 711 714 793
300 323 480 490 507 595 812 857 869 981
411 595 596 604 606 768 806 911 916
241 278 306 349 465 566 677 823 837 898
48 51 104 154 227 585 626 726 822 979
17 87 108 476 646 659 663 682 696 990
21 84 92 163 237 358 557 645 716 911
75 264 301 424 459 704 753 819 854 1000
157 259 331 509 677 761 866 872 960 982
90 136 305 435 505 581 741 892 915 925
10 149 294 377 442 523 712 728 952 990
118 199 288 330 558 638 664 667 777 971
48 168 231 249 343 406 613 728 919 956
142 182 247 248 500 792 949 950 952 978
53 249 444 620 648 678 747 789 840 892
41 71 91 130 228 346 351 384 994 995
165 264 266 398 699 770 778 823 888 981
153 217 250 290 456 517 642 712 844
24 146 181 196 306 334 351 372 861 941
105 112 204 385 410 583 701 764 935 957
65 230 247 267 287 301 847 853 919 985
92 169 335 408 460 571 721 839 846 874
102 175 231 239 424 432 580 743 814 998
44 490 510 516 543 664 665 796 884 991
46 146 219 245 311 559 874 905 941 966
7 222 362 441 584 781 880 892 938 983
144 160 271 433 518 579 616 678 764 905
65 207 287 391 482 597 646 928 967
131 162 265 410 415 515 572 584 771 995
52 82 140 206 351 405 585 734 809 935
85 117 181 186 204 337 585 750 753 769
146 179 295 412 442 455 470 539 901 924
85 107 192 207 213 288 383 404 890 970
5 386 399 531 550 601 612 738 788 935
153 163 221 387 435 442 503 663 762 956
239 314 345 391 668 708 772 789 803 943
26 47 184 359 382 416 491 511 514 703
18 37 329 484 577 725 790 923 946
39 53 97 170 208 299 426 562 907 965
19 74 205 211 364 411 458 551 658 876
7 11 176 219 334 361 573 634 793 941
228 408 506 614 695 757 822 842 853 948
118 131 133 160 246 420 728 825 914 965
88 329 345 399 462 611 649 748 820 884
60 162 169 170 377 383 389 602 809 813
160 202 315 345 499 629 728 733 760 923
214 245 276 336 659 695 780 821 977 987
69 199 302 470 492 536 543 724 751 941
203 408 438 558 582 612 686 699 799 803
112 274 380 398 513 658 863 869 925 963
113 145 156 211 282 469 633 818 945 995
256 320 432 558 562 575 595 602 620 893
1 151 269 364 379 385 461 598 612 831
18 199 342 447 748 803 827 863 948 971
30 148 239 400 517 537 551 828 936 997
9 159 186 244 252 414 491 700 759 780
107 168 169 175 204 282 459 564 637 823
110 124 172 199 245 322 445 488 529 804
4 24 141 156 285 290 340 562 565 809
43 78 176 514 789 821 849 869 902 942
91 446 500 545 629 732 760 782 922 935
130 161 240 243 267 332 415 587 620 825
49 130 309 449 532 562 578 920 966 999
27 317 389 455 522 530 539 593 605 917
60 196 308 322 384 446 543 665 914 959
42 220 245 283 358 374 811 936 982 999
117 157 183 263 385 567 586 625 630 684
109 121 130 146 181 301 413 714 787 806
28 99 185 334 381 496 647 657 783 813
59 130 268 322 361 486 640 667 693 877
4 37 85 131 237 315 367 466 526 985
47 408 412 463 661 770 781 844 932 967
238 419 466 499 549 553 559 564 752 871
126 155 174 326 510 514 612 643 762 888
17 39 220 360 399 564 691 731 825 943
59 102 173 196 281 499 648 657 804 921
65 117 315 381 414 420 478 673 872 891
123 192 290 352 434 446 554 622 657 998
29 90 115 154 182 443 536 717 762 883
57 79 112 194 210 602 828 881 886 947
75 224 318 364 411 466 508 625 645 910
181 256 288 367 377 466 663 801 899 954
120 198 233 273 338 385 435 505 730 749
2 120 235 239 330 482 684 789 800 842
3 155 164 341 395 502 506 644 668 693
302 303 334 510 553 706 748 792 849 924
23 56 249 330 348 455 583 590 817 984
134 160 391 447 456 534 535 630 643 827
10 42 104 127 149 382 483 660 839 993
141 215 311 392 447 495 596 597 676 743
215 365 422 446 561 661 748 754 769 964
121 129 257 277 376 450 640 681 688 804
17 156 201 328 421 450 629 644 744 963
41 168 295 381 426 444 496 906 907 918
76 327 344 349 382 391 654 693 791 944
32 194 254 261 310 383 487 532 775 880
13 69 130 285 491 494 667 708 793 899
187 271 350 483 485 504 667 703 778 788
10 29 155 210 306 388 722 779 805 826
61 75 84 255 342 350 406 463 566 943
135 371 374 406 408 502 657 830 976 991
13 50 210 388 404 471 631 724 771 987
54 55 143 189 286 657 713 792 936 972
11 160 308 450 457 633 670 772 896 903
21 159 169 172 259 388 440 534 672 947
80 247 283 300 364 715 778 850 854 890
168 171 348 436 446 729 780 869 928 948
359 415 460 576 717 747 783 812 936 983
87 167 260 363 421 594 596 771 881 899
43 271 353 484 487 500 560 802 833 929
260 319 342 644 688 790 791 911 951 983
94 96 441 614 702 860 871 899 936 986
77 195 202 318 362 413 433 794 799 944
167 314 341 510 723 769 775 795 827 849
67 218 274 313 323 490 639 831 892 904
60 151 249 265 293 432 498 581 656 833
5 35 76 418 537 615 879 902 948 950
58 68 121 181 360 391 437 506 583 712
116 133 162 271 376 430 455 883 956 985
83 269 281 380 615 675 706 813 862 901
252 298 332 389 458 622 685 689 759 968
211 325 376 420 433 459 504 589 661 762
23 381 455 457 484 491 668 777 855 929
5 117 196 212 345 578 679 797 828 871
148 185 323 357 546 591 648 720 842 993
28 130 478 547 602 604 624 771 860 936
27 169 307 348 393 438 508 530 646 946
25 61 99 253 283 306 521 701 930 959
22 136 151 165 233 267 291 576 823 833
30 113 172 203 281 357 442 566 707 964
31 125 169 184 235 466 664 713 715 749
88 224 255 526 556 644 798 799 817 941
46 124 166 431 637 642 652 722 804 883
2 210 253 336 453 531 721 738 768 803
25 32 49 257 298 588 623 775 825 978
41 189 247 291 379 494 655 790 919 952
81 90 133 141 184 206 681 703 741 909
33 356 379 401 477 502 530 585 639 856
158 247 300 307 320 392 427 573 617 922
75 102 134 148 150 209 448 763 923 983
21 54 219 221 333 382 523 808 852 938
15 64 131 256 320 423 425 479 597 984
8 30 87 108 125 260 272 588 589 661
37 113 351 376 396 506 625 657 916
45 164 189 197 332 358 442 593 685 842
44 239 326 374 633 663 765 854 918 945
301 399 430 561 577 671 695 914 927 939
59 266 465 466 633 907 928 936 998
125 297 372 573 579 633 647 876 940 977
21 312 386 419 629 644 777 791 812 938
160 219 320 374 460 670 718 768 881 891
8 19 73 98 342 347 470 516 938 965
2 20 46 66 77 230 241 333 410 420
8 34 130 221 226 259 303 475 622 719
157 215 387 480 567 658 709 773 878 889
93 94 152 231 289 329 363 492 702 758
96 268 329 415 541 553 669 843 902 974
37 92 174 270 285 454 564 675 848 878
87 138 191 204 273 461 659 661 771 988
6 35 64 127 284 334 389 622 706 892
9 187 248 270 348 512 563 785 811 975
50 71 199 213 231 729 760 827 947 983
290 325 351 360 457 459 583 617 785 842
132 199 207 378 603 814 835 900 921 952
105 209 242 264 359 425 572 728 779 912
80 109 306 311 338 395 408 507 742 813
47 157 225 555 572 726 857 859 919 986
4 123 153 203 294 478 514 598 794 886
31 72 151 282 457 460 473 485 736 856
127 199 244 300 523 603 626 670 758 979
20 44 65 106 178 576 585 767 921 978
137 158 249 376 507 582 653 660 888 963
19 62 388 584 696 719 744 845 934 943
42 115 267 269 555 567 660 662 791 904
47 177 182 214 561 756 778 849 850 981
24 53 192 203 432 662 737 860 920 1000
28 150 186 307 315 475 679 714 768 857
92 117 192 268 318 445 550 603 682 951
58 84 378 592 662 691 773 910 933
26 70 97 198 247 344 451 513 526 765
57 94 109 154 274 364 371 625 677 985
21 67 136 262 331 603 647 652 808 949
229 463 476 542 641 695 778 780 801 821
29 196 246 398 432 556 679 695 757 809
39 109 301 303 513 562 665 690 863 961
61 247 269 304 515 671 803 821 848 1000
59 101 124 607 608 649 659 827 868 917
17 436 443 462 477 512 574 592 735 956
11 33 161 188 202 208 253 638 820 975
30 31 59 66 105 195 573 600 684 891
83 123 246 330 359 478 553 665 836 905
45 59 71 104 191 309 448 663 898 946
73 101 138 188 297 331 530 618 726 781
30 49 156 170 294 360 479 741 892 978
39 56 205 208 494 512 556 683 689 874
118 146 357 419 474 666 713 723 733 952
133 152 208 275 446 540 649 658 700 755
47 117 340 475 569 573 794 802 996
10 97 202 338 554 701 804 898 916 949
166 233 276 437 478 570 813 881 949 975
253 336 526 661 670 676 704 784 805 947
11 61 113 198 273 468 701 734 759 790
17 40 101 109 118 428 507 802 845 986
144 205 218 299 391 476 507 783 792 835
58 159 160 206 207 276 278 439 733 850
75 217 219 391 451 527 599 736 875
114 229 289 355 409 484 705 710 798 999
53 240 267 582 618 650 710 720 722 748
11 318 327 335 419 458 465 893 922 972
99 118 551 578 665 732 747 826 883 895
164 408 416 424 428 563 690 764 903 999
170 221 319 419 514 622 669 722 908 993
70 106 113 244 312 440 458 601 637 1000
160 264 332 337 491 494 744 776 806 963
70 356 508 598 723 743 815 827 890 975
71 197 198 241 254 417 448 490 564 823
61 235 237 395 458 493 698 745 776 950
157 211 278 340 415 604 660 820 827 927
129 405 592 620 702 849 869 870 871 959
210 283 305 324 385 391 524 632 821 844
260 270 307 410 446 549 558 588 824 841
51 72 172 195 262 268 430 518 612 809
72 183 241 276 306 436 589 599 689 933
86 300 343 399 562 737 802 804 807 912
3 64 162 322 349 487 597 605 756 899
134 332 501 551 585 622 674 679 816 895
153 195 465 520 527 559 666 823 878 949
40 49 58 103 211 234 521 684 728 960
96 140 209 220 249 563 586 759 768 945
22 84 131 223 274 431 823 886 958 979
21 297 305 445 579 669 706 794 809 937
164 170 182 292 308 337 605 665 671 944
109 267 355 402 631 692 797 888 917 972
61 80 203 265 428 454 554 712 854 878
134 342 366 372 596 669 728 772 834 908
14 78 197 419 544 597 834 872 934 986
20 175 219 240 270 295 311 421 889 902
38 176 220 301 355 450 664 922 989 993
9 23 38 251 320 339 439 448 531 921
106 380 482 495 522 573 666 861 905 910
24 118 148 157 442 535 572 682 684 949
15 101 138 139 170 382 737 756 843 896
77 85 180 495 509 577 621 636 744 845
335 349 409 514 577 684 737 755 785 810
41 71 130 193 279 290 387 452 698 903
107 127 276 283 351 354 487 692 802 804
191 249 269 362 396 589 682 683 940 991
1 94 248 366 444 525 822 874 923 942
6 249 371 462 499 573 620 641 911 919
136 326 415 434 476 484 693 741 900 961
77 237 290 327 377 540 781 886 908
8 18 262 287 289 330 331 787 793 958
63 224 394 438 455 719 723 770 850 997
45 49 63 171 279 333 352 539 604 679
5 11 110 241 440 489 797 861 916 945
10 101 118 391 484 539 787 817 881 895
134 184 321 420 717 740 752 869 873 903
2 5 88 138 168 324 803 825 839 904
31 211 524 584 706 758 767 770 899 911
135 386 435 547 555 562 593 622 758 917
7 169 211 213 264 437 452 646 871 891
115 227 234 527 588 673 699 753 787 976
211 242 268 407 727 889 931 938 948 985
2 3 111 149 214 236 475 731 764 858
5 117 325 549 551 745 753 790 813 893
1 56 198 246 257 284 418 586 656 965
124 152 253 285 289 328 376 574 693 738
130 160 244 257 628 750 754 780 801 866
25 383 410 459 562 643 711 729 891 953
17 237 350 494 584 681 798 853 868 986
128 133 232 329 553 630 696 708 738 968
46 66 184 201 242 563 629 656 680 781
56 118 426 443 669 711 759 775 955 992
13 34 108 246 289 384 397 446 463 549
13 98 181 274 624 687 725 778 822 961
75 88 146 476 502 641 755 789 923 975
7 38 54 63 231 518 620 708 729 978
259 322 376 506 641 752 814 831 866 942
114 214 232 622 697 820 844 900 974 990
289 309 483 618 639 679 754 823 930 942
4 9 81 352 505 512 523 599 738 915
9 79 202 269 366 530 587 607 788 867
117 265 283 400 432 538 621 802 855 893
94 109 216 428 488 516 595 758 798 976
83 182 223 372 414 530 565 636 749 901
158 227 297 345 407 418 567 628 974 986
53 89 428 522 538 768 837 925 926 943
89 133 281 420 464 566 586 665 813 903
81 159 181 275 450 471 492 684 773 911
126 144 146 148 245 498 511 565 713 842
7 38 67 92 404 527 539 623 772 783
248 415 522 602 650 833 862 969 981
5 33 78 276 401 556 651 661 731 772
26 42 59 230 462 490 541 737 809 923
150 157 398 433 559 653 700 754 833 964
92 220 246 252 303 509 885 923 934 995
228 312 333 362 369 385 420 530 859 871
39 99 160 284 477 520 588 643 769 902
202 207 271 353 510 555 582 651 757 949
144 178 184 186 261 461 517 550 753 968
48 147 279 334 337 356 529 651 778 798
10 24 149 176 199 352 359 541 553 936
1 19 117 119 130 379 385 476 700 833
238 241 575 589 688 711 877 880 940 952
24 170 225 263 535 555 604 756 826 882
39 130 199 291 504 545 600 712 775 881
182 231 347 356 389 395 531 750 807 858
39 46 47 99 180 335 574 664 873 982
57 94 113 150 328 497 539 603 624 675
53 123 220 236 260 271 354 681 697 804
39 54 73 114 230 443 496 904 946
48 53 270 515 550 606 623 656 889 944
130 289 431 435 483 567 575 812 833 1000
80 126 340 412 418 476 629 761 780 907
55 344 352 360 395 590 625 632 712 929
99 105 170 267 316 328 437 444 751 923
50 91 181 548 594 748 750 789 790 862
95 173 334 339 545 605 684 877 884 935
82 125 175 270 290 304 343 511 550 631
24 179 205 228 396 471 511 542 719 908
210 476 544 581 623 705 708 763 943 994
30 166 269 296 436 475 592 657 701 898
19 154 159 176 398 416 548 582 686 820
67 192 401 422 457 467 483 710 901 987
200 318 324 352 374 426 678 735 845 995
192 234 238 284 305 322 451 518 579 891
89 122 280 394 691 732 800 843 853 935
111 129 143 227 228 303 375 420 860 898
132 183 237 347 375 455 552 585 613 892
1 33 227 303 357 514 546 730 791 909
112 119 137 302 306 427 437 797 922
72 86 315 339 439 578 739 835 859 923
142 212 245 310 539 580 714 740 820 837
331 367 396 482 502 528 564 600 740 839
14 21 206 296 327 467 645 674 755 796
167 176 502 539 721 801 839 871 976 991
63 123 271 295 615 646 666 699 752 961
191 259 329 376 485 610 835 851 955 992
4 257 260 267 402 414 603 733 762 827
277 454 481 511 530 643 662 687 765 862
80 170 184 199 237 248 441 488 539 725
58 102 243 244 493 566 596 756 862 880
9 74 187 231 521 580 750 768 975 984
56 168 196 229 374 629 741 810 874 993
84 123 153 221 408 563 673 743 759 815
381 398 433 437 495 522 554 646 748 800
122 144 146 417 428 494 735 852 869 958
134 362 418 524 614 629 713 793 801 842
2 48 122 213 243 259 284 432 563 740
133 154 456 478 539 592 760 783 815 851
50 379 505 533 558 683 738 799 843 900
117 138 214 232 237 407 425 587 792 932
90 97 169 340 435 477 573 712 856 884
204 243 263 278 457 470 605 858 937 949
144 329 340 461 498 735 923 930 969 976
179 264 298 386 462 609 655 663 718 998
8 68 303 500 509 809 852 898 918 981
54 102 152 430 562 574 617 714 932 956
130 150 295 329 563 592 647 831 896 921
57 142 233 276 351 399 631 793 851 932
25 46 52 154 168 210 215 450 453 719
104 137 332 409 535 619 957 960 961 964
86 249 252 264 297 332 537 823 845 849
59 194 313 603 612 615 652 744 828 952
133 216 441 541 678 684 760 790 850 927
180 182 281 344 388 444 503 542 838 862
34 87 90 267 269 385 662 682 766 893
92 193 227 345 392 762 807 892 943 995
20 91 99 666 693 714 786 845 891 977
52 304 512 538 585 644 671 694 798 856
47 56 61 76 116 156 210 356 602 862
74 234 290 453 462 560 771 920 990 996
3 62 104 297 381 437 498 806 837 959
200 228 251 267 394 448 528 594 620 711
35 110 208 302 315 551 637 698 818 846
189 192 286 396 443 452 506 603 673 899
37 375 434 448 669 851 886 926 986 998
14 37 107 346 506 622 733 835 924 996
154 159 316 364 543 551 586 601 679 895
54 94 128 147 506 516 564 751 790 833
31 103 169 180 195 272 302 449 507 655
252 301 521 632 657 671 774 778 791 899
112 124 163 413 629 691 773 841 872 944
5 8 147 190 277 290 692 832 875 877
65 111 197 274 324 466 472 510 535 588
117 170 214 351 431 433 454 743 814 897
13 115 123 348 352 387 422 572 690 870
285 374 411 506 519 579 732 887 906 957
47 53 257 378 519 613 671 675 688 891
85 170 210 273 346 533 701 744 911 913
70 84 222 416 477 662 694 718 771 984
55 185 233 324 334 491 500 514 612 717
264 362 397 612 616 720 775 849 857 977
51 100 371 482 589 714 751 890 947
29 316 396 415 417 511 564 581 601 899
12 126 188 229 297 404 560 599 853 879
153 273 307 323 442 493 583 924 990 999
128 143 169 176 321 327 347 508 694 985
123 152 181 224 247 421 455 628 712 990
36 113 260 357 478 491 535 845 946 968
61 228 278 366 453 702 772 792 875 905
48 220 264 282 285 512 573 622 906 976
150 179 280 374 438 504 570 590 719 869
9 222 248 513 595 723 791 827 873 952
11 111 214 263 277 511 747 837 889 933
99 232 240 244 410 599 753 818 829 970
231 301 431 483 516 559 580 680 706 760
607 625 630 683 808 824 825 876 896 981
160 215 238 249 585 623 764 780 856 994
6 35 174 202 449 592 774 804 827 837
9 64 110 154 244 456 681 830 951 962
18 91 319 434 449 470 486 570 651 757
129 304 363 376 489 503 648 755 913 921
2 409 460 588 640 675 778 856 861 867
70 147 151 234 312 467 660 672 729
277 335 500 514 528 586 681 814 852 855
22 75 125 176 310 453 514 696 783 860
31 156 187 377 654 665 710 744 755 994
6 37 137 209 311 338 347 355 443 585
81 135 310 372 695 700 793 855 930 942
110 157 233 313 414 466 472 849 878 914
34 288 292 330 348 612 696 713 725 871
129 130 165 259 526 583 618 643 723
167 200 215 314 326 342 634 670 876 939
2 8 68 200 245 335 357 560 935 959
4 86 217 268 289 458 469 520 709 905
245 293 306 347 415 480 526 713 804 963
76 98 176 227 310 346 729 738 852 895
66 342 365 383 384 473 476 752 937 959
265 318 452 562 658 722 847 968 975 999
128 191 260 336 403 473 621 892 928 938
5 37 61 146 277 343 388 409 579 922
89 116 137 138 180 210 265 364 608 937
23 43 51 98 151 199 252 397 444 818
46 125 171 325 501 561 748 823 908 974
186 302 521 540 547 563 600 799 836 978
115 151 254 256 338 689 699 759 772
113 239 311 359 436 764 866 910 958 959
174 481 524 599 665 711 729 853 895 978
96 111 158 297 344 519 701 706 724 916
5 7 104 244 258 461 591 626 761 906
49 80 106 449 636 686 770 855 950 969
23 244 264 352 508 633 767 771 904 991
23 54 124 162 208 325 408 633 724 954
160 318 439 460 468 488 519 656 741 950
118 150 296 302 356 640 791 793 913 922
69 180 191 208 333 353 723 728 857 923
31 296 325 402 584 697 713 859 885 959
86 327 335 487 507 553 658 698 807 996
98 135 284 383 395 444 652 724 946 972
116 186 260 269 337 399 404 537 619 744
17 24 134 347 389 585 622 760 792 917
50 143 236 334 367 509 515 521 564 836
10 123 141 234 353 370 553 562 606 872
30 38 100 331 353 499 619 687 848 965
165 284 325 327 366 410 653 681 933 964
46 47 157 261 568 602 652 815 831 973
70 398 526 666 748 807 854 860 874 944
25 395 427 491 576 712 864 868 936
448 518 522 535 614 776 786 884 937 994
67 116 166 508 536 553 718 807 837 850
232 247 293 473 493 532 536 565 737 806
18 22 358 434 436 700 762 773 820 877
78 167 201 260 686 718 783 871 958 987
54 135 150 825 845 880 892 895 920 963
35 192 329 567 616 634 858 915 946
116 302 618 646 773 779 908 914 948 975
14 52 236 369 390 448 480 595 624 781
304 430 439 453 476 492 549 689 828 840
52 129 204 277 291 418 476 845 860 873
54 183 215 335 340 417 425 595 603 805
159 446 513 517 531 552 634 700 938
25 147 262 456 462 488 685 716 746 880
52 53 85 233 272 431 543 680 682 718
153 236 465 599 639 642 699 734 783 808
68 124 439 447 448 476 610 677 823 893
16 350 385 521 705 715 857 919 925 999
114 115 669 695 797 855 934 936 964 995
40 76 214 282 369 446 795 874 882 985
32 371 452 545 640 707 770 839 914 974
9 16 168 234 271 355 505 542 875 945
193 325 343 398 407 429 592 859 892 910
107 146 309 330 447 479 514 628 747 841
99 128 222 274 601 719 777 845 883 912
129 296 379 395 410 433 586 907 908 991
97 134 223 301 418 421 585 762 794 921
204 207 241 573 675 703 754 810 907 990
138 173 175 204 225 309 357 422 613 725
50 68 88 282 347 587 599 705 776 876
35 83 306 470 479 585 629 816 916 979
39 128 137 365 394 541 637 692 769 786
107 150 156 178 598 669 792 837 938 987
30 32 56 72 85 214 258 299 420 680
20 86 125 250 288 381 494 540 679 756
86 95 109 145 214 271 290 302 519 918
3 127 140 166 356 492 554 879 958 1000
23 156 415 484 532 554 717 847 920 947
2 24 117 322 337 365 377 621 701 771
11 37 107 173 229 279 598 661 687 940
118 125 204 238 284 311 355 358 906 945
229 299 356 525 584 644 803 844 972 984
111 250 257 362 405 485 501 512 629 841
115 155 157 191 362 405 636 791 854 973
139 257 305 351 365 536 555 783 786 929
64 109 260 270 322 571 643 719 787 974
148 243 271 320 342 356 437 581 632 855
278 368 509 614 633 677 679 694 699 877
66 230 328 501 553 612 638 745 854 922
147 396 410 494 520 552 693 695 939 977
89 210 228 310 340 362 366 692 738 826
88 158 160 374 536 564 808 927 962
70 82 110 356 373 478 547 656 865 901
154 249 329 363 485 838 849 853 964
275 511 566 653 702 730 743 775 867 976
71 105 378 394 586 595 673 735 776 800
1 77 83 91 98 252 311 453 557 856
17 150 404 421 436 459 569 580 879 942
136 221 295 357 565 570 607 635 773 859
62 69 81 84 190 199 361 498 657 698
120 276 436 561 570 744 757 806 818 904
24 131 289 320 460 471 599 702 804 948
70 405 448 533 593 599 611 633 867 880
164 171 332 526 579 687 720 732 801 980
35 322 349 377 458 515 742 932 963 1000
9 48 77 117 374 518 735 775 822 917
70 168 250 267 299 471 741 771 812 831
9 76 155 320 574 771 801 852 909 993
151 329 346 616 668 850 862 910 936 998
52 145 168 412 615 687 693 732 889 943
218 239 260 282 306 386 504 505 714 784
6 378 443 470 766 823 861 910 983 997
157 189 260 272 283 447 607 710 842 993
169 360 389 546 551 575 625 663 716 738
50 144 164 189 280 283 469 615 630 999
26 122 137 501 645 670 672 697 828 848
28 38 199 214 275 533 567 584 766 898
16 91 150 266 323 391 422 479 691 939
110 145 212 248 280 293 694 771 820 884
224 285 483 621 634 680 701 852 912 955
82 201 212 216 370 395 545 628 945 992
37 257 347 358 463 661 673 856 933 960
12 87 134 205 289 517 563 641 818 904
43 253 292 531 612 775 818 853 866 935
80 127 269 302 460 541 605 858 902 970
65 107 144 147 341 536 596 612 655 893
74 176 285 371 536 647 767 899 902 984
3 35 338 492 680 754 800 855 918 997
65 124 149 172 386 399 448 547 623 699
260 323 326 399 484 522 830 837 906 922
149 289 363 394 417 578 682 716 727 760
241 373 382 445 651 730 742 748 870 873
49 106 203 228 375 406 588 646 716 823
166 203 418 516 541 648 653 686 806 890
222 345 364 430 432 628 782 830 848 865
55 266 458 484 608 662 782 785 887 936
124 142 166 234 272 356 397 618 642 859
94 270 357 378 444 564 567 647 762 881
15 165 187 229 330 440 517 566 664 816
105 280 305 446 782 804 843 917 923 951
63 293 458 475 513 583 699 869 916 930
24 41 258 379 714 753 885 899 905 956
1 40 106 516 553 626 652 733 866 937
123 162 201 653 682 726 784 798 870 876
183 261 438 527 562 643 758 762 948 999
102 204 375 420 441 492 560 665 720 996
22 94 130 139 207 269 433 528 745 900
120 267 343 402 668 742 964 982 987 995
277 541 671 744 753 811 894 898 974 981
42 60 91 353 354 441 763 823 853 996
157 330 341 347 372 457 529 559 935 977
78 180 428 444 471 506 662 681 819 907
8 245 317 338 447 505 873 874 947 963
62 198 486 554 623 647 735 788 820 954
8 242 279 348 355 403 463 725 830 945
36 47 78 183 317 339 406 608 719 852
187 282 303 462 549 726 806 817 866 944
163 352 430 570 719 727 733 758 766 959
129 261 268 278 505 542 889 895 933 990
214 359 455 464 574 801 879 880 910 984
96 220 252 394 463 484 562 577 721 812
8 136 164 186 285 579 803 873 951 997
41 57 228 377 378 439 486 813 844
3 45 201 243 306 442 477 522 662 830
15 41 159 406 538 802 847 872 892 972
28 83 218 220 278 695 852 864 938 955
208 310 359 489 588 652 694 779 855 922
212 233 273 366 413 512 628 646 713 848
109 265 324 374 409 468 636 657 781 855
12 165 179 522 567 678 713 778 906 916
11 43 46 75 113 140 392 476 794 942
61 82 172 294 405 406 444 487 491 546
27 265 275 631 633 668 693 700 876 992
122 288 364 435 488 654 688 735 846 952
72 174 176 371 403 416 510 525 880 948
223 227 596 736 749 809 838 894 993 995
13 85 204 275 509 536 541 746 807 898
68 127 148 150 348 425 492 656 961 986
147 254 265 377 535 778 908 933 952 981
105 185 217 254 394 474 638 668 925 934
69 247 269 377 451 571 700 707 843 942
23 70 189 214 343 456 489 497 631
35 46 146 420 525 532 696 701 751 863
234 305 354 455 501 619 693 833 976 998
71 202 362 370 427 579 631 674 736 906
80 94 97 311 367 491 502 555 571 936
124 186 201 219 335 475 734 763 929 960
14 20 94 126 294 344 399 422 630 657
117 185 345 456 546 549 600 755 867 898
5 124 341 541 602 718 829 847 891 930
72 103 151 291 363 639 643 689 844 885
132 137 196 340 552 664 773 976 984 995
432 453 494 527 553 597 857 866 942 968
121 306 449 503 581 660 722 876 881 972
154 309 474 496 520 573 943 969 981 990
7 269 325 420 506 568 576 591 593 848
95 103 132 154 287 301 338 374 614 847
308 364 441 448 637 730 794 860 881 939
239 287 305 386 396 715 819 926 983 996
47 190 214 230 368 430 510 619 894 942
57 79 101 485 717 769 787 796 899 955
3 183 212 256 276 326 548 681 768 851
79 82 83 145 250 401 444 480 919 968
18 124 299 302 381 558 652 747 751 884
164 196 199 346 404 607 801 853 870 926
22 114 147 312 422 470 512 665 704 865
14 89 131 291 439 462 536 594 732 875
112 294 331 501 508 543 688 822 921 932
256 414 421 482 532 588 755 792 832 994
19 40 207 400 582 648 687 722 769 843
4 117 130 157 203 432 619 636 691 1000
62 76 246 414 575 605 699 732 765 872
92 240 298 352 487 517 590 616 691 748
10 62 203 350 371 492 692 805 930 996
81 277 410 541 599 793 799 871 884 891
159 184 343 390 457 551 768 893 960 999
12 121 258 518 583 811 855 876 970 975
19 35 129 161 319 413 586 589 718 733
74 103 202 295 360 396 639 668 692 774
20 186 297 304 349 353 413 611 711 733
175 334 399 406 543 664 839 851 860 985
116 160 279 283 373 496 628 831 910 922
11 63 147 156 506 511 581 583 951 983
71 76 82 123 139 351 378 380 469 584
105 168 327 351 626 697 712 846 853 868
151 179 240 249 329 341 416 457 777 957
99 115 313 395 540 606 654 669 711 985
200 241 253 261 313 324 553 867 883 974
32 122 123 267 549 664 820 828 833 979
20 163 189 296 366 379 491 721 917 927
72 80 108 135 210 211 345 420 925 954
167 194 327 364 385 402 494 540 824 874
46 131 263 358 402 725 804 900 983 997
393 435 491 829 884 910 958 977 980 983
300 329 467 549 561 619 625 743 838 954
66 225 233 257 472 523 524 615 925 991
93 357 433 435 455 586 679 711 835 904
63 270 297 318 347 360 455 663 713 874
16 74 349 520 828 888 917 972 974 987
184 186 233 319 343 392 932 944 963 988
187 201 311 431 616 730 783 845 865 951
135 170 318 350 365 577 583 749 775 862
368 467 592 626 630 651 678 705 799 874
24 129 215 455 570 609 670 686 744 957
101 266 310 313 406 424 603 721 767 775
9 39 250 342 370 371 703 887 895 967
4 11 289 392 546 637 654 682 689 707
4 54 85 488 734 798 805 866 880 893
71 143 185 232 296 378 545 787 874 949
59 130 337 419 441 532 565 731 735 820
6 40 79 96 170 189 439 591 797 916
2 49 51 152 294 305 466 573 622 968
46 174 202 326 362 761 795 839 841 967
126 413 516 563 726 727 788 839 885 913
293 302 342 379 439 697 724 790 855 942
91 124 209 272 402 429 485 488 502 772
64 73 164 275 358 577 770 823 945 996
100 179 367 370 493 564 574 812 919 999
22 89 175 185 234 422 455 731 762 870
13 117 144 149 152 164 369 533 856 1000
7 67 403 411 631 665 690 696 786 845
97 295 304 453 531 615 659 785 848 975
103 165 172 196 495 590 672 723 741 791
41 465 489 660 714 748 780 912 939 999
26 47 271 402 523 598 664 695 895 919
8 121 242 374 377 393 434 688 788 845
23 583 614 747 761 849 896 946 951 955
50 225 249 376 386 535 545 610 734 873
31 32 120 355 412 415 798 863 924 969
30 73 123 139 171 444 647 720 816 855
57 208 270 330 419 624 644 677 721 768
66 81 83 205 389 496 596 625 842 862
196 254 336 442 500 557 859 891 952 985
18 125 356 371 470 618 763 932 969
124 208 302 320 521 597 747 834 931 971
164 348 411 491 603 691 719 780 826 977
254 341 355 357 440 615 718 763 801 839
32 149 245 293 523 543 595 744 931 995
47 174 207 208 376 427 596 781 796 853
27 72 119 153 342 363 446 591 956 988
146 165 343 388 453 459 540 556 916 941
60 184 334 532 570 587 632 674 678 866
41 79 252 580 676 763 784 794 799 913
56 62 188 258 710 789 825 878 881 899
197 280 342 449 547 613 619 836 924 967
83 129 256 464 685 734 737 803 880 978
56 155 166 321 684 716 878 933 952 960
3 31 141 290 506 532 558 562 637 658
10 59 67 199 311 416 502 795 898 950
8 76 180 304 362 595 611 845 969 988
46 231 338 516 559 759 875 934 979 981
116 445 509 522 591 607 650 831 949 972
77 229 254 411 451 498 540 836 973 984
40 106 209 241 268 307 421 580 677 734
11 158 196 222 433 547 654 790 807 997
4 82 115 219 323 399 511 592 788 962
98 129 228 256 325 367 411 452 815
86 110 257 339 536 716 730 824 965 995
50 155 206 212 291 301 378 824 915 967
12 75 249 305 322 506 773 782 822 946
15 118 156 237 280 302 645 893 904 988
35 163 316 366 381 427 456 468 508 711
602 708 722 817 829 907 960 986 993 1000
9 231 269 373 401 457 485 521 675 721
390 408 464 474 533 733 740 816 931 978
50 123 145 271 374 456 628 776 816 864
51 115 282 440 495 513 533 890 919 972
24 92 124 287 393 406 431 570 691 693
136 259 382 450 666 717 749 764 795 992
521 538 548 596 647 708 713 725 751 983
27 79 141 158 332 438 529 578 829
53 131 283 396 473 504 645 703 777 836
134 188 214 515 524 557 570 592 808 838
39 98 129 133 242 325 439 451 844 989
24 62 83 130 150 356 445 592 766
188 248 285 290 458 543 585 777 867 934
43 151 191 343 354 534 835 856 868 953
10 11 61 88 166 452 854 888 927 999
37 122 381 402 431 509 540 613 719
134 528 546 561 623 652 750 803 842 915
86 106 182 436 482 595 883 937 951 995
30 133 277 278 434 462 498 531 716 886
338 439 484 582 584 641 759 827 862 944
37 113 253 313 368 683 730 918 963 987
10 168 226 518 523 579 633 715 893 922
111 131 195 220 405 529 549 595 840 886
122 234 346 366 415 462 490 520 648 704
81 206 428 571 598 606 740 761 892 955
94 105 291 322 389 513 549 819 861 951
149 219 222 240 269 433 458 510 939 952
112 144 326 560 640 650 824 906 925 994
115 261 270 405 611 625 655 780 819 864
46 167 324 553 584 592 734 907 935 974
19 161 174 370 432 538 542 567 653 809
214 240 264 270 274 291 610 832 840 995
33 52 73 317 503 686 778 866 948 984
56 107 253 284 389 443 654 680 690 866
120 141 160 192 214 233 400 438 820 911
42 99 135 166 259 284 615 902 931 953
13 65 131 151 209 355 531 581 613 836
128 277 379 438 441 459 652 676 834 912
4 107 110 323 392 420 439 552 817 979
60 184 406 606 679 746 812 902 922 958
116 405 544 592 644 759 845 898 925 989
299 305 376 476 513 640 732 738 785 907
149 229 270 275 281 367 505 609 771 966
27 35 222 329 363 661 701 724 838 840
21 31 95 120 334 491 558 649 915 963
34 106 130 149 310 326 367 461 473 522
57 81 172 267 414 451 532 585 646 992
292 455 484 637 729 756 758 851 860 979
104 315 500 557 654 771 841 843 874 904
403 420 464 488 715 783 804 806 920 924
43 225 401 599 644 695 725 753 777 995
168 176 296 490 589 635 775 849 892 973
219 372 388 441 699 758 802 839 844 955
23 75 184 328 345 564 620 840 856 901
52 72 187 536 682 775 807 869 922 928
134 150 197 353 561 668 808 922 982
36 37 38 90 473 493 593 756 798 981
125 174 342 391 455 498 623 716 906 932
164 188 382 442 465 620 697 712 736 864
124 183 215 238 285 473 640 709 762 813
97 431 488 551 557 644 822 840 891 917
307 477 490 512 533 636 668 686 749 793
44 45 101 274 353 439 671 930 933 964
43 86 117 123 231 275 382 520 876 913
95 115 309 337 371 389 509 615 757 816
182 186 426 512 613 671 791 968 996 999
56 57 185 283 295 330 535 567 756 884
88 272 349 597 631 871 909 922 964 993
54 148 227 267 316 515 730 852 945 981
25 45 54 272 343 474 518 561 609 725
155 218 271 307 454 544 725 801 932 953
123 141 179 182 551 581 644 713 794 915
302 481 482 605 646 721 845 857 971 992
50 95 229 307 376 379 398 561 884 905
12 19 210 329 375 403 498 672 722 955
165 220 273 284 375 754 849 881 901 928
23 140 163 221 309 455 741 937 948
109 202 259 381 474 490 846 862 869 900
57 58 76 172 183 221 355 378 595 635
4 39 56 138 166 254 408 610 858 918
57 101 170 311 513 525 708 907 935 985
33 69 225 305 489 505 639 788 829 979
20 327 389 439 447 607 881 935 968 997
30 44 152 360 455 538 599 677 883 894
121 361 465 472 489 556 558 690 693 792
29 311 396 427 465 527 592 695 867
12 461 590 759 782 846 853 920 946 948
49 115 137 375 395 584 588 684 708 848
195 310 420 485 506 631 643 724 753 965
135 168 188 223 312 383 435 531 742 945
13 114 140 232 428 506 552 669 843
28 335 454 553 606 717 828 860 914 920
47 230 288 494 604 665 712 895 937 979
143 153 238 255 313 356 483 544 920 944
160 273 400 416 492 817 906 952 968
139 198 224 240 253 404 490 539 674 877
20 91 100 253 433 446 595 666 800 873
176 286 452 475 485 653 661 699 949 952
48 114 162 332 348 397 511 521 777 842
7 68 121 437 572 680 755 838 839 887
80 258 260 406 438 446 555 637 733 760
95 135 141 226 247 318 504 826 836 952
35 206 216 266 455 644 719 799 857 885
70 244 335 678 681 794 795 803 807 1000
184 416 497 526 560 631 724 733 833 928
28 34 52 146 544 785 814 913 919 926
138 206 270 361 378 667 712 784 793 988
17 48 188 420 450 513 563 659 840 947
307 341 447 533 657 669 703 706 891 938
72 82 186 344 484 590 602 776 904 950
142 320 489 502 509 576 589 648 678 691
143 255 306 375 386 488 627 653 664 725
134 171 221 320 408 441 558 689 847 906
174 176 356 368 488 521 655 693 839 899
48 93 218 272 460 536 561 598 604 968
36 153 187 196 275 443 451 776 813 911
116 196 206 482 534 633 683 902 915 936
185 230 325 353 428 501 545 646 799 947
223 267 376 424 498 622 691 818 855 958
4 82 332 435 441 527 789 801 922 993
54 153 314 565 572 600 615 755 933 982
20 73 190 286 479 500 566 568 848 928
49 85 152 187 191 466 534 652 659 989
177 215 262 564 601 607 702 743 804 861
58 267 307 431 486 708 782 795 944 996
102 104 191 216 502 521 557 813 881 986
28 43 101 116 159 233 497 793 845 951
236 274 290 295 296 301 304 545 591 932
102 277 283 397 496 677 701 860 862 888
130 433 452 566 664 682 831 867 905 939
4 251 400 424 704 711 744 892 985 999
15 51 59 151 261 316 388 574 821 985
16 41 204 215 254 369 738 916 963
97 171 365 376 438 628 769 839 846 971
6 61 70 73 229 317 718 844 896 946
21 56 147 215 224 273 375 528 714 868
51 82 392 516 533 541 589 653 684 707
113 124 179 306 341 506 557 751 754 886
21 131 154 374 429 468 475 532 589 858
36 72 164 325 504 521 658 695 810 906
1 267 326 385 619 658 799 883 972
108 227 303 473 631 648 846 856 917 937
131 236 417 554 631 654 677 733 845 881
71 184 194 220 302 394 747 814 849 906
30 36 213 477 559 619 711 768 871 911
56 101 193 243 299 495 578 712 859 882
14 60 61 203 526 562 635 700 834 886
350 358 430 483 535 587 666 851 881 992
159 198 300 418 507 740 785 912 947 958
107 163 192 349 451 468 623 695 743 819
56 217 247 255 466 597 822 833 894 896
34 219 360 373 545 645 685 865 970 980
6 35 263 451 459 466 629 662 963 987
77 94 113 138 163 421 630 751 819 880
50 321 456 490 544 547 705 897 930
65 91 206 256 317 340 380 495 516 918
11 80 107 162 613 646 812 841 933 967
50 95 233 298 319 326 420 423 572 891
37 42 275 366 387 632 652 865 867 869
85 137 227 232 541 627 648 706 805 979
38 195 267 405 428 470 715 759 958 977
51 128 197 210 369 388 400 458 464 738
248 311 313 372 485 498 623 658 802 948
80 198 214 424 436 624 819 861 954 955
357 429 456 461 472 558 655 866 889 975
139 173 403 533 539 546 639 708 715 865
103 177 256 264 403 575 687 692 883 966
146 154 207 472 618 661 681 735 847 989
71 92 123 183 350 381 797 839 901 919
61 142 160 195 391 406 572 699 777 861
260 405 474 530 689 690 722 735 763 944
120 165 181 390 574 659 837 838 877 889
27 135 289 347 366 373 504 670 715 840
113 118 178 597 612 682 797 846 961 985
52 160 168 254 334 657 794 842 910 994
47 53 127 328 415 609 660 792 869 893
52 254 558 595 625 685 690 794 833 857
109 116 126 281 430 525 643 942 973 996
110 140 512 537 649 668 669 786 793 919
116 148 354 474 604 640 751 774 895 965
200 241 339 352 364 479 487 572 621 814
116 385 468 526 788 808 841 873 900 977
7 104 150 182 333 600 733 875 959
19 45 70 71 133 465 482 536 704 922
141 346 574 689 718 758 802 823 882 976
131 156 184 220 237 347 404 543 584 823
4 153 216 217 324 363 416 490 605 860
110 266 302 346 464 577 717 767 938 956
53 294 318 563 742 766 866 872 901 976
239 257 363 385 477 571 592 806 883 996
88 183 287 293 385 511 603 665 700 829
91 129 257 305 360 580 590 655 730 764
239 263 267 331 351 403 431 666 846 898
26 83 164 267 273 373 483 733 891 994
92 259 357 468 545 556 687 701 745 968
322 455 486 519 546 634 658 696 757 865
137 193 210 226 534 905 933 963 988 989
127 220 275 326 471 732 793 822 838 924
109 111 172 366 484 583 591 764 890 948
60 161 251 303 372 499 501 643 767 917
27 92 185 314 318 515 562 678 892 925
7 71 204 225 396 411 536 598 761 762
49 141 392 400 422 469 638 802 830 851
18 117 161 165 436 551 580 761 926 948
19 108 114 118 175 195 547 550 714 836
15 207 345 359 367 546 667 747 837 859
125 183 338 399 411 419 608 773 928 948
147 154 417 490 504 507 553 573 717 868
148 152 352 413 501 513 749 849 850 926
111 369 396 438 488 545 665 750 854 933
109 180 201 506 668 745 835 838 919
67 156 185 249 321 324 344 369 686 985
28 85 180 331 385 578 624 903 944 990
175 339 387 484 750 804 914 919 993 999
25 211 370 394 399 448 728 754 921 948
125 249 319 397 459 477 733 777 944 952
27 36 46 107 530 553 652 692 729 773
23 325 401 475 563 584 595 836 887
71 183 370 465 579 590 635 714 778 810
24 151 178 247 278 510 512 659 702 828
72 305 387 539 620 641 693 737 743 988
293 304 334 342 372 502 598 618 964 989
84 143 326 402 540 543 751 764 775 797
24 134 250 287 350 413 441 565 873 983
18 147 171 296 349 422 463 481 598 738
192 305 402 498 693 712 718 802 811 976
40 90 171 235 339 463 507 711 889 928
1 128 275 323 371 552 599 750 948 974
14 53 235 273 299 404 497 509 602 851
170 242 429 582 741 781 815 951 970 985
212 235 504 509 548 685 693 808 854 857
68 295 420 457 554 698 714 822 974 980
60 102 136 168 364 408 599 600 614 853
38 51 146 208 248 650 716 781 807 890
176 194 218 503 575 615 629 659 751 780
59 199 412 454 503 529 548 572 668 922
145 189 199 218 225 385 506 651 684 994
1 56 240 244 281 434 510 688 876 939
73 303 315 384 415 477 670 712 923 971
86 173 250 317 723 786 813 823 938 957
59 66 95 224 228 292 403 659 715 916
108 176 283 343 419 699 806 823 909 990
202 257 258 278 384 662 788 868 907 932
4 207 237 275 459 550 554 575 755 922
182 189 269 317 509 621 669 855 856 972
114 178 291 296 485 658 676 730 878 986
70 135 200 299 469 485 551 601 764 864
49 82 274 506 634 840 884 912 927 928
133 150 185 262 465 557 684 702 741 774
45 184 210 269 335 420 577 837 855 942
157 172 209 274 377 445 591 881 884 903
218 261 265 568 590 710 786 852 872 973
34 111 121 159 175 310 356 496 587 847
74 242 337 498 648 851 872 958 978
9 45 93 198 267 369 536 582 768 975
56 362 425 441 552 573 581 690 875 976
253 470 550 672 695 732 750 837 847 859
52 140 482 491 537 578 653 730 806 915
76 177 227 339 589 629 708 797 879 922
10 38 82 127 501 545 648 667 730 818
24 33 411 695 759 765 788 862 924 990
152 167 237 260 344 465 468 694 766 800
89 133 453 458 678 718 719 758 759 833
109 147 222 244 622 702 727 761 778 996
78 111 137 370 387 525 562 611 927 977
80 140 198 369 431 459 578 694 961 975
126 181 198 285 459 666 689 709 791 972
68 90 196 222 238 416 510 581 649 958
72 145 216 256 432 467 536 593 695 965
239 258 333 546 743 817 869 895 924 981
14 24 83 134 319 382 436 569 879 964
36 89 166 342 347 388 516 651 826 860
94 200 291 403 445 523 545 636 764 960
129 346 349 420 452 479 517 765 813 814
97 204 428 573 580 639 794 811 875 991
298 357 403 586 607 623 823 897 941 968
54 232 282 315 320 356 382 433 591 847
32 63 103 182 247 569 750 766 840 897
64 156 228 229 314 418 496 511 535 874
172 440 562 599 760 772 773 874 903 918
147 276 354 553 571 600 635 754 871 915
37 116 217 236 500 506 613 772 821 900
133 239 372 460 528 581 588 685 762 791
60 98 110 219 340 349 437 666 676 707
27 407 449 450 485 596 687 812 857 912
28 82 124 214 272 377 385 483 513 993
28 135 334 359 387 413 430 635 862 933
180 238 344 376 392 395 415 757 780 987
297 408 462 484 677 700 823 862 874 970
6 56 219 239 434 579 677 759 861 930
441 442 472 480 716 740 829 869 952 957
30 56 80 272 313 453 471 599 627 739
11 198 225 266 360 375 406 599 708 731
128 204 311 361 449 479 543 641 669 739
52 194 275 315 332 344 408 669 840 879
129 196 312 319 322 357 481 703 847 957
45 98 104 324 384 631 644 725 898 999
17 152 176 193 355 466 763 773 867 974
45 132 235 244 455 479 507 746 919 946
349 359 482 529 663 740 750 875 923 924
27 97 421 546 560 591 747 785 998
70 173 205 388 590 607 803 845 872 908
76 189 223 295 586 602 644 682 873
17 33 306 451 456 478 545 729 819 906
110 208 321 324 580 625 699 716 781 822
13 56 64 140 331 403 502 713 762 771
114 118 353 410 419 502 508 542 616 664
172 194 214 311 314 356 839 847 854 903
103 107 130 206 274 304 306 525 606 735
43 208 222 238 399 677 696 743 876
36 58 177 604 669 672 771 782 803 911
4 182 233 304 374 382 392 736 778 953
15 355 537 587 654 731 830 847 957 984
13 149 179 269 296 446 636 638 824 990
1 210 288 502 530 618 643 692 783 988
57 87 119 260 381 437 665 784 790 823
52 118 155 303 454 520 622 626 906 949
164 618 628 729 730 812 865 948 959 993
201 470 613 642 754 763 790 904 930 943
68 170 227 630 656 771 790 808 948 999
162 307 357 443 488 603 799 911 960 982
19 134 291 348 361 570 726 814 865 909
38 140 187 191 326 349 452 529 793 823
184 331 604 610 622 637 808 825 843 887
116 132 170 275 336 505 572 635 789 965
57 172 176 180 322 655 799 863 948
135 348 369 419 586 638 675 705 752 935
155 205 258 393 483 804 842 937 950
137 300 519 548 599 703 712 827 930 983
165 225 264 397 453 497 570 722 824 979
114 123 335 350 416 440 682 764 797 992
18 58 212 217 353 677 750 846 882 988
148 163 316 500 540 603 684 687 836 843
52 105 160 231 487 596 694 702 781 917
69 184 317 350 407 459 728 816 851 944
150 421 486 497 500 589 667 675 754 896
47 96 258 272 370 371 425 622 915 977
22 44 55 242 288 465 474 531 705 748
58 115 404 509 540 726 765 800 813 836
52 287 461 478 560 701 779 828 892 982
39 102 214 296 491 591 634 806 938 963
27 32 107 133 374 380 397 431 555 602
61 234 331 487 535 629 771 789 882 898
182 282 290 360 506 579 768 782 821 890
113 302 326 340 432 447 590 790 801 825
20 144 260 354 551 611 695 722 846 996
75 82 189 229 371 384 415 424 446 814
61 113 114 166 172 220 323 488 810 889
124 283 518 541 573 619 882 920 925 998
34 229 238 413 451 487 545 741 820 933
29 48 138 209 213 271 301 531 671 947
272 293 389 399 440 517 549 629 735 851
35 93 119 322 536 649 682 826 847 917
60 65 245 371 757 776 781 809 929 965
72 256 361 365 409 459 581 593 679 713
68 289 304 329 476 674 704 866 888 953
44 58 197 329 383 696 714 752 856 920
163 183 239 463 474 517 695 706 799 888
158 369 607 631 675 690 716 762 907 967
58 65 83 530 576 639 733 841 874 892
92 100 368 791 826 827 833 867 948 988
47 257 332 480 545 616 694 771 878 975
87 98 125 325 445 447 757 758 954 986
59 293 295 393 486 574 663 707 801 911
278 286 340 391 599 619 665 720 842 971
21 23 38 143 195 557 575 790 891 951
14 97 146 167 258 418 475 783 791 977
83 156 173 229 282 334 538 544 760 825
18 140 278 345 353 436 577 606 843 956
57 109 434 510 550 586 915 925 933 978
92 123 272 368 578 659 727 744 918 932
6 128 156 157 208 228 274 438 943 952
335 455 477 567 598 763 793 821 875 994
1 36 315 318 511 583 759 805 956 988
18 62 181 227 304 424 616 815 843 994
177 288 475 550 562 660 669 822 877 955
178 199 271 272 312 347 475 686 783 859
80 262 351 366 385 428 562 564 598 707
17 123 349 377 436 486 560 673 785 828
13 15 79 118 209 307 564 901 986 994
138 442 620 701 751 890 905 918 948 992
13 30 41 57 204 367 610 768 815 900
205 249 414 433 534 659 713 867 874 986
61 155 412 437 537 566 668 873 978 999
122 220 380 432 459 609 618 725 847 853
26 98 195 310 325 645 729 809 895 962
87 334 469 482 516 546 610 636 750 830
90 127 166 172 194 220 535 789 885 981
322 455 533 618 622 772 796 809 843 998
55 128 203 217 338 351 488 694 779 833
140 235 357 361 411 627 631 812 883 912
221 243 271 502 516 580 664 821 835 855
37 141 148 330 342 603 609 686 940 988
219 222 225 307 335 364 651 722 819 910
2 18 125 161 227 390 508 794 866 925
20 291 302 309 320 323 381 496 679 893
180 181 240 405 536 669 717 800 864 970
13 345 371 377 470 562 684 762 913 995
24 305 394 504 733 820 860 871 932 949
54 114 295 432 444 580 614 753 823 899
6 137 285 475 480 495 526 675 983
205 281 307 559 594 615 620 748 828 877
106 118 234 389 398 435 524 735 796 927
110 172 326 370 485 504 534 660 891 982
28 168 171 275 278 409 456 469 766 879
46 168 219 391 559 589 616 809 832 915
23 181 212 319 368 395 724 764 794 836
129 230 244 247 519 883 924 960 967 998
63 184 248 276 286 330 615 632 679 755
34 106 150 255 276 282 307 360 699 826
40 165 396 462 481 606 609 705 762 924
130 134 400 402 580 879 932 960 975 981
209 335 471 614 657 661 681 776 889 909
97 172 327 498 571 737 749 832 856 940
75 86 118 151 191 283 476 643 709 736
235 246 353 520 557 589 622 776 921 946
60 339 504 534 540 594 604 635 802 926
7 248 372 423 653 671 718 747 822 987
129 148 351 352 387 440 504 515 788 994
1 19 157 240 291 294 362 506 686 975
11 20 126 480 504 524 715 784 980
182 271 320 668 698 725 746 759 760 802
75 163 428 604 751 761 818 828 911 1000
64 78 158 217 374 429 565 658 806 996
22 135 211 518 632 693 704 861 958 972
54 194 234 373 478 490 601 675 793 894
16 175 176 234 517 528 697 730 731 774
317 596 616 641 683 688 840 917 966 970
97 282 344 549 552 654 670 828 916 917
29 434 436 457 491 717 781 858 923 939
96 183 192 263 319 503 608 749 820 935
2 36 104 162 210 475 496 602 630 749
194 323 375 382 631 737 847 902 936 951
51 246 320 380 497 605 709 752 898 944
128 178 275 322 327 391 398 468 495 823
30 36 219 287 529 572 677 737 917 924
2 107 296 591 701 725 747 835 907 961
94 292 295 312 335 455 648 708 729 872
9 96 118 131 343 633 658 796 838 917
48 123 141 191 194 219 395 687 867 981
77 130 455 459 632 677 679 700 859 930
113 331 360 497 669 745 805 810 945 1000
87 115 557 619 640 682 743 756 812
35 311 471 559 670 724 776 834 853 874
52 177 322 324 332 473 499 734 860 878
25 34 375 399 556 570 602 673 687 971
106 144 159 240 366 472 544 609 632 722
188 218 356 436 449 537 700 745 967 974
112 176 177 302 374 732 748 763 815 955
300 325 357 528 584 615 620 628 780 828
32 266 291 299 324 637 838 847 931 972
3 202 250 433 557 583 587 618 705 808
19 64 433 554 651 853 925 939 987 993
151 253 465 466 518 573 677 718 744 975
56 158 414 417 443 516 584 625 748 849
51 153 164 181 533 585 603 675 850 896
88 106 127 441 456 532 678 803 858 886
59 144 157 176 250 288 356 411 909 966
34 85 216 239 312 364 471 510 799 841
51 128 144 253 358 377 458 468 638 784
51 55 269 303 319 526 686 826 918 945
92 142 255 272 371 600 748 817 935 977
163 209 322 368 469 633 716 729 901 904
26 130 196 310 486 628 742 819 932 933
49 71 72 128 501 534 724 770 936 992
106 329 375 432 500 582 682 810 831 943
5 12 60 175 639 645 688 716 794 866
83 329 398 469 538 544 589 656 784 939
27 64 130 287 452 625 660 748 854 894
36 86 248 295 332 339 416 556 585 836
6 7 277 353 413 426 461 584 699 743
36 207 243 353 543 764 809 827 908 974
38 284 340 358 514 593 630 741 790 975
263 324 479 492 542 550 656 752 792 921
129 201 355 521 564 639 644 676 854 968
42 43 87 88 206 231 493 610 617 639
8 293 332 414 444 468 478 575 720 833
95 195 318 453 521 556 677 715 752 944
126 280 365 506 545 564 690 798 857 933
10 48 240 296 681 762 798 948 964 1000
171 212 422 431 545 549 551 626 749 987
33 41 71 296 315 344 365 628 676 974
6 67 83 206 331 392 477 756 797 975
67 68 248 373 514 573 627 628 802 842
6 139 224 258 290 314 390 439 766 831
13 98 239 348 373 465 471 606 779 820
4 177 196 205 244 446 571 776 861 964
183 387 433 524 609 670 721 822 915 968
10 91 196 296 307 460 593 735 883 998
33 155 169 280 408 605 659 716 753 952
4 9 63 167 284 359 552 645 656 983
25 87 158 230 232 671 713 757 782 786
8 64 81 105 274 314 427 538 688 722
43 101 257 263 346 414 493 572 902 935
58 136 283 382 426 713 789 836 852 937
27 30 51 150 207 233 265 366 707 730
81 93 99 117 156 241 701 723 882 924
115 312 498 644 658 706 763 799 817 905
53 121 138 259 262 446 639 696 746 865
142 267 362 376 697 707 731 753 774 848
55 179 261 414 497 500 516 585 810 849
65 204 304 618 682 736 883 893 900 961
2 203 205 491 516 542 551 595 641 893
18 115 126 425 435 466 502 828 838 935
102 124 141 165 206 456 479 872 882 981
36 84 258 263 264 382 654 899 932
86 127 346 493 554 606 714 887 899 983
16 52 393 410 431 461 495 569 622 982
193 374 470 476 524 536 612 667 731
55 92 103 126 482 580 691 876 878 946
288 316 349 354 366 402 614 618 716 753
19 233 287 353 405 491 587 825 832 930
46 70 169 376 501 510 568 590 706 907
61 113 157 162 336 723 933 946 949 987
35 159 170 197 200 414 492 613 776 937
78 349 412 554 685 811 917 931 974
223 231 248 332 439 472 587 807 969 978
28 38 403 443 478 485 548 628 791 972
21 573 610 630 733 816 839 966
119 276 402 557 594 598 640 741 853 982
216 280 336 434 590 709 813 867 899 977
56 163 211 234 408 433 473 498 584 944
20 53 84 211 335 537 560 621 668 980
34 85 367 540 717 754 813 815 871 999
202 273 295 383 499 574 748 808 868 885
37 129 180 378 403 467 471 795 929 977
68 114 502 526 551 623 648 813 891 925
225 406 424 427 500 593 692 796 814 818
95 110 316 396 467 738 759 829 931 952
135 267 378 519 542 699 729 756 894 919
16 89 145 230 311 429 504 773 775 971
69 99 429 470 506 559 573 645 777 887
25 53 136 380 650 750 872 958 966 993
62 236 254 405 412 457 550 619 651 679
45 50 96 177 211 232 305 311 556 799
17 23 47 85 186 270 786 845 966 981
153 173 188 347 439 571 809 816 970 976
58 85 116 124 357 694 853 911 934 957
88 107 375 420 477 501 509 600 680 818
38 140 141 432 696 701 712 774 856 994
35 142 175 246 522 565 850 951 996 998
72 206 227 324 610 820 901 915 916 998
105 112 291 304 335 525 689 734 788 829
49 129 646 725 750 766 789 791 881 932
21 479 603 734 758 766 805 889 931 939
8 83 85 136 165 199 350 353 566 753
17 64 216 526 563 571 624 774 946 953
54 201 209 266 296 298 331 496 705 902
27 103 136 159 309 506 665 719 881 948
12 236 243 266 498 516 865 876 936 994
5 49 173 244 460 705 804 871 902 989
79 96 119 156 207 392 443 557 743 859
67 115 285 287 391 597 615 886 932 940
14 71 144 432 577 589 760 792 810
67 233 276 387 460 511 577 796 919 952
112 300 351 356 362 513 691 710 732 851
4 75 113 117 132 281 329 443 687 781
19 47 75 120 185 220 490 587 635 923
210 319 391 475 565 720 791 805 919 928
10 95 303 311 318 407 474 693 695 758
1 225 264 430 606 614 709 781 824 903
153 321 394 447 451 552 690 813 832 939
114 158 241 350 513 529 748 906 907
20 103 296 380 403 579 656 663 870 949
48 233 399 419 545 592 604 617 738 741
251 374 388 432 481 540 621 660 832 943
123 221 252 382 564 674 695 764 822 938
67 203 226 444 656 739 793 943 961
195 228 292 321 411 415 418 601 617 898
316 323 363 503 551 595 626 750 823 939
113 148 318 402 415 694 711 933 971 972
49 136 220 432 486 495 626 700 795 881
40 175 288 301 433 487 639 703 831 930
113 167 168 236 240 418 641 655 806 846
80 207 383 412 483 518 522 623 783 959
8 70 224 556 572 668 765 783 792 859
52 89 164 247 289 334 392 676 853 878
139 383 386 497 511 605 642 718 824 996
30 104 143 201 230 282 587 665 726 822
55 215 297 320 360 494 507 681 720 854
124 353 462 505 602 646 853 858 958 993
42 68 337 438 465 553 807 861 873 875
167 352 437 484 553 584 598 733 818 822
9 82 104 157 171 199 282 362 433 568
7 74 140 152 393 455 605 620 752 888
272 274 362 566 594 717 822 949 985 986
159 284 307 420 463 491 545 560 622 674
41 119 173 230 259 275 322 662 715 849
76 299 379 568 685 750 797 862 986 987
20 30 205 267 332 643 654 691 847 886
8 47 49 300 499 597 686 748 802 992
119 267 349 396 510 563 714 749 812 916
63 173 181 324 340 458 499 523 610 682
39 47 93 143 173 345 773 819 876 971
46 68 114 531 575 601 705 732 874 921
47 200 203 309 331 501 556 619 923 976
119 246 277 307 371 498 668 732 770 980
199 251 287 485 528 539 587 622 785 841
13 276 324 376 399 621 715 806 904 920
48 165 318 332 352 432 442 588 808 921
214 253 263 325 481 666 706 713 825 879
118 185 232 238 331 489 574 736 745 808
8 25 178 220 295 310 531 667 749 833
73 297 399 405 418 436 461 542 658 715
34 107 124 139 165 326 352 438 853 965
33 188 422 464 556 581 754 827 905 992
254 396 399 447 511 601 663 710 803 867
86 99 144 456 485 495 570 628 703 995
62 165 195 255 278 368 372 396 616 861
43 85 141 231 354 521 532 623 677 922
141 186 243 381 409 438 558 723 822 983
186 264 397 462 594 734 824 867 879 921
114 208 319 354 628 651 717 816 900 961
15 31 93 123 166 276 701 892 905 946
126 243 296 331 495 541 658 672 699 826
29 96 277 295 392 433 502 684 704 810
23 26 63 81 181 228 352 465 552 695
9 153 207 339 379 672 742 750 843 880
5 44 115 288 508 701 837 916 946 997
206 226 282 297 445 505 593 637 784 886
121 245 376 379 504 534 562 745 806 897
33 148 188 397 458 516 605 664 679 926
60 132 137 248 277 470 553 661 665 716
24 318 506 634 641 673 702 805 860 924
102 180 315 401 465 578 682 701 843 934
61 125 398 507 555 638 671 785 870 928
89 102 147 372 489 638 740 764 837 979
5 13 31 97 166 244 392 406 747 916
33 113 161 235 242 286 332 888 896 908
62 143 326 415 494 636 731 761 806 972
22 45 315 366 406 585 609 807 835 965
80 236 254 294 423 450 573 714 832 895
2 25 87 110 404 450 513 585 737 912
217 262 319 435 441 634 675 865 872 901
75 198 454 584 585 605 756 832 853 868
197 216 385 482 581 697 766 803 881 971
95 110 209 365 529 726 813 860 878 980
65 80 92 517 723 747 870 881 987 996
90 152 267 286 486 567 679 702 830 963
129 246 293 361 394 557 558 597 617 660
45 172 189 259 453 481 591 693 859 966
67 100 360 377 420 697 748 793 858 918
77 79 177 204 280 341 401 481 724
81 198 424 573 602 665 697 817 875
105 129 188 206 392 674 760 838 854 858
52 333 472 507 529 647 750 869 960 962
186 323 486 586 657 773 818 838 968 1000
16 81 296 473 494 519 731 873 881 982
101 103 272 301 317 365 621 628 646 841
105 139 153 383 624 641 647 709 768 851
218 408 431 457 589 673 674 786 927 960
37 257 292 380 503 609 698 752 803 901
79 241 360 489 564 581 888 908 917 924
62 195 267 324 485 489 541 627 869 919
87 104 178 189 429 666 738 774 804 930
292 294 515 664 723 776 781 793 910 925
23 102 278 336 371 375 552 846 868 974
59 129 481 531 638 764 877 881 899 910
48 64 225 416 425 441 568 663 680 989
176 271 294 309 495 688 699 857 901 935
105 116 255 362 375 386 662 740 770 868
65 199 323 437 716 816 845 943 952 994
80 124 152 159 185 231 297 311 677 698
77 83 145 271 397 434 549 752 891 937
76 133 244 395 482 675 725 806 890 897
184 203 245 270 283 414 458 906 935 968
16 84 490 598 677 770 822 923 969 991
318 408 416 426 478 624 683 710 741 991
55 56 289 370 396 582 706 796 804 968
264 294 388 429 442 496 725 758 779 842
48 96 142 345 455 516 608 641 770 836
26 94 99 258 472 611 663 887 889 978
97 245 340 384 513 591 645 818 869 883
143 150 298 539 599 715 792 845 898 990
136 169 170 390 529 540 692 845 865 966
89 470 489 560 607 621 755 858 893 925
60 73 242 441 471 479 759 760 838
153 183 249 480 491 554 635 714 814 954
23 208 463 510 660 722 732 783 889 929
310 456 485 500 652 771 791 842 860 954
15 67 108 176 259 366 453 519 864 893
252 331 422 465 497 577 578 645 692 795
6 158 177 211 259 404 572 581 755 783
43 129 220 411 527 529 650 703 739 820
158 189 190 235 401 481 569 688 796 935
44 65 89 176 238 435 551 591 920 950
284 341 371 394 568 590 637 835 858 949
42 235 238 312 345 408 640 816 880 932
161 179 193 198 201 317 613 693 921 940
256 438 441 450 470 677 693 783 836 884
40 136 171 275 471 558 652 796 874 937
5 104 275 326 355 475 499 757 955 971
71 249 300 624 637 652 727 858 912 930
32 211 248 254 559 737 781 803 901 910
33 43 124 173 190 208 426 616 647 752
19 79 88 195 376 496 636 746 825 830
117 288 463 544 557 570 600 876 999
152 168 250 690 720 721 874 914 981 987
68 119 147 234 532 542 633 751 815 927
158 177 365 455 468 474 518 676 714 728
106 127 253 358 470 550 606 614 850 935
39 85 255 531 554 600 790 806 891 895
1 35 73 123 321 387 657 737 790 975
24 27 58 258 345 744 779 882 980 1000
22 103 352 387 393 432 440 560 718 996
104 182 197 260 379 418 491 679 856 997
55 61 112 169 208 283 332 621 760 886
23 121 234 353 374 571 801 894 906 953
102 182 580 700 732 737 797 868 898 976
3 34 48 176 194 360 396 691 778 982
119 122 146 249 368 533 571 625 695 889
57 184 444 598 626 689 771 792 925 981
73 236 296 312 365 401 503 566 591 983
7 43 289 525 560 565 779 804 953 959
85 125 359 441 453 537 545 551 886 890
54 111 164 429 513 610 739 800 814 901
52 125 162 187 353 357 481 551 658 666
64 102 264 361 395 429 613 788 968 998
91 156 166 310 431 587 625 784 792 869
87 161 255 294 417 616 800 818 849 985
150 272 308 557 647 695 757 811 831 897
71 292 335 387 554 652 754 771 772 899
44 183 213 304 421 432 471 809 862 959
57 69 205 270 574 577 815 942 981 982
73 89 265 279 314 541 611 676 848 962
64 472 568 742 758 805 809 928 935 965
28 37 166 390 411 529 669 785 798 839
7 70 252 384 538 544 652 777 826 984
16 53 214 275 333 411 649 657 796 977
138 141 169 208 225 254 338 493 507 788
98 131 196 305 429 652 768 827 917 975
24 38 134 190 231 275 328 599 647 884
153 291 498 566 577 582 692 751 822 965
107 290 323 388 420 672 727 811 841 925
13 104 143 245 421 486 528 628 697 965
63 94 114 190 210 283 372 467 579 730
121 135 240 281 418 464 732 733 773 856
86 126 477 500 536 657 782 803 857 866
58 132 135 262 435 547 548 715 844 995
58 102 345 395 502 545 601 661 677 913
21 123 162 225 240 305 570 769 827 989
36 92 157 182 237 291 313 663 844 962
45 273 342 603 626 645 749 818 876 938
158 258 316 523 546 562 691 843 853 876
391 433 445 491 596 678 793 845 959 978
383 520 541 643 706 707 839 871 976 980
55 247 319 342 516 532 540 592 674 902
30 172 286 289 541 663 666 769 792 970
142 198 310 343 439 682 815 867 906 942
217 229 272 406 483 537 727 768 923 973
76 120 172 264 304 353 436 883 903 962
219 334 425 690 710 716 763 870 895 989
133 135 518 531 565 631 641 947 977
90 104 130 396 463 661 738 818 841 851
95 120 169 181 614 687 691 820 841 877
169 324 393 491 556 558 621 807 933 983
20 76 93 143 190 372 546 666 889 986
51 206 525 623 737 804 813 827 864 925
20 197 214 222 284 491 600 684 867 869
181 186 322 377 410 632 811 840 860 900
70 150 184 355 373 399 482 750 793 885
129 220 395 490 552 557 624 731 905 954
1 46 122 392 473 645 682 799 837 872
290 349 452 516 613 630 645 800 850 863
121 124 151 290 304 532 615 724 769 826
150 161 326 400 440 505 540 860 924 988
43 67 207 302 442 475 547 698 898 955
11 94 156 444 454 496 585 743 813 930
64 72 144 411 492 567 815 944 981 997
41 168 279 301 423 446 499 591 617 752
16 21 232 299 437 469 549 738 882 911
18 46 49 63 231 370 441 648 913 929
268 302 305 309 499 520 751 929 961 973
43 50 105 150 257 507 528 561 855 879
82 335 422 446 571 595 619 629 803 890
102 317 325 553 666 814 816 829 885 950
17 94 136 340 594 760 784 819 850
98 199 273 395 642 716 780 835 901 917
84 122 123 387 441 521 525 636 755 782
88 157 179 288 311 544 554 752 760 935
238 248 357 370 460 486 606 765 856 905
16 68 172 374 400 714 719 752 766 872
73 248 363 582 688 707 708 760 823 847
62 416 428 430 448 518 529 540 600 923
129 291 393 412 471 707 732 751 923 991
5 44 83 150 461 480 656 767 824 833
51 104 114 144 498 500 510 552 782 983
80 114 160 233 514 533 650 747 808 900
31 216 264 316 450 672 742 773 807 982
6 68 273 369 408 442 554 680 823 852
353 354 364 486 501 587 600 701 886 888
55 228 444 535 546 656 694 833 863 953
15 60 133 262 394 552 553 588 647 948
13 134 159 193 385 518 540 542 625 932
58 154 394 539 573 583 708 812 856 919
188 227 442 583 619 678 685 764 794 855
72 77 194 231 510 600 654 699 929 936
57 277 287 417 462 564 712 833 836 910
41 44 56 491 492 563 634 821 878 897
137 267 316 351 436 478 725 768 805 851
30 190 356 572 587 639 671 703 792 824
57 102 178 191 249 465 546 633 669 835
12 22 221 243 284 295 605 694 707 839
35 65 150 212 244 251 480 586 964 976
51 296 318 561 563 608 642 703 823 935
102 220 308 391 431 528 600 707 740 1000
68 208 459 661 697 756 840 848 853 993
69 205 236 263 407 561 581 713 977
253 318 346 460 495 518 717 757 836 967
11 13 46 95 135 220 417 480 526 632
166 378 443 453 611 684 807 866 899
89 193 194 305 349 597 608 682 935 961
26 273 304 306 375 377 581 670 764 967
154 279 514 522 561 693 762 892 953 988
19 27 196 206 440 498 582 811 939
79 133 138 155 253 346 370 500 516 810
197 345 404 427 463 661 688 853 888 920
3 111 309 458 513 523 596 597 766 952
88 91 216 370 417 471 537 554 598 967
24 26 56 92 245 396 562 631 758 991
83 107 127 261 410 456 617 829 853 914
20 187 201 271 316 395 409 650 681 866
102 111 248 326 384 391 467 474 521 701
51 239 280 398 400 517 705 729 895 896
21 262 279 311 436 457 588 912 963 985
9 24 281 499 541 784 810 813 955 992
43 99 122 338 343 480 665 937 981 984
18 146 245 250 433 540 584 588 599 691
259 276 305 350 384 465 503 512 712 776
121 378 478 504 551 595 769 834 904 932
143 231 283 290 308 385 752 925 974 984
94 197 220 362 413 423 573 607 779 868
94 200 568 640 729 813 843 859 946 950
22 55 96 170 203 300 582 706 819 847
8 110 289 547 591 665 798 833 913 964
79 138 252 345 425 551 662 704 717 842
208 375 392 393 463 541 552 554 567 969
49 74 341 455 549 570 682 698 755 810
283 299 351 440 452 554 876 898 916 978
105 338 402 500 521 614 632 852 880
190 202 203 344 385 415 612 628 723 940
149 209 266 299 361 369 591 864 872 996
108 160 306 319 481 558 591 595 695 997
50 123 179 197 248 539 556 772 862 972
125 387 554 558 596 645 708 736 915 930
2 73 158 169 250 418 561 655 783 800
134 362 371 387 418 491 592 605 833 898
210 255 359 498 551 630 632 793 802 889
134 142 178 321 496 577 735 807 889 892
149 215 274 311 388 462 721 835 951 964
30 183 466 520 522 568 571 583 946 983
101 242 265 401 459 604 660 676 851 933
32 222 245 266 281 479 575 611 663 782
3 116 374 439 568 761 775 874 981 997
152 172 323 517 536 669 711 726 754 965
27 33 173 248 365 590 666 843 859 938
44 93 151 156 160 201 342 769 804 835
22 132 237 271 383 415 506 551 895 941
202 203 363 368 568 587 712 856 891 967
117 153 252 289 338 386 649 789 796 857
196 398 419 476 528 683 846 848 867 872
29 105 340 584 668 682 756 778 810 969
105 190 269 310 313 438 627 885 912
18 61 82 201 377 627 631 718 850 996
113 230 234 254 271 320 438 514 648 890
7 249 441 515 581 673 761 820 895 966
3 14 105 267 305 315 563 884 896 915
223 427 473 615 662 779 797 806 849 998
49 195 248 260 361 568 580 628 659 968
121 209 214 257 360 489 492 656 788 842
168 236 317 429 434 500 532 621 665 871
44 202 226 238 400 477 498 636 836 931
40 57 176 382 413 451 507 516 590 685
60 83 89 415 452 462 574 708 725 971
43 309 418 492 533 572 576 681 830 981
27 76 143 348 465 515 604 623 924 975
96 241 369 528 545 676 730 831 962
51 70 89 184 246 319 396 573 827 861
23 154 262 294 733 795 816 873 944 998
14 193 314 359 397 459 734 773 788 822
24 69 99 164 272 300 592 668 793 893
68 81 195 201 226 299 391 408 504 627
10 487 533 557 561 579 777 792 848 989
60 107 186 190 293 420 497 775 811 855
2 69 235 353 572 679 721 776 887 899
37 52 56 205 270 502 569 642 743 862
53 178 197 335 466 749 761 764 889 939
29 351 373 382 518 599 685 718 790 951
13 144 335 393 457 516 574 596 730 805
199 323 524 644 646 749 763 772 968 969
42 117 123 576 601 661 730 759 815 875
35 118 265 312 407 458 521 715 905 990
48 61 133 142 209 225 298 629 790 878
29 231 250 425 568 699 797 825 840 953
255 272 530 532 538 796 859 904 907 925
46 73 92 198 329 372 745 770 902 964
181 279 492 567 778 803 818 864 886 965
106 270 494 590 601 650 684 783 822 994
139 259 350 502 644 661 715 768 885 907
31 45 123 220 282 827 910 913 948 955
63 78 105 137 235 256 299 422 533 632
293 297 520 539 658 678 810 851 865 868
144 297 330 350 363 481 592 697 936 984
19 209 265 310 374 393 457 757 779 976
95 97 262 335 499 671 855 876 894 985
65 100 145 243 389 437 614 698 740 980
153 217 278 449 468 578 712 757 903 984
60 232 405 506 519 774 870 909 917 996
1 164 201 248 260 474 810 825 932 983
2 179 266 286 299 543 633 666 748 983
107 201 252 340 426 492 741 773 908 941
29 406 411 452 507 585 629 665 807 887
157 201 251 268 370 551 559 715 725 845
32 197 230 359 380 457 482 586 696 1000
19 40 95 184 185 235 484 527 594 983
188 411 577 625 675 715 824 840 867 907
14 97 99 105 128 353 441 509 853 885
169 190 209 396 401 461 551 655 690 886
223 324 410 458 461 500 519 767 807 970
212 399 409 447 485 648 722 867 902 949
25 211 242 257 418 481 615 626 737 814
217 276 312 372 512 520 522 563 674 867
198 208 252 352 450 676 741 743 813 961
41 122 194 419 446 613 666 740 842 967
35 110 342 348 422 436 469 491 518 546
130 134 169 275 478 564 646 865 916 973
84 107 181 198 314 389 780 873 965 977
30 241 245 496 533 548 579 840 863 963
41 156 217 327 373 531 627 732 765 791
16 55 277 330 415 529 575 747 883 959
1 133 409 518 579 634 738 814 856 888
183 310 547 626 633 752 770 803 864 945
64 120 164 355 411 491 531 800 842 938
108 153 207 254 263 371 566 642 826 947
22 52 181 197 230 355 433 480 530 775
80 114 184 411 429 506 522 531 579 755
13 78 89 198 320 532 703 723 879 930
56 150 227 308 382 386 430 432 625 764
47 136 202 263 403 408 654 656 707 787
47 230 298 519 542 547 560 731 844 868
53 70 259 296 643 646 667 755 918 919
43 92 157 217 567 651 767 836 968 990
81 287 355 449 487 627 696 835 844 860
22 26 205 206 232 260 543 604 706 928
218 337 361 411 538 543 621 704 945 989
44 94 292 299 309 541 544 602 658 980
21 31 55 140 309 366 373 820 823 857
30 55 101 516 530 534 685 862 894 932
25 49 127 226 333 399 535 585 855 987
97 234 260 445 546 636 745 783 798 980
37 79 124 252 607 612 804 837 842 985
113 313 371 481 514 539 541 633 778 804
32 311 386 493 533 704 723 814 842 972
9 173 176 343 485 515 546 606 652 822
77 93 498 563 653 690 804 821 922 992
49 98 139 224 278 411 509 518 652 729
31 54 122 380 539 783 859 896 911 928
43 289 397 404 412 442 497 537 734 869
76 132 154 230 342 372 402 508 601 794
70 395 426 548 639 678 806 807 827 970
45 134 141 157 328 403 589 814 829 839
233 291 292 334 527 640 698 734 840 956
56 109 223 250 391 400 566 651 711 860
70 123 162 304 737 804 824 887 911 996
87 145 147 253 338 469 579 751 782 800
30 426 460 504 515 809 820 850 976
43 91 140 178 277 508 650 677 705 817
68 95 143 145 156 192 297 592 850 951
5 135 273 320 324 357 423 676 861 986
220 248 377 391 432 433 462 828 877 941
139 348 362 386 522 540 781 905 984 987
100 317 325 402 427 437 488 523 852 940
100 126 249 387 442 468 560 788 824 836
135 266 449 455 479 632 707 926 983
235 404 429 446 450 808 846 851 893 963
98 130 311 315 407 421 620 700 919 945
103 138 206 231 317 512 639 785 867 970
217 386 446 487 596 695 712 793 806 926
371 406 508 522 581 666 714 733 772 813
13 72 490 496 505 540 640 645 735 837
36 54 231 261 371 486 817 949 957 964
112 188 194 225 281 353 704 742 835 922
31 274 324 368 606 622 666 733 863 899
31 180 456 486 555 643 670 901 980
148 153 284 397 612 625 631 668 773 912
54 189 258 413 440 592 593 773 944 983
46 278 295 303 307 409 464 517 566 709
130 246 279 286 391 429 507 753 798 976
161 163 193 545 549 694 727 745 801 830
149 198 312 448 457 513 537 824 861 971
6 56 113 163 287 316 462 611 652 770
157 221 231 284 339 676 728 811 835 910
22 54 144 244 288 314 594 643 656 768
213 244 275 276 466 724 806 910 911 980
24 129 178 395 503 531 532 637 852 1000
24 181 207 555 584 592 640 646 673 952
152 304 347 522 608 635 747 793 856 938
126 157 462 509 550 726 796 832 913 937
54 137 173 244 294 332 494 578 728 885
77 105 118 177 449 651 672 782 841 878
9 127 235 246 371 405 637 837 887 888
22 94 266 299 390 539 667 715 902 972
21 28 219 423 510 543 588 712 848 889
68 148 172 215 239 276 569 749 781 799
228 242 246 356 392 684 731 932 965 989
99 104 356 530 566 570 665 738 867 880
28 111 283 362 368 391 412 513 549 990
19 59 382 438 539 591 663 789 802 981
143 360 452 541 558 625 635 684 808 988
184 270 454 461 544 610 669 707 786 875
80 169 527 529 546 568 671 680 788 849
72 194 276 507 529 535 655 828 968 999
17 153 506 558 788 839 870 875 880 912
79 187 227 307 701 710 816 846 928 982
20 50 254 357 362 457 501 521 560 659
189 216 297 360 854 902 945 948 966 974
18 89 220 246 315 456 493 495 591 760
247 357 368 681 700 799 829 849 861 999
106 168 193 420 436 532 715 879 961
30 194 241 347 376 381 532 570 610 897
190 476 524 541 575 615 677 844 978 990
8 190 197 206 505 620 700 782 842 983
18 212 362 381 578 607 672 955 960 977
21 78 128 291 312 439 820 875 970 992
64 114 255 261 314 439 591 937 960 987
179 275 282 329 367 542 612 721 895 931
99 144 297 307 441 649 792 793 823 979
18 76 433 523 617 621 801 885 914 967
19 100 163 449 456 614 638 644 706 791
166 209 217 257 414 438 450 506 616 777
55 309 327 355 365 418 441 860 878 954
14 151 214 397 536 624 891 909 968 970
42 122 172 243 650 701 708 781 873 878
24 275 507 515 661 682 753 820 908 987
17 101 145 464 567 634 659 799 803 997
76 115 225 389 417 468 497 664 804 845
28 107 188 409 493 825 851 862 904 926
32 275 391 413 491 576 759 773 848 891
311 371 468 499 541 569 579 642 886 962
11 220 262 370 388 391 536 567 640 757
134 209 408 443 755 774 814 829 863 887
152 198 274 373 388 505 596 776 844 980
246 257 266 396 548 591 653 826 851 857
56 192 338 418 482 612 759 879 924 970
192 231 316 339 402 429 781 804 871 895
2 64 260 263 392 446 567 594 731 993
34 272 276 307 338 465 509 604 777 792
30 304 431 441 620 717 724 803 898 911
11 88 166 273 359 475 583 628 649 773
46 76 123 182 260 278 515 563 884
28 265 401 489 513 560 594 648 868 937
9 192 216 317 613 724 878 883 975 977
192 210 407 507 562 583 611 774 778 797
254 279 335 372 483 645 775 822 888 933
77 125 397 695 731 815 822 942 961 982
9 147 204 286 355 372 393 418 731 972
14 18 36 223 307 349 651 775 882 892
206 221 227 412 476 535 810 835 897 950
16 21 139 191 281 368 412 622 823 959
34 75 232 296 492 693 791 811 964 977
163 237 289 376 470 485 489 547 745 819
98 159 421 524 620 643 677 783 841 907
7 20 358 554 646 658 662 741 931 970
27 55 192 210 253 300 318 482 554 980
125 163 187 195 217 232 422 487 755 796
7 75 212 328 469 576 814 936 999
199 275 309 356 375 383 541 543 569 694
7 209 243 288 308 344 615 739 894 986
118 129 230 398 569 682 750 899 904 972
56 124 133 233 272 351 458 617 678 923
147 172 330 332 617 671 689 719 874 913
112 195 226 256 482 499 623 694 872 947
120 162 233 242 356 402 417 545 678 929
37 106 140 152 399 430 461 683 743 897
9 107 284 298 341 373 390 636 739 954
54 129 176 252 416 540 635 790 965 995
45 99 110 151 408 417 689 807 825 994
53 421 468 514 540 544 715 746 845 879
122 268 282 344 413 647 736 797 942 979
78 226 233 268 412 495 610 616 721 742
125 136 409 445 472 489 544 557 903 927
35 107 221 225 250 391 576 593 848 986
102 140 185 452 493 694 747 920 941 981
149 152 260 320 526 607 771 780 923 960
19 60 296 409 490 593 655 675 860 920
18 70 108 435 472 478 488 500 650 898
33 170 254 476 521 671 693 701 836 953
144 211 218 254 333 348 586 788 798 814
131 149 355 455 506 510 619 694 821 915
125 210 256 262 293 375 529 646 680 894
95 263 313 389 436 514 574 717 915 960
46 156 161 226 279 280 522 563 847 925
31 96 136 321 538 564 820 825 840 894
12 85 113 261 348 355 413 543 642 728
18 134 313 452 688 799 852 930 955 964
193 247 456 500 582 689 706 713 766 912
76 196 214 238 240 242 543 544 576 855
56 125 273 356 477 562 642 652 666 853
61 115 202 248 316 352 445 767 934 988
85 178 352 470 664 697 866 899 922 992
94 177 512 602 652 785 858 877 898 959
50 67 214 433 499 551 571 662 751 977
52 138 194 437 501 531 583 604 902 976
122 252 313 395 401 648 769 772 804 880
230 354 383 569 574 626 631 809 935 986
17 18 45 386 417 588 665 674 941 985
301 330 381 422 456 653 667 809 884 912
224 348 379 418 434 450 634 746 760 946
35 44 97 149 160 459 464 787 968 983
113 162 449 538 631 700 804 816 855 930
76 180 243 251 300 372 407 443 496 641
84 86 182 313 315 377 454 621 699 956
15 20 225 226 349 464 589 840 881 919
53 142 170 259 341 397 592 706 887 998
67 78 192 230 273 316 369 785 867 998
91 114 146 209 351 395 453 560 913 997
496 651 658 748 758 818 827 896 993 999
163 165 216 231 285 305 601 674 844 850
28 39 258 380 429 685 703 781 820 953
180 288 426 628 646 675 696 769 819 955
11 61 277 286 381 399 425 646 804 940
188 206 211 324 403 493 628 712 781 956
55 111 136 275 346 560 921 925 953 982
92 200 309 317 509 531 533 582 725 790
101 104 166 206 271 332 352 678 950 970
165 212 284 285 366 467 566 707 728 872
149 180 192 240 309 535 546 555 824 825
113 117 130 217 512 666 815 871 941 999
9 215 511 535 587 815 916 977 984
115 171 179 327 374 494 521 629 632 763
223 281 292 309 325 382 495 806 950 994
9 48 88 199 388 417 591 691 710 751
119 147 187 378 440 522 575 672 860 901
163 359 505 560 593 660 742 768 930
42 146 232 277 413 436 529 624 691 908
148 243 270 370 465 498 529 782 784
53 85 123 142 235 378 397 487 670 745
63 245 335 400 444 509 721 898 909 975
38 170 173 313 356 373 396 514 852 954
110 249 334 358 395 574 586 608 901 961
126 142 194 314 324 473 802 906 937
42 228 322 485 543 625 691 779 781 948
187 218 262 361 374 388 541 604 646 956
54 135 153 273 290 566 617 818 858 999
12 104 132 133 174 215 454 605 758 785
140 217 276 434 470 500 684 738 824 894
14 19 27 189 305 438 658 767 838 908
577 582 671 718 740 846 869 877 909 995
173 456 469 614 630 815 827 843 927 968
6 187 573 583 630 649 689 716 816 952
97 144 356 486 494 508 511 557 904 918
3 27 39 72 225 483 806 812 941 969
1 206 310 358 530 566 600 897 940 970
118 353 424 460 580 753 775 863 896 898
160 175 218 543 569 628 810 913 966 995
117 292 377 383 384 660 836 897 946
33 147 222 246 287 372 395 404 409 902
249 345 631 636 695 698 714 789 828 831
110 121 233 271 279 382 536 547 583 881
64 179 202 352 393 467 794 828 844 941
127 191 291 425 516 521 573 741 932 999
220 245 266 332 468 536 647 854 857 937
57 126 236 367 470 497 603 722 804 989
104 205 287 366 455 655 686 691 728 911
20 118 180 292 336 414 608 649 806 976
31 216 394 414 441 473 522 666 719 821
261 320 335 414 474 629 715 764 828 837
33 77 208 392 550 659 696 697 702 804
92 170 288 443 543 583 694 764 795 930
74 180 227 248 268 368 423 619 679 774
95 153 252 369 456 527 868 965 986 998
105 200 230 264 304 355 357 712 763 831
3 82 115 134 221 357 387 552 734 809
71 172 209 458 479 527 583 741 742 929
7 28 150 359 376 454 581 881 900 945
141 165 256 351 400 480 497 726 756 909
101 172 299 303 367 417 454 496 897 910
98 176 312 454 516 570 663 679 795 949
3 12 23 257 429 431 604 617 618 819
189 400 579 647 664 675 878 965 967 988
20 82 109 345 441 488 565 576 943 988
38 132 158 214 268 314 357 488 724 831
21 84 179 214 258 263 398 628 672 684
110 129 172 446 604 659 671 725 891 950
186 236 364 462 503 701 815 877 879 936
60 64 136 275 533 689 756 775 852 866
89 306 413 520 593 635 847 983 994 996
145 218 227 306 362 535 545 669 774 993
50 84 97 262 359 389 427 586 766 910
25 82 147 167 233 273 275 457 495 550
74 184 201 328 484 562 706 798 828 968
115 485 503 545 563 676 734 788 801 881
59 169 360 443 460 643 824 837 981 983
177 328 372 382 585 636 744 902 981 985
75 217 359 433 600 787 836 871 899 960
1 117 168 559 586 597 606 756 849 890
56 106 162 289 433 558 586 597 609 792
140 181 216 296 341 418 567 702 915 986
28 69 84 170 171 289 430 573 873 889
185 249 283 334 356 386 532 613 956 980
108 321 324 454 508 643 768 829 943 944
265 420 463 676 678 722 733 781 835 915
246 256 391 476 652 658 674 679 740 903
8 44 615 724 737 742 784 816 838 870
86 257 325 471 497 559 740 772 890 991
101 120 123 288 375 499 547 763 784 933
18 48 125 228 262 291 414 799 808 978
243 559 568 639 738 803 819 925 942
3 72 177 305 408 413 502 695 872 998
181 215 332 357 422 438 627 668 671 749
19 88 161 164 189 242 301 449 541 853
34 266 377 510 725 781 803 880 898
1 329 366 389 507 527 537 743 767 875
84 99 158 345 517 594 627 651 680 886
1 138 187 273 320 403 450 481 645 992
8 58 202 563 582 618 635 642 708 711
48 116 165 201 494 531 596 678 828 954
15 88 306 391 409 449 492 499 720 934
102 155 281 539 585 652 813 840 886 901
136 189 225 333 406 439 724 957 974 996
209 280 327 390 457 473 612 775 850 935
89 105 236 315 382 389 573 577 706 969
13 40 48 175 282 343 359 529 805 918
85 102 120 134 255 480 535 580 692 936
27 47 161 333 445 671 701 803 915 997
46 157 182 234 349 394 434 704 901 905
31 35 258 445 447 452 471 540 627 723
25 124 175 212 272 336 372 442 453 603
100 226 237 296 391 661 681 688 757 899
80 89 231 402 483 563 690 855 905 947
7 32 278 317 324 505 532 764 776 879
94 343 415 425 475 526 549 604 606 688
50 53 167 223 405 412 554 855 961
87 155 161 327 438 632 751 857 912 969
65 357 387 438 483 546 571 594 725 762
89 238 245 346 403 699 724 732 804 874
258 318 351 357 522 591 615 805 840 883
10 63 81 468 489 626 686 691 800 822
48 328 343 362 366 606 631 674 807 894
133 252 362 413 494 561 627 665 873 960
214 343 420 430 544 715 766 861 896 898
47 210 236 244 354 551 580 700 718 777
93 264 325 367 474 524 568 654 866 949
13 69 123 237 260 464 635 775 824 927
71 99 118 251 465 508 560 709 731 975
132 177 270 337 379 385 471 548 583 853
30 215 218 358 362 481 588 747 932 956
50 95 196 478 481 693 784 949 980
20 83 116 169 235 263 528 690 716 844
80 136 477 541 569 625 678 722 775 932
28 67 77 202 526 567 663 784 916 925
70 421 437 488 617 680 741 785 957 968
21 36 69 186 197 520 541 670 833 917
53 188 275 435 589 625 942 944 949 950
102 136 186 276 567 571 792 943 982 987
8 64 132 398 424 528 598 703 768 867
58 61 66 192 327 349 463 581 775 977
133 311 530 540 583 604 696 782 903 921
69 183 196 208 537 543 546 618 890 941
18 74 143 178 241 460 468 584 607 739
5 156 165 225 331 434 445 537 770 794
51 54 330 444 450 583 706 811 938 944
16 149 216 523 559 604 611 863 924 948
2 338 352 376 415 589 686 840 895 950
72 208 228 255 370 451 539 594 734 920
143 274 311 368 420 441 462 779 916 932
40 196 376 693 711 765 766 886 900 937
90 164 215 281 464 541 766 792 894 943
143 156 332 353 377 694 718 812 906 916
9 201 276 296 349 362 435 559 597 651
220 359 390 653 661 700 934 962 972 994
285 321 394 456 487 488 641 663 695 762
25 56 75 222 459 588 683 717 781 928
183 353 434 442 647 709 737 789 931 951
2 8 320 510 520 580 608 722 767 931
17 107 132 237 450 486 646 656 678 747
241 277 407 417 478 547 580 605 768 838
70 71 88 159 258 406 454 831 896
206 210 256 385 429 519 520 613 868 916
116 242 306 331 451 725 795 862 983 984
132 209 338 530 682 816 822 824 904 915
6 10 106 198 257 277 298 494 948 968
31 85 277 323 371 447 482 697 710 877
59 172 180 195 256 408 680 791 802 864
99 145 276 353 385 521 535 615 739 884
140 267 283 332 427 593 663 719 827 907
250 279 369 423 424 460 470 527 584 939
282 356 523 624 635 704 780 812 879 935
110 185 258 268 512 513 565 668 709
113 117 184 282 454 580 693 723 831 939
104 152 255 353 379 616 643 807 938 989
73 221 434 439 529 562 653 695 744 785
7 19 203 246 425 452 516 616 837 995
6 248 312 363 382 407 721 848 927 951
67 83 166 199 265 658 693 744 867 1000
20 58 181 313 322 525 723 863 974 996
238 318 382 435 580 657 674 742 869 874
70 164 268 325 443 484 601 672 769 939
51 143 252 357 424 574 601 847 853 974
251 270 577 715 725 738 742 901 904
43 73 103 311 374 543 609 726 739 760
399 406 489 502 515 697 753 804 841 984
49 59 63 78 101 424 446 470 606 983
49 72 244 534 783 785 795 840 877 911
134 279 332 342 376 414 495 524 551 693
15 260 287 319 406 614 671 919 956 981
112 143 168 294 533 558 777 842 961 976
58 96 107 108 136 205 511 595 723 956
53 62 89 198 356 383 430 861 911 924
56 156 418 486 503 526 665 706 781 783
50 86 216 276 311 608 777 818 839 867
80 90 191 199 584 671 694 762 798 950
56 87 94 109 172 247 394 567 696 707
31 88 182 192 309 315 352 440 533 937
103 148 209 415 455 535 550 704 813 905
62 212 252 303 315 597 674 780 783 857
139 142 203 256 337 369 583 592 596 746
29 250 261 350 375 519 652 665 709 990
36 402 491 552 617 693 733 894 899 934
46 159 171 191 282 422 434 565 646 768
350 442 474 499 577 697 698 768 895 901
39 77 152 176 298 321 628 741 902 967
7 120 266 549 575 740 795 873 907 942
358 359 444 557 613 682 798 799 909 984
39 100 284 539 611 674 771 785 793 960
22 48 296 384 397 412 467 535 617 660
2 39 47 84 113 274 427 582 636 810
23 116 209 246 298 323 373 400 769 826
19 85 118 148 160 254 288 619 711 796
219 245 312 360 381 409 676 747 807 881
39 197 273 550 620 689 693 826 890 914
91 129 230 333 453 656 680 752 785 865
46 143 308 440 526 753 781 863 887 911
7 29 95 128 256 257 360 470 655 748
85 170 171 178 352 418 565 729 805 969
37 216 304 308 329 502 603 693 919 936
21 330 359 363 500 527 530 676 851 963
155 300 416 450 603 639 661 729 820 889
25 287 427 429 499 577 601 696 781 892
232 315 318 653 678 705 713 896 972 993
60 63 203 218 265 316 431 858 879 925
31 332 383 610 650 706 736 833 892
30 319 339 391 400 405 568 653 778 794
20 159 257 270 294 691 822 834 907 933
44 282 354 517 532 577 748 762 785 990
190 290 335 504 578 587 754 870 914 937
36 79 95 98 379 524 720 733 886 890
161 267 362 467 527 679 819 932 961 993
169 195 197 416 672 722 853 873 972 975
98 172 176 539 560 606 835 880 941 952
4 180 236 310 424 507 593 789 919
34 108 149 523 533 600 811 816 882 947
151 158 179 198 251 368 386 469 628 853
3 27 111 122 330 387 486 504 548 775
66 181 311 476 580 734 748 830 868 932
69 83 169 297 298 335 349 422 701 964
169 220 242 410 539 612 735 879 949 1000
4 43 94 230 487 524 640 654 768 936
57 65 179 245 246 311 361 442 576 766
71 131 333 437 535 654 741 854 943
8 107 211 376 655 701 773 869 959 993
81 143 460 464 488 501 525 633 786 855
96 118 203 219 310 476 712 808 907
25 81 144 178 612 662 722 870 924 933
44 203 303 350 431 438 450 535 898 931
54 209 229 230 435 445 543 558 640 978
25 48 116 506 514 567 597 657 748 900
151 232 353 378 394 576 752 800 936 956
30 321 346 348 547 764 794 829 842 914
175 238 294 360 381 459 556 616 753 917
11 37 52 290 382 385 500 514 553 626
25 198 302 309 314 369 385 496 530 579
18 131 136 258 396 434 523 546 557 947
73 196 309 468 474 562 600 603 766 912
120 147 340 355 404 452 527 566 645 885
150 215 255 293 371 460 656 821 914 973
28 113 131 240 339 388 495 502 875 911
54 100 269 291 315 456 721 784 855 922
117 142 176 203 277 365 502 833 905 940
46 75 82 162 224 400 402 510 533 841
2 24 64 568 629 640 702 811 929 976
49 117 160 273 425 587 639 773 875 920
101 160 273 290 314 418 472 518 566 697
39 100 112 127 252 359 422 675 727 923
3 33 95 202 341 388 445 526 657 991
40 72 250 252 378 663 672 872 906 978
47 50 54 267 410 455 531 593 677 826
71 120 221 402 450 567 690 770 891 982
70 75 107 181 297 446 632 687 748 982
155 179 243 392 436 504 591 689 777 887
99 133 138 242 319 689 727 755 962 986
108 230 295 303 460 538 751 764 770 834
46 75 426 535 543 590 658 748 875 892
167 192 200 224 283 384 397 510 656 754
15 359 370 546 600 662 747 899 933 983
391 523 541 544 585 676 742 861 927 943
315 400 594 660 724 851 892 951 962 965
68 161 339 418 517 637 862 905 955 967
18 58 95 153 243 260 288 436 869 893
248 349 350 566 597 691 791 794 855 901
147 624 711 724 725 739 806 827 922 957
33 152 247 398 410 480 510 725 785 898
20 85 131 154 359 390 534 621 679 846
3 82 171 373 515 529 782 792 810 880
120 185 479 550 551 701 727 790 817 841
168 183 207 394 435 494 505 571 791 823
55 213 226 439 546 547 694 748 766 830
46 123 340 379 389 400 513 625 664 680
150 174 182 253 463 654 703 794 803 990
139 144 281 323 369 533 816 870 874 961
187 282 480 506 597 600 705 784 805 941
268 323 338 456 508 566 700 783 857 884
169 209 258 350 362 542 596 809 940 954
32 100 190 255 519 527 591 611 763 982
6 161 218 404 469 567 623 628 689 996
127 286 329 362 457 487 504 755 767 790
179 202 317 425 536 544 596 602 632 847
62 252 255 414 441 569 828 900 911 931
58 152 337 348 498 531 588 631 673 833
128 159 290 354 500 564 578 655 896 976
27 87 163 175 179 467 605 674 762 782
84 214 242 388 400 469 667 753 928 940
144 302 315 357 492 776 795 869 907 973
78 184 195 229 408 463 530 595 630 634
102 314 376 387 443 503 639 664 676 908
25 264 275 317 436 505 580 650 837 873
10 255 326 486 629 766 772 810 818 826
13 224 393 438 592 619 623 830 918 964
55 133 217 404 572 615 618 697 817 983
116 119 306 532 567 675 813 882 883 965
107 197 299 337 374 441 482 581 798 869
189 299 325 326 382 421 450 625 827 878
282 466 510 542 608 645 733 828 968 975
25 106 296 306 356 479 681 710 753 950
349 385 450 451 534 641 814 953 985 990
3 54 281 383 651 699 704 795 925 935
372 386 398 510 595 715 819 831 862 963
77 236 257 297 578 779 786 818 919 999
99 101 136 263 378 385 393 650 758 828
191 196 220 449 513 717 785 844 884 986
468 506 524 525 581 582 620 773 869
113 151 198 344 463 758 836 884 956 993
21 398 417 498 592 593 611 672 868 968
162 225 292 342 690 705 717 735 759 851
113 154 220 386 404 410 531 549 680 772
71 108 253 312 384 454 571 748 785 954
154 274 571 575 691 696 740 824 983 996
85 101 429 455 593 634 751 851 886 933
102 128 173 298 335 368 473 807 823 837
61 137 424 498 631 667 831 880 887 920
58 156 235 238 488 655 722 725 831
13 129 234 304 382 496 576 751 777 916
51 103 382 457 578 698 826 830 888 998
19 88 96 124 140 374 443 534 577 957
140 271 286 569 610 691 807 887 937 968
10 48 370 508 613 714 905 913 931 976
3 159 347 576 582 652 762 790 827 962
175 384 414 442 506 562 696 836 864 885
39 69 626 631 659 688 692 777 927 983
45 48 191 236 326 352 610 775 792 885
6 64 76 265 313 383 463 780 788 987
71 74 134 181 241 412 592 634 714 907
99 116 248 273 380 491 601 631 743 821
32 58 221 354 412 473 621 722 860 904
85 109 118 414 482 622 812 946 952 986
26 57 206 242 492 548 654 734 781 949
58 145 186 230 582 589 642 770 968 974
20 454 480 500 531 606 611 672 717 851
188 299 309 335 413 483 578 612 728 955
191 209 213 248 308 330 446 460 792 998
222 491 524 553 635 715 868 870 957 968
99 164 269 421 513 646 790 827 946 999
78 194 296 473 624 651 745 782 799 988
46 70 159 168 272 292 297 368 681 965
283 443 519 669 696 741 792 885 897 901
89 213 219 254 358 381 657 682 757 909
14 45 152 307 310 339 417 776 845 952
276 324 380 545 630 706 711 800 894 975
135 196 347 388 736 743 858 865 958 993
55 106 198 341 462 553 685 743 772
251 292 394 653 766 777 865 890 923 973
36 151 263 290 362 386 469 837 962
7 181 437 450 602 685 695 817 819 865
36 63 99 171 275 365 385 590 852 869
50 103 171 478 484 576 617 698 786 841
110 136 264 307 381 590 724 793 808 810
14 83 101 466 530 632 666 676 849 896
5 196 212 486 691 733 922 930 946 969
28 173 251 469 478 678 744 844 883 926
220 564 659 733 753 756 907 932 975 997
64 72 151 160 381 530 560 719 840 960
252 274 370 570 610 611 612 773 914 994
74 178 514 554 567 578 647 795 937 982
42 263 402 448 493 795 803 859 928 949
136 192 532 641 661 678 818 934 950 954
161 234 422 427 505 578 596 756 762 851
5 59 211 225 457 479 620 825 851 890
87 184 307 557 619 650 718 733 738 831
114 139 161 353 376 461 602 711 794 928
71 163 165 179 209 239 255 609 640 956
126 293 312 341 389 403 416 558 575 833
97 184 194 307 312 316 369 545 657 830
230 306 407 535 698 706 725 753 769 842
79 97 99 144 197 627 666 669 879 908
71 193 433 446 461 536 591 631 910 941
29 124 496 596 671 693 708 823 864 902
18 70 185 446 561 653 866 871 906 911
201 317 395 413 479 530 579 758 864 915
23 90 248 275 578 759 811 856 879 983
211 256 381 390 429 527 650 796 864 935
71 288 383 467 798 822 852 854 881 948
210 296 314 328 452 639 749 795 978 989
99 276 315 461 481 485 509 762 904 941
66 99 107 117 283 339 371 511 562 810
24 60 70 102 118 564 595 904 911 941
133 178 299 632 735 752 795 821 829 913
157 256 262 294 407 723 798 875 944 963
7 118 128 142 217 607 643 723 860 946
5 202 302 367 590 620 685 699 733 874
43 103 153 154 377 382 420 720 950 984
77 120 193 217 276 316 370 386 800 850
52 59 69 130 231 261 491 610 692 894
17 140 177 304 456 514 570 777 831 987
40 243 332 351 372 404 472 556 679 693
91 205 214 314 493 542 708 861 864 949
211 278 371 380 443 451 603 653 847 893
52 152 204 425 445 456 595 691 945 953
470 478 490 566 775 814 852 857 903 978
7 206 272 344 484 516 659 708 810 873
18 293 374 629 690 700 753 856 867
106 207 323 361 456 503 555 568 644 683
64 384 420 498 555 624 933 961 985 990
12 189 309 336 408 589 767 798 882 893
100 162 273 286 463 612 715 788 852 955
66 106 226 543 634 830 841 887 901 993
115 124 402 447 467 583 631 766 854
142 231 272 429 461 508 601 778 896 904
149 222 418 572 665 686 717 748 786 918
129 222 380 415 494 529 718 728 929 950
112 172 281 284 306 386 536 877 892 902
165 256 358 372 448 517 583 654 906 970
61 215 257 285 352 519 696 900 901 919
57 144 153 167 413 616 663 719 857 953
141 219 247 390 623 630 669 703 910 940
335 357 409 458 581 594 606 694 849 943
109 154 278 366 461 474 494 553 574 610
78 283 301 322 394 445 531 537 765 869
159 172 187 253 370 458 486 522 690 722
7 91 227 263 304 669 676 735 898 899
70 153 169 180 201 224 236 557 623 812
24 262 377 384 392 499 583 611 893 943
45 69 94 229 236 260 419 631 794 957
14 180 364 482 494 605 723 735 825 969
128 170 240 348 489 506 712 726 733 795
97 157 185 350 388 391 422 473 650 790
127 178 216 435 592 647 660 739 808 917
17 46 54 106 376 686 711 845 866 907
23 41 57 151 297 480 485 613 865 997
78 259 430 473 487 600 722 877 892 930
21 42 90 387 526 572 600 608 862 911
319 427 548 579 609 629 650 862 894 955
163 410 464 495 572 588 662 691 738 752
70 226 251 254 298 459 497 625 871 966
70 111 171 223 238 532 545 587 651 667
155 166 290 565 599 668 682 698 772 815
16 302 355 618 638 715 721 869 927 980
89 281 354 373 404 619 647 723 784 801
119 152 225 230 247 297 303 604 693 813
325 367 544 607 609 690 734 818 851 991
18 55 68 79 258 462 472 586 924 988
80 126 138 335 363 548 810 816 872 948
12 126 293 325 327 720 742 828 830 959
25 68 138 154 373 668 673 717 819 968
8 196 355 414 471 532 734 874 902 919
127 219 224 240 247 347 490 504 751 812
128 391 397 404 549 651 664 697 788 960
243 268 376 416 545 590 677 702 969 971
30 208 343 426 742 775 801 866 876 911
50 144 161 207 287 627 751 752 881 974
111 199 221 655 763 773 791 880 921 989
134 135 204 396 415 481 573 661 959 973
215 303 351 491 525 686 753 772 821 890
62 113 158 211 328 430 680 691 805 968
169 321 329 390 427 470 533 666 742 996
61 141 420 445 447 575 612 810 827 918
52 298 336 349 359 534 567 667 716 763
105 122 180 205 324 351 386 637 769 953
174 230 344 361 396 525 591 645 709 752
9 178 221 299 453 467 468 689 733 977
231 250 483 487 594 637 656 824 937 955
25 176 195 437 587 607 661 744 844 944
184 240 268 330 343 349 400 496 905
130 138 173 414 455 670 769 825 878 959
47 217 298 413 447 493 581 630 732 915
59 91 182 221 446 485 499 580 652 866
13 34 41 91 163 311 331 355 503 698
42 387 457 501 591 679 695 714 822 964
23 176 201 210 261 514 717 798 818 890
227 307 339 392 409 418 606 747 789 946
49 211 247 308 366 402 412 607 786 822
31 111 150 526 562 728 746 840 917
150 229 280 341 406 592 739 806 837 986
70 173 473 543 563 762 842 874 886 945
83 91 94 383 581 602 652 727 831 920
22 428 548 619 631 719 783 817 839 915
119 299 331 332 362 409 492 711 785 834
96 98 192 231 295 400 451 570 629 713
161 164 319 580 655 723 866 945 975 991
87 183 192 483 608 739 862 913 954 992
5 44 51 53 117 223 264 395 407 430
2 32 52 76 263 360 374 634 761 964
104 330 352 394 536 619 682 736 796 856
21 88 153 289 356 418 503 703 772 887
144 196 335 344 526 656 737 790 885 906
66 273 292 391 405 512 615 684 850 906
50 293 408 539 553 665 692 742 755 993
81 167 216 232 450 456 520 544 695 768
174 221 452 591 592 637 641 653 804 844
17 267 279 325 420 488 623 647 777
50 117 383 516 539 543 687 844 880
52 104 323 504 581 628 707 858 862 977
50 112 154 370 502 715 778 878 888 946
286 367 540 548 740 747 755 862 874 891
71 230 309 411 656 793 811 885 908 975
43 78 109 269 347 591 651 666 789 861
124 285 387 415 692 708 754 808 837 988
285 299 387 435 604 628 629 773 803 877
65 170 219 261 268 705 737 813 862 893
187 194 319 369 531 605 676 734 815 842
2 31 41 72 171 185 236 591 672 864
116 186 363 497 659 675 699 829 843 906
184 198 221 598 645 672 819 869 983
103 123 195 202 225 450 509 573 705 848
452 590 600 689 782 850 854 877 910 990
108 234 318 330 436 492 687 751 880 886
150 286 626 688 701 704 715 820 842 960
90 215 217 360 448 563 737 802 894 907
30 171 232 277 328 723 758 816 861 950
274 278 304 312 412 541 578 597 715 945
100 352 354 429 548 629 686 704 719 833
188 201 214 264 577 610 640 847 897 915
119 168 200 406 602 613 629 763 816 978
43 185 282 293 310 343 429 785 786 821
6 69 109 317 452 589 666 781 876 923
158 237 321 388 464 579 636 869 925 961
3 6 142 149 312 370 569 644 648 788
21 74 125 164 572 632 707 889 933 955
50 221 257 283 384 476 587 652 890 969
36 137 263 440 568 698 707 830 953 996
1 99 251 326 451 488 695 719 827 971
19 332 649 705 769 791 793 826 844 888
173 181 219 260 339 476 521 639 709 888
58 152 212 307 516 628 681 706 748 870
32 38 136 159 237 429 592 618 760 814
33 46 213 339 419 450 676 748 853 992
149 162 538 555 708 781 889 900 922 1000
12 96 234 242 280 343 349 588 691 710
25 191 345 604 628 663 742 746 935 988
13 52 139 215 223 236 286 320 385 845
35 133 248 332 385 487 494 801 808 849
142 246 282 300 304 371 621 638 942 966
244 320 323 445 577 610 627 705 827 841
160 169 363 373 505 508 715 847 878 971
69 204 249 287 384 670 849 872 916 1000
150 171 303 342 447 511 625 758 879 997
39 201 298 349 454 518 579 776 820 834
75 104 241 264 335 494 631 707 873 910
249 308 392 577 646 723 862 871 897 968
20 41 94 233 428 521 529 541 788 847
96 136 230 396 568 586 621 802 830 926
75 461 570 665 697 786 794 870 904 908
25 154 289 309 321 336 506 634 817 847
64 85 169 184 208 267 353 756 805 905
24 192 230 322 457 632 727 773 808 909
35 40 286 516 566 770 789 808 863 922
7 373 399 441 560 637 665 793 822 896
10 63 101 156 271 395 448 706 770 927
18 33 72 87 241 456 536 592 750 927
21 37 103 106 117 187 587 605 884 903
203 269 311 349 395 516 524 546 676 725
86 101 120 201 242 549 651 757 974 983
211 316 496 552 604 629 633 769 906 999
86 105 243 331 342 343 523 536 637 675
125 155 255 329 343 424 485 539 595 760
184 220 238 331 352 374 482 520 722 990
1 106 144 336 353 434 482 607 722 992
66 87 146 385 604 627 679 693 811 823
21 167 175 186 253 256 283 821 885 972
58 71 142 361 366 443 511 749 752 823
57 144 162 175 202 270 457 643 712
87 200 265 317 368 372 558 600 852 938
163 175 221 255 358 479 481 575 914
617 630 684 810 819 881 899 938 942 950
44 52 55 108 465 485 552 611 842 915
58 63 69 109 366 432 477 535 892 963
70 170 204 263 418 452 873 894 988 998
47 187 227 273 461 550 572 702 803 998
6 210 244 272 372 430 458 548 585 686
154 219 237 298 472 516 610 705 729 935
50 153 236 275 354 596 708 767 817 930
11 12 29 165 180 425 635 736 854 882
25 27 48 109 123 206 707 721 728 775
201 255 280 364 465 512 663 771 799 840
106 163 238 302 327 333 479 508 805 836
102 134 207 400 495 703 798 818 893 953
56 112 286 453 638 639 691 747 776 893
52 303 386 467 603 636 741 860 892 918
56 77 127 427 456 584 642 760 793 934
78 107 108 180 296 455 548 578 875 891
156 168 383 801 842 896 944 957 966 975
29 58 313 562 588 677 746 839 863 969
492 503 546 671 685 698 726 741 827 847
14 111 127 219 287 473 576 616 766 941
1 93 121 210 377 403 517 593 947 962
78 95 225 276 396 439 458 464 790 845
24 214 245 317 344 572 657 681 689
82 135 165 182 449 622 729 732 800 958
85 250 371 645 670 876 912 937 981 992
18 78 108 324 355 443 622 751 814 927
20 78 283 337 538 610 666 667 669 898
27 115 354 385 562 690 740 781 821 891
28 108 208 313 400 588 669 750 904 999
126 155 286 420 421 555 632 650 872 993
93 109 143 252 285 331 402 506 638 998
95 192 349 402 413 480 680 732 770 821
215 333 334 375 399 589 662 677 713 981
56 172 206 285 375 518 598 616 620 687
36 81 205 262 288 354 436 555 703 865
171 179 184 335 379 450 465 679 689 996
43 65 104 192 226 293 478 635 861 908
496 503 533 568 619 700 723 805 847 874
52 93 416 451 527 557 575 829 892 929
31 124 190 344 562 581 724 741 825 913
35 271 283 312 414 529 601 743 774 922
52 59 107 131 212 281 305 393 733 771
66 81 82 239 301 421 499 755 798 973
102 290 433 439 481 624 640 759 845 903
61 202 324 328 526 680 811 828 932
15 42 136 146 321 382 531 588 594 895
138 148 185 365 448 502 558 560 602 915
135 237 262 408 443 506 519 562 586 976
297 396 519 624 635 645 661 807 860 937
59 98 121 153 205 230 243 551 636 852
199 303 435 461 476 488 600 683 761 846
22 97 125 192 292 488 550 640 669 966
167 171 233 607 691 745 820 866 879 919
43 320 337 421 461 638 686 694 757 971
404 408 465 575 585 679 682 707 721 889
54 133 163 164 539 549 571 576 669 885
161 255 374 517 578 615 796 800 905 970
19 93 142 298 502 569 622 657 923
78 195 393 448 599 735 773 809 879 889
6 107 120 128 189 214 684 727 738 916
38 91 225 240 355 387 515 816 908 931
11 141 274 457 576 654 713 736 867 888
93 117 431 549 587 776 811 927 943 963
159 170 212 306 346 410 604 608 787 945
65 159 491 532 745 755 794 815 869 1000
178 213 408 473 543 695 768 860 984 1000
126 187 281 342 566 576 674 702 744 761
25 39 43 54 104 361 387 418 509 768
188 210 221 318 433 546 652 709 743 921
6 30 298 341 343 655 876 885 893 926
3 146 154 165 176 308 624 654 752 787
142 168 315 368 562 577 648 815 826 895
30 51 117 185 295 347 360 427 717 942
173 387 523 575 596 713 752 785 814 916
2 36 171 187 217 296 495 757 796 859
5 15 165 201 581 649 768 866 910 952
111 381 437 594 654 673 682 789 834 841
81 165 173 200 313 417 740 823 862 938
52 78 86 326 445 464 572 578 808 935
22 123 190 204 322 326 720 723 818 912
153 156 259 302 589 617 681 756 793 900
204 310 312 337 365 378 476 520 806 864
33 143 290 392 401 402 424 586 850 904
31 43 525 687 738 741 815 838 857 882
62 172 334 488 554 687 869 871 882
50 164 309 347 391 608 699 893 973
77 135 175 295 301 381 472 482 630 680
165 203 206 350 382 388 636 771 784 964
5 37 39 99 211 403 476 497 613 685
345 356 458 473 641 674 696 708 802 956
14 58 62 66 440 521 554 620 722 970
111 425 513 534 601 649 729 746 817 972
11 114 317 344 382 452 647 693 934 941
385 438 503 644 684 776 805 807 934 976
31 174 250 461 503 520 583 636 644 782
161 170 172 177 217 296 589 646 956 995
153 234 263 625 634 732 894 942 987 999
8 150 239 334 335 471 558 795 806 924
87 195 286 384 522 545 666 675 678 986
60 86 289 488 494 553 594 721 910 959
82 118 237 251 276 376 446 474 514 979
53 90 238 277 333 676 698 716 732 753
49 57 214 355 487 518 759 832 911 1000
150 388 497 558 565 571 636 752 911 994
50 151 286 300 402 508 515 534 842 959
91 513 599 645 685 723 847 855 961 999
99 410 480 591 615 662 736 810 921 939
82 100 191 293 360 376 555 673 999
84 226 312 418 567 643 651 801 823 998
147 242 257 505 523 547 549 556 929 937
40 71 228 349 523 629 723 852 939 980
10 12 78 158 199 468 553 795 839 948
38 110 436 459 472 640 664 854 856 937
177 191 303 319 419 450 477 710 814 839
6 65 178 204 247 365 373 771 773 784
69 121 154 156 174 339 360 372 559 674
33 110 145 157 337 404 460 687 767 882
74 208 268 291 366 528 540 559 757 867
154 224 248 275 327 450 772 778 788 902
141 194 208 441 592 701 707 721 927 988
11 50 82 132 187 193 374 405 456 477
38 82 230 239 310 323 715 794 831 917
26 55 239 301 435 670 740 775 815 875
119 151 274 782 828 836 895 952 970 990
109 114 271 540 572 696 827 841 878 936
63 270 435 453 554 597 676 688 894 997
102 107 139 210 302 451 511 533 742 840
70 198 317 333 437 695 731 825 848 867
52 81 134 244 502 740 747 766 905 999
11 21 56 246 415 456 527 567 584 710
123 208 243 354 355 388 621 680 746
168 194 404 512 641 705 736 756 801 873
185 246 413 519 525 592 828 832 895 932
268 504 599 712 851 869 927 934 986 999
125 206 298 471 609 663 665 670 757 807
72 82 365 399 531 798 944 952 957 983
34 83 103 262 309 340 423 836 903 912
11 23 67 103 669 708 716 871 874 961
276 327 399 587 685 710 739 740 770 922
8 38 190 269 280 387 487 540 926 975
123 171 223 267 541 717 747 796 852 983
79 290 323 395 484 533 631 698 711 735
36 223 323 456 814 833 881 904 927 956
143 161 220 335 420 485 511 738 916 931
1 164 230 397 421 423 435 638 675 974
88 119 148 228 412 446 468 658 726 824
236 441 474 496 508 782 838 964 978 986
22 72 78 530 599 622 650 700 862 953
37 251 267 269 343 499 570 749 851 954
111 172 284 467 674 681 818 860 900 937
9 33 161 226 351 376 383 536 791 968
20 50 232 291 350 560 620 808 861 909
25 142 308 349 581 641 665 668 789 967
76 235 245 522 529 533 599 640 690 733
51 312 408 658 705 707 758 856 912 930
32 112 175 287 386 508 550 641 687 890
108 310 329 421 469 627 687 741 798 839
11 104 250 260 320 541 555 662 663 938
436 467 661 750 769 789 817 827 873 937
59 88 327 349 536 622 667 717 770 951
38 308 396 414 416 583 819 841 842 874
296 306 388 468 590 804 864 877 934 966
96 115 425 446 498 609 634 637 877 895
55 166 180 210 265 284 302 347 459 465
363 420 527 579 601 606 732 736 982 986
151 272 344 400 565 600 618 859 901 957
108 135 159 480 537 570 795 852 854 902
20 137 357 381 540 832 862 923 980
3 332 494 557 720 728 749 871 927 937
2 102 210 301 389 713 868 874 924 934
3 62 79 179 243 285 423 699 725 984
138 393 398 438 499 599 623 677 721 996
95 364 440 464 483 693 756 846 898 990
26 54 188 270 273 332 376 626 651 870
143 223 253 391 599 651 656 704 713 956
6 60 81 105 168 193 488 542 616 713
41 117 183 285 360 387 565 750 855 862
84 166 192 297 314 449 527 539 566 945
110 116 125 236 262 361 371 390 435 444
24 268 275 459 489 503 718 723 736 884
1 39 58 146 316 521 626 638 746 902
2 94 238 266 297 311 334 673 722
142 206 313 350 386 495 718 810 831 965
96 213 317 366 601 789 889 928 933 967
246 247 328 385 546 568 646 875 881 956
197 243 269 372 388 468 795 888 925 996
140 241 319 330 423 469 624 662 774 957
13 405 427 520 664 806 851 874 927 940
17 44 48 161 268 408 515 544 576 907
96 122 478 508 633 701 742 784 986 988
13 177 283 466 529 707 762 788 914 920
47 61 429 455 538 586 710 746 778 920
33 71 77 106 252 339 405 605 631 960
18 94 305 463 530 561 637 670 802 882
33 88 187 353 354 456 665 767 831 842
205 275 289 303 495 543 559 832 899 914
114 290 303 349 399 422 448 698 824 951
37 42 231 258 327 514 679 893 960 978
376 539 557 608 738 836 921 931 953 973
287 420 421 445 460 480 700 712 795 998
7 58 100 199 205 377 567 739 805 816
198 230 233 326 543 682 727 736 839 970
88 100 258 325 465 691 844 866 868 958
37 318 364 373 405 581 733 778 911 940
123 228 231 546 593 644 655 689 927 990
2 20 475 567 723 832 862 877 938 978
57 113 212 295 299 336 369 383 525 782
157 179 193 194 311 371 505 619 643 999
144 191 246 294 385 401 507 739 763 896
93 132 299 332 375 419 511 521 805 879
5 133 235 341 496 580 648 742 933 963
49 130 238 256 427 745 761 771 818 996
87 98 229 494 678 784 793 804 867 873
13 88 141 215 233 295 641 660 781 892
35 277 309 496 504 526 621 640 770 924
100 188 396 418 445 596 613 881 900
47 189 261 264 286 501 623 658 840 929
351 534 539 594 619 754 800 802 816 1000
246 255 278 291 355 491 618 773 982 992
235 236 353 395 505 512 556 843 880 982
76 228 270 356 630 657 702 811 826 885
67 86 311 579 750 763 844 863 955 976
19 168 239 265 445 476 535 655 713 874
81 150 408 484 504 518 633 772 911 922
94 214 325 461 465 564 598 717 766 843
104 267 280 435 555 582 593 732 746 930
84 87 180 361 410 772 799 817 836 849
58 68 200 408 505 529 687 743 756 768
110 127 175 271 342 376 435 751 829 922
21 293 330 387 449 469 565 574 709 741
28 101 252 411 417 623 625 682 907 913
84 196 231 249 382 405 439 726 744 780
93 153 201 577 618 631 715 757 940 941
172 213 272 329 339 468 600 837 876 890
9 213 274 370 458 559 682 794 843 997
113 250 307 358 395 409 415 458 878 898
7 87 113 265 338 605 673 677 709 904
56 65 97 172 248 375 609 678 901 916
45 222 298 399 460 578 593 761 849 952
5 66 197 218 271 347 435 556 779 866
184 276 442 463 532 667 757 804 880 882
59 61 109 141 331 370 449 571 645 713
77 290 303 333 366 687 698 835 913 987
2 81 130 363 501 579 601 618 731 743
39 117 176 328 524 561 635 835 993 996
10 136 149 181 404 410 515 631 741 856
214 290 467 506 560 572 773 828 851 953
38 145 192 330 424 479 507 562 589 808
107 118 120 206 325 360 399 408 621 775
97 261 393 606 656 840 860 887 931 964
115 196 200 373 581 627 674 754 775 854
30 268 406 419 447 582 590 735 836
161 497 549 551 777 814 820 858 914 940
97 99 404 507 541 758 838 902 948 956
139 147 422 499 557 568 625 657 813 979
10 40 89 176 338 464 537 630 731 969
168 203 348 414 532 572 586 676 958 998
2 87 166 194 295 404 420 586 642 899
8 375 383 390 671 794 826 865 877 927
78 96 208 435 504 594 619 702 766 889
2 35 139 144 229 336 771 859 870 876
2 40 132 421 451 543 589 613 793 825
36 45 98 330 352 427 574 829 903 945
169 199 263 356 547 648 693 736 876 977
310 402 569 630 714 770 807 860 881 975
147 297 460 583 640 724 744 841 918 986
279 316 384 592 748 815 820 834 876 949
78 192 357 437 496 534 572 600 799 973
8 38 150 221 316 383 501 615 689 846
75 190 245 269 346 438 527 545 560 789
70 90 159 185 226 251 268 589 716 902
39 125 169 241 345 465 558 709 774 988
112 219 251 258 495 597 680 840 865 987
53 132 138 187 274 386 425 684 694 833
29 76 98 130 139 321 420 606 757 956
34 342 473 634 663 774 783 877 911 937
248 260 381 486 511 672 682 857 868 944
124 154 233 272 303 569 607 732 758 945
97 335 489 492 527 662 717 763 904 955
276 312 353 443 497 662 719 726 744 835
146 432 454 509 590 655 697 792 936 967
48 83 238 273 322 480 673 725 827 948
175 199 323 375 543 766 777 922 946 986
101 200 372 415 496 525 560 600 704 723
46 149 227 263 665 711 849 882 958 982
71 95 142 168 270 515 520 665 891 984
242 259 309 376 380 742 872 943 968 980
61 113 262 349 413 518 527 646 739 941
39 105 395 627 661 739 789 806 917 994
137 431 590 597 720 731 760 784 826 885
81 112 130 221 258 428 607 742 843 849
5 209 341 455 462 480 512 671 691 697
106 143 170 293 424 498 549 709 859 908
43 63 74 444 461 763 840 893 957 970
89 115 118 136 267 744 816 861 954 997
125 227 248 484 511 707 820 900 952 961
90 160 256 315 373 627 632 706 849 912
29 140 198 200 261 353 476 749 829 835
59 192 277 294 297 469 499 724 797 845
6 79 86 250 381 430 472 597 602 663
229 251 316 494 580 602 606 705 795 920
17 24 118 223 274 294 361 622 915 977
29 81 128 135 250 299 412 445 583 752
143 275 351 450 522 535 588 736 946 970
46 77 306 314 331 345 436 598 654 984
158 379 623 743 769 802 817 837 956 963
71 88 113 317 454 489 595 626 849 954
309 326 329 368 469 623 734 755 918 965
44 254 274 353 410 714 759 806 821 854
144 229 248 252 307 363 482 679 859 870
19 228 327 344 349 387 407 632 778 857
65 78 96 117 207 368 374 376 827 856
43 63 132 219 373 385 511 610 737 758
16 213 291 453 529 641 739 931 938 976
61 88 89 98 200 415 638 692 934 969
15 23 175 328 410 507 582 667 739 797
40 108 289 311 322 325 416 659 685 696
123 154 167 284 717 726 850 930 951 985
58 84 138 176 204 315 488 608 679 740
254 349 356 432 505 627 704 803 835 977
30 85 179 194 286 497 626 671 872 893
21 55 261 563 663 704 816 837 908 969
5 38 80 208 365 545 559 866
28 124 142 315 331 364 366 388 647 899
323 355 422 435 607 611 708 802 877 955
2 6 106 235 242 332 379 418 423 435
74 207 278 373 540 624 669 846 950 951
18 98 182 275 430 572 588 606 669 933
18 134 206 290 315 538 556 757 804 865
133 359 396 594 603 736 762 783 868 892
55 280 318 431 551 762 798 805 853 959
50 124 254 260 517 586 629 715 840 913
42 65 137 199 312 416 759 808 850
31 71 263 308 556 620 671 681 708 729
65 161 217 233 453 521 579 746 903 946
19 51 176 194 464 490 551 748 889 969
23 157 406 462 627 641 705 755 907 908
18 203 302 333 358 431 549 614 646 853
11 236 242 369 617 726 764 834 877 892
55 163 215 346 417 579 725 809 885 892
63 83 98 136 145 146 274 358 430 590
23 68 289 531 551 624 701 818 879
68 253 284 331 497 505 583 769 782
20 62 452 514 536 552 571 656 721 824
208 322 508 546 635 898 919 938 973 976
175 184 304 364 376 688 800 856 880 970
198 293 294 391 443 461 711 795 905 958
44 117 283 355 407 595 746 760 944 959
16 117 190 351 562 755 802 808 854 891
165 197 372 390 413 546 616 662 678 993
42 90 104 372 441 484 632 731 949 997
78 103 129 395 426 445 683 721 819 868
191 198 334 346 449 516 582 722 728 951
188 216 336 346 388 428 442 478 519 960
14 62 169 499 616 744 826 845 870 939
92 193 257 440 513 622 626 667 778 963
79 180 479 551 648 742 754 786 888 955
100 107 221 238 647 683 721 754 777 880
7 148 182 195 209 418 433 654 752 828
111 124 185 243 330 604 803 840 871 964
15 329 409 521 533 609 752 780 790 940
118 122 153 478 556 673 702 800 834 926
16 54 108 258 537 728 833 851 887 895
89 210 211 506 645 656 681 705 830 973
89 146 277 299 344 413 506 591 701 915
29 156 181 207 416 426 473 519 720 746
60 196 300 364 467 480 561 569 805 951
133 194 235 262 373 416 601 820 900
42 293 321 420 442 565 759 793 860 937
12 219 367 475 515 566 591 615 716 969
75 92 305 427 601 644 673 777 811 882
129 264 367 647 675 805 852 887 904 917
57 160 199 447 460 566 678 736 805 973
32 221 228 290 291 457 595 818 930 959
131 213 317 458 572 620 660 689 693 992
5 108 491 501 585 611 650 671 740 840
6 289 657 779 825 881 897 931 953 955
51 80 141 271 524 600 651 707 736 1000
44 266 272 329 461 542 621 743 778 965
43 68 130 160 229 236 378 545 548 707
141 151 313 418 428 735 817 906 932 977
110 135 275 283 302 420 548 702 810 896
1 17 103 231 273 278 303 442 459 995
33 73 112 225 340 457 557 689 779 964
14 449 492 551 674 694 808 917 923 991
64 170 209 348 428 472 476 627 723 880
191 543 654 682 689 696 782 818 897 994
11 96 206 272 279 281 379 384 483 823
163 224 285 396 531 555 592 638 759 860
40 332 403 432 629 649 724 774 847
40 178 278 280 309 329 344 413 689 947
60 62 102 143 160 216 429 571 715 734
33 173 330 653 704 891 907 919 985
93 163 232 308 353 448 459 649 768 770
94 109 195 334 369 393 597 623 725 839
98 354 390 450 510 598 608 662 687 837
43 343 357 740 741 762 766 887 903 987
79 104 133 339 358 477 489 651 771 989
8 35 286 328 431 475 543 716 743 797
1 26 31 105 236 392 422 657 666 948
30 73 75 533 559 588 679 861 863 960
25 276 295 365 593 594 708 714 917 980
112 355 634 701 802 828 858 877 978 994
320 388 427 502 626 767 814 835 851 919
127 207 255 396 399 529 626 800 875 886
16 258 383 428 439 489 521 833 920 986
104 107 154 158 248 410 469 473 835 861
238 370 408 420 421 587 744 753 775 963
42 175 275 364 389 634 647 921 927 988
42 84 103 119 269 462 504 621 804 811
32 144 166 199 390 562 577 734 919 987
41 101 132 181 211 221 395 748 900 924
76 164 216 279 340 492 604 823 860 874
35 39 117 149 360 395 441 614 730 960
20 127 230 311 323 330 383 474 572 823
39 115 195 237 360 602 737 895 956 979
24 37 187 288 324 542 630 719 950 967
79 325 505 511 571 591 638 744 989
309 319 401 487 727 881 882 896 906 958
95 165 584 591 674 775 776 784 869 975
21 227 387 422 492 611 627 747 809 923
6 8 167 170 804 919 932 942 962 983
93 303 358 564 638 647 758 780 785 946
21 205 254 353 396 428 554 624 793 915
6 397 510 618 662 773 877 926 962 990
55 164 214 325 362 487 525 708 729 774
13 19 87 262 286 429 542 690 738 838
60 575 579 594 639 738 794 870 900
20 251 325 352 665 702 711 845 892 921
28 83 176 332 349 433 638 715 752 986
42 99 199 213 386 452 480 644 659 941
121 189 195 394 473 474 756 891 944 963
9 67 82 141 273 444 625 795 805 967
83 338 341 374 513 623 652 861 917 961
130 295 330 430 463 569 664 778 822 827
123 127 151 253 257 319 332 428 639 718
50 175 215 440 461 551 670 697 877 962
60 93 222 411 438 472 515 793 890 909
45 53 93 210 385 393 588 736 820 861
50 152 164 354 364 440 592 671 829 992
104 146 172 249 481 634 638 724 748 754
113 261 459 578 643 829 837 929 977 990
102 307 351 435 443 477 516 762 772 816
4 37 38 61 285 354 606 643 758 983
7 20 28 68 549 593 691 732 902 977
94 247 392 434 487 571 791 809 869 988
132 202 381 411 418 537 682 794 817 847
30 67 78 120 437 634 796 818 854 868
171 279 318 380 480 548 573 673 947 965
54 75 137 319 428 457 832 873 906 935
34 156 265 478 490 540 590 593 643 799
110 453 626 641 657 688 746 783 806 989
59 122 374 593 604 681 703 748 797 823
22 32 44 48 224 540 630 643 655 944
77 163 187 195 228 311 347 607 869 872
4 125 246 314 372 663 695 842 921 944
136 154 266 355 374 472 645 772 816 826
11 35 257 258 261 415 504 817 826 923
322 323 427 534 550 663 667 727 763 920
275 303 414 536 543 570 680 705 718 761
133 212 261 375 469 618 783 813 836 848
185 299 327 382 484 546 748 775 781 882
60 98 106 328 662 667 672 734 754 899
86 112 272 665 666 684 686 778 920 965
10 204 226 251 275 282 476 530 549 749
60 225 236 273 325 426 525 643 681 947
273 317 492 623 625 851 900 906 975 976
46 179 227 277 311 544 637 643 882 956
154 197 274 345 410 415 419 600 688 767
181 263 299 515 577 656 711 808 874 978
12 114 194 394 531 663 681 734 780 840
47 130 336 514 575 622 630 686 908 984
7 163 255 293 349 350 523 594 700 757
177 421 491 538 545 546 649 844 930
67 114 123 174 186 396 401 498 746 768
178 265 318 560 676 690 772 900 939 977
119 131 365 664 692 754 786 889 913 943
2 8 18 50 98 352 440 509 743 784
23 98 142 375 436 669 685 732 930 966
23 302 356 359 397 398 821 889 950 954
115 139 143 282 371 385 698 711 733 923
61 187 273 498 565 582 634 718 868 912
83 209 338 344 478 631 740 743 821 982
107 165 170 232 239 410 424 575 577 860
149 160 168 354 501 590 682 778 862 965
14 44 337 382 556 648 660 762 764 767
51 91 212 266 302 369 488 491 649 910
213 273 291 321 342 419 501 538 543 791
105 260 290 389 438 516 640 768 884 954
43 116 117 195 354 445 461 562 567 673
122 128 248 301 322 380 464 523 582 865
10 21 89 193 339 507 736 787 924 933
64 98 458 504 618 698 732 884 948 997
100 109 110 183 220 505 614 767 870 1000
30 66 72 499 586 626 631 708 754 859
25 120 147 232 334 457 522 585 611 846
3 161 267 324 343 513 548 671 848 939
285 481 503 560 610 685 760 771 861 919
64 73 234 280 345 406 504 677 745 970
50 296 424 545 575 737 754 760 841 917
203 297 318 333 420 472 622 847 909 990
84 122 233 485 513 532 694 812 923 924
38 104 382 514 538 836 872 880 910 947
278 322 396 591 602 634 724 782 818 932
20 163 259 286 353 367 388 630 642 929
13 194 348 407 563 601 779 805 940 975
412 522 582 617 741 805 812 889 914 984
6 117 452 465 467 538 551 698 728 832
16 17 104 233 255 332 467 474 623 833
85 102 227 229 373 432 474 485 516 553
32 180 354 357 383 458 695 854 919 989
4 16 470 497 599 634 654 741 940 987
12 46 57 298 352 385 635 748 916 939
189 238 354 592 673 674 761 811 953 999
153 220 274 334 369 423 495 751 888 953
70 115 441 456 681 830 835 939 952 979
13 192 391 549 623 693 718 757 794 876
44 102 119 331 409 486 523 915 923 928
31 37 132 268 408 424 469 475 559 750
179 280 491 526 664 718 736 749 808 873
31 109 110 343 389 585 802 865 971 975
135 167 182 242 316 536 565 678 744 828
26 341 565 604 648 650 755 828 853 986
190 303 320 487 530 580 714 834 867 892
37 58 67 154 227 561 595 615 661 988
33 142 151 189 196 526 687 693 872 955
195 223 284 547 670 737 755 783 804 828
13 67 86 147 485 537 651 735 775 819
22 43 81 198 314 424 562 793 798 990
56 303 433 467 477 500 602 610 625
19 85 236 341 383 475 627 723 833 841
21 23 275 451 660 694 733 786 803 929
32 187 230 232 354 477 535 566 750 886
4 134 255 374 458 501 536 674 727 896
207 302 380 426 491 569 673 705 815 838
20 88 182 229 262 392 597 837 851 991
101 322 442 469 505 547 613 634 873 944
53 279 309 416 439 522 539 594 766 813
298 306 328 370 402 739 772 784 835 1000
155 228 414 426 503 541 631 664 806 923
37 161 187 251 274 311 629 633 817 966
55 209 224 406 557 613 680 707 850 987
48 374 540 607 682 716 769 801 842 959
16 297 332 359 479 567 659 873 885 905
34 54 158 269 439 513 563 580 753 838
42 156 207 568 656 749 854 885 979 983
17 279 309 323 471 592 614 733 757 880
66 212 222 532 620 714 784 787 794 977
84 189 270 395 552 576 597 834 896 913
4 226 261 317 467 511 560 569 778 896
54 136 427 448 580 675 846 924 938
86 248 475 556 604 698 828 833 923 998
51 89 206 269 332 381 720 820 934 935
6 64 100 177 306 314 343 361 408 662
60 140 486 512 550 586 650 652 735 979
111 141 308 482 508 587 701 726 795 940
63 247 270 390 438 584 676 695 835 986
58 108 141 186 274 297 512 539 661 893
18 256 439 488 533 632 701 740 927 953
104 130 171 242 390 423 463 530 654 815
5 208 297 319 331 731 820 908 924 935
107 233 245 265 297 453 495 622 798 862
142 152 283 478 493 651 664 754 892 977
4 91 223 279 515 562 709 805 865 877
4 301 415 447 452 581 651 655 731 918
330 361 423 519 609 672 712 864 865 937
86 235 266 389 480 507 566 766 846 958
419 447 503 569 571 764 843 956 972 974
35 106 390 477 481 555 705 795 903 950
85 254 275 348 452 585 709 739 740 830
134 144 275 289 290 349 700 772 813 931
78 92 99 167 169 442 577 607 926 938
43 180 189 261 280 282 407 409 444 903
37 274 448 482 519 627 678 773 825 875
92 223 256 288 404 666 780 841 896 962
7 155 195 242 334 432 456 477 593 622
7 50 181 411 459 555 629 689 783 799
23 89 112 320 454 545 595 683 693 774
51 147 159 219 330 416 593 851 980 991
244 434 467 477 585 590 723 834 835 885
7 11 21 107 491 731 732 778 786 929
14 49 73 208 232 367 490 552 705 758
109 270 360 376 733 755 762 859 980 987
290 324 377 534 537 599 610 633 677 997
10 52 335 345 490 553 643 808 838 995
100 186 218 272 409 589 708 759 910 982
58 156 224 441 444 509 636 726 756 786
12 85 105 120 206 291 420 486 751 764
6 69 132 265 276 404 554 742 748 999
68 183 324 520 604 610 658 716 914 935
44 312 542 659 791 796 901 926 931 985
112 181 215 249 311 411 665 743 956 971
51 135 159 192 317 370 724 819 853 922
87 240 244 256 372 405 477 544 722 806
86 162 209 249 460 474 668 704 773 809
236 293 341 363 528 553 565 708 926 941
145 433 447 528 560 572 786 836 862 927
333 380 411 563 593 627 642 822 964 981
36 46 96 217 306 325 367 448 670 896
7 11 14 105 164 392 417 577 804 842
19 155 220 310 432 533 555 570 585 761
215 339 467 511 619 622 862 869 915 920
58 171 186 681 700 788 820 892 899 907
7 258 359 396 540 677 761 797 863 914
9 59 266 312 328 434 472 516 528 617
43 61 270 302 324 455 817 873 990
191 356 431 439 513 627 690 714 723 936
3 59 120 170 439 468 491 699 799 864
35 149 188 198 434 488 600 651 927 998
259 293 653 743 761 767 825 849 965 993
171 293 329 509 516 574 576 618 809 978
43 123 175 356 625 725 850 863 929 958
61 78 113 218 252 253 311 322 449 803
22 34 122 199 257 465 487 730 789 817
17 44 138 352 408 414 562 605 750 777
26 31 302 331 518 671 777 778 803 880
256 411 469 478 718 807 825 839 865 878
144 322 326 452 715 764 773 792 828 974
171 211 433 484 572 687 748 768 944 978
26 135 168 337 368 443 450 565 632 873
58 127 203 216 392 394 449 591 656 923
13 213 312 343 656 673 802 857 910 986
216 222 262 316 340 444 446 737 844 978
62 165 213 214 234 287 327 363 745 834
67 73 400 417 514 524 721 914 920 965
63 173 242 401 559 663 729 819 905 966
51 83 248 313 315 477 695 875 890 940
60 85 95 235 329 391 658 704 705 974
16 24 108 166 208 410 503 543 691 781
25 143 260 275 305 362 419 460 543 561
30 39 75 103 437 594 653 696 708 991
44 77 209 233 299 408 411 448 648 829
267 272 459 505 609 614 774 783 969 988
62 329 420 457 494 599 645 789 847 973
58 176 215 373 435 487 628 739 833 997
216 305 461 509 551 556 601 635 706 782
7 42 499 522 545 686 916 937 941 980
48 97 251 370 401 432 637 702 979 989
141 515 529 540 667 703 722 764 773
3 334 416 434 721 764 829 891 936 957
92 292 357 428 429 475 509 534 549 863
158 185 192 203 512 637 705 743 836 886
271 272 322 592 699 708 784 853 959 973
96 220 289 410 520 526 619 686 753 943
51 237 256 319 536 599 785 790 830 881
1 125 148 218 225 304 406 861 930 945
45 363 422 460 540 672 678 705 833 976
86 163 503 552 624 675 692 774 798 957
105 624 677 703 774 803 908 915 978 996
87 222 288 432 445 514 600 680 784 852
30 82 159 229 278 279 431 639 886 900
125 373 500 511 695 800 817 917 922 926
97 168 229 258 332 402 450 792 948 951
13 185 325 403 416 486 722 832 855 887
65 92 138 238 549 602 634 713 773 821
94 138 141 351 430 577 607 819 879 922
51 136 282 336 666 689 695 857 980 993
92 123 128 151 216 389 537 585 643 993
16 109 122 205 291 503 545 634 647 808
20 75 412 449 575 658 691 818 825 902
293 402 427 461 484 496 745 788 817 894
64 75 78 250 369 451 497 586 699 970
132 203 217 273 281 442 499 561 604 670
139 152 333 442 568 626 632 725 808 985
3 109 138 326 341 585 658 757 761
72 151 239 308 328 344 583 695 800 952
76 123 145 185 563 672 689 736 921 957
283 486 526 535 598 623 642 684 831 984
261 265 274 372 459 465 685 707 740 913
34 151 299 474 482 596 631 764 853
13 69 90 422 530 577 623 756 769 912
153 305 381 528 551 572 619 791 892 899
65 122 188 228 378 464 645 662 673 846
28 354 370 414 429 666 734 872 981
94 193 443 481 562 643 780 831 869 876
119 140 163 221 229 244 407 672 728 943
49 166 281 574 594 604 629 641 652 907
20 68 263 270 323 634 725 905 940
37 112 218 285 456 573 640 744 869 894
4 23 216 504 543 749 751 773 812 835
30 64 133 141 172 419 426 668 846 991
37 95 171 343 457 482 653 655 659 824
172 210 276 324 505 532 582 759 772 838
7 308 402 461 609 679 701 922 984 993
225 372 383 415 517 722 846 871 915 938
125 305 580 597 760 842 870 900 913 946
196 219 316 542 626 649 736 783 859 929
17 72 207 348 437 492 814 952 958 979
74 167 232 240 311 500 628 802 938 975
88 275 297 324 403 553 577 692 747 758
37 93 94 434 441 489 516 554 713 856
192 218 334 439 487 498 558 678 733 751
100 363 460 640 744 823 841 901 928 938
12 37 39 147 218 228 317 721 780 819
12 57 109 236 267 336 414 596 839 937
106 220 344 383 422 499 581 881 999
198 212 374 401 497 589 610 695 967 977
39 351 411 488 494 574 596 787 803 910
65 97 135 466 534 640 684 762 793 813
210 350 427 479 549 637 679 758 846 906
176 210 219 336 343 473 587 691 853 930
6 27 32 141 212 299 366 767 836 960
18 176 210 354 399 525 614 682 850 991
85 87 218 317 561 611 617 658 754 783
45 327 387 467 494 530 534 592 781
1 280 288 372 381 452 591 600 648 656
155 187 412 498 663 797 808 838 859 963
14 130 164 284 330 408 426 522 692 961
82 111 122 148 155 395 539 787 799 1000
158 290 416 561 603 656 664 721 774 877
117 130 391 424 494 685 751 753 771 843
47 88 195 199 256 510 617 618 711 789
89 128 164 567 578 582 652 681 747 882
20 209 266 270 379 393 605 731 840 895
1 132 153 338 460 580 744 781 811 956
145 171 180 342 362 518 779 808 850 861
31 276 415 479 672 713 741 822 879 915
15 48 242 257 516 733 769 911 981 999
171 173 203 394 418 534 599 709 859 912
84 102 313 393 482 520 733 778 798 865
61 64 306 323 327 384 450 602 916 982
17 286 307 316 323 390 476 492 684 938
20 46 129 183 235 249 317 338 600 904
16 59 88 140 364 508 632 779 837 937
123 229 237 252 315 478 545 607 859 907
119 168 190 215 314 587 653 716 967 974
214 297 325 526 560 574 659 825 864 883
279 329 438 481 485 658 767 873 888 987
14 101 179 191 302 493 724 761 836 935
33 75 106 199 518 610 783 865 896 937
26 135 172 535 598 630 669 754 813 985
34 57 81 144 195 415 480 517 714 935
27 52 87 140 230 340 434 500 538 815
15 141 201 377 502 560 569 663 776 824
523 556 635 644 679 687 701 736 762 957
12 136 152 179 347 427 471 578 597 608
65 352 407 545 576 751 761 808 870 949
137 149 207 216 227 297 322 475 658 961
257 343 497 547 635 683 753 789 859 877
4 345 442 480 567 571 590 787 826 876
5 128 170 436 514 599 612 639 788 797
26 83 137 175 297 497 682 877 978 982
214 376 458 480 577 646 662 813 848 924
91 415 493 549 625 666 697 736 789 990
75 202 280 502 598 669 780 806 843 939
10 14 24 54 96 245 386 701 770 923
26 71 119 314 327 485 681 682 760 915
43 98 169 184 412 626 686 713 739 752
243 362 536 600 661 750 784 819 830 880
182 262 407 481 506 544 744 914 964 967
16 124 436 443 534 588 599 781 800 803
46 98 101 103 187 535 556 633 808 953
63 90 100 102 163 546 597 634 820 873
575 611 662 757 814 818 843 885 938 981
185 226 362 381 398 544 548 659 664 670
25 203 238 360 388 480 622 744 849 890
86 92 106 133 349 447 454 517 800 876
17 38 39 83 142 294 326 392 616 714
243 251 328 409 677 774 803 898 906 912
148 155 196 323 384 668 682 771 909 994
59 239 315 500 570 735 737 770 806 988
70 212 450 770 863 866 872 897 939 1000
50 89 202 269 443 494 518 650 657 939
206 213 262 341 380 409 440 470 809 953
129 249 268 290 557 680 744 753 785 932
354 420 437 531 624 703 762 790 854 862
139 175 371 549 685 704 763 793 860 979
6 8 430 493 578 598 774 789 917 931
59 252 358 591 595 622 821 834 882 932
70 200 246 285 365 413 594 653 717 1000
10 76 116 178 239 384 808 844 901 948
6 23 120 245 366 403 454 463 474 527
34 325 346 469 502 525 556 589 927 937
48 103 172 316 336 416 638 720 725 840
190 375 399 567 640 644 660 899 948 976
185 312 318 447 518 564 646 655 662 916
94 155 223 291 355 427 448 481 544 817
123 246 334 495 587 669 682 779 865 877
69 203 249 364 401 427 510 536 614 854
210 217 222 339 508 686 790 799 904 996
334 363 412 433 513 597 635 740 877 958
95 155 323 429 527 658 769 853 931
106 147 183 276 278 283 338 361 657 803
50 320 348 388 525 537 538 614 711 974
25 130 340 342 354 576 781 805 810 974
25 70 190 194 229 629 710 801 936
52 81 254 333 424 476 510 609 891 895
86 220 401 433 468 555 692 756 803 976
32 109 158 199 201 357 498 631 695 888
252 272 275 318 405 435 523 605 766 987
69 185 662 791 818 826 835 922 939 951
62 65 69 130 172 469 636 784 797 835
244 316 405 537 637 725 742 867 877 908
26 148 178 267 559 579 581 744 807 960
13 66 116 143 581 734 874 882 949 977
138 254 281 401 521 581 659 667 706 972
80 170 203 275 319 444 465 648 679 851
15 212 247 258 343 668 766 780 846 896
4 212 221 259 409 515 616 760 794 972
72 92 385 392 435 483 688 749 860 866
130 151 160 317 441 528 548 587 742 870
160 242 403 443 518 630 648 696 762 873
160 263 264 351 444 560 701 712 755 931
242 347 376 545 641 716 787 929 968 993
6 39 134 277 300 523 606 631 645 728
73 178 187 273 280 448 479 488 645 930
50 56 307 323 384 490 601 846 976 983
222 297 314 357 461 712 716 821 925 996
23 236 241 242 403 720 853 910 971 981
53 172 216 315 429 463 480 608 651 677
78 133 195 290 342 355 828 909 965
17 212 224 330 610 716 753 882 909 971
10 11 59 585 599 693 855 907 914 925
17 96 167 253 313 405 420 491 603 674
4 38 325 417 444 514 620 624 733 866
84 85 88 198 393 395 413 625 746 889
9 12 129 234 260 631 804 881 915 968
43 243 299 668 715 757 772 868 913 943
143 377 412 441 501 534 701 773 786 920
9 85 101 181 290 581 588 686 949 961
1 23 105 109 265 373 528 833 848 943
46 48 258 270 306 308 508 550 670 923
109 372 400 402 413 429 607 675 804 933
17 152 212 270 399 431 435 534 699 746
23 85 407 419 455 500 567 650 690
53 76 180 213 543 740 764 908 966 971
70 154 201 223 351 779 843 894 922 949
35 40 98 282 332 642 661 792 813 903
107 113 177 190 329 540 542 911 940 983
83 99 363 443 676 785 793 811 876 975
64 96 124 191 192 263 336 516 952
88 171 184 293 362 381 495 542 640 676
40 47 503 505 563 567 641 785 877 954
130 228 346 563 654 693 788 873 944 948
19 210 305 429 489 592 600 670 694 934
25 165 295 383 432 561 586 628 656 830
66 198 400 432 460 463 603 742 921 943
5 214 290 291 359 646 698 734 801 878
47 55 258 279 490 553 684 743 887 922
121 190 207 317 318 479 612 701 894 995
3 53 182 193 520 629 709 786 796 852
50 139 168 193 369 554 567 653 665 771
99 256 260 353 376 512 551 680 724 998
31 34 143 253 385 450 462 764 850
47 111 305 327 394 589 662 676 834 893
98 105 276 363 489 492 642 727 835 952
200 269 288 431 473 540 567 577 612 691
89 132 206 286 300 358 455 553 815 940
57 103 149 265 314 376 568 596 648 754
24 26 167 278 294 297 338 478 484 741
71 77 79 128 249 306 315 461 669 765
15 190 271 370 389 497 521 623 830 870
16 146 195 260 658 671 689 782 801 969
31 127 135 215 254 494 622 717 889 892
87 150 341 381 536 611 645 684 695 702
92 214 290 399 439 605 719 819 930 985
18 192 261 323 461 531 557 567 749
3 54 84 139 195 501 591 599 710 743
46 146 164 268 494 659 755 846 867 943
65 231 307 387 399 642 653 677 803 923
2 53 79 96 111 221 293 342 410 771
94 117 271 375 498 721 731 749 921 977
31 97 192 220 508 516 605 807 871 942
7 43 107 134 514 560 756 832 850 925
111 214 247 321 343 732 746 777 841 912
81 250 286 314 412 430 631 901 939 970
20 91 101 257 271 337 433 452 535 993
151 331 403 499 653 761 812 867 891 947
215 219 535 714 765 777 906 931 964 969
42 143 336 339 362 601 610 629 910 980
28 170 296 351 383 395 414 508 855 863
48 155 395 447 450 635 677 757 777 867
116 179 285 531 554 645 723 786 803 815
60 115 283 347 448 585 604 682 725 899
162 206 209 385 466 663 726 749 873 935
16 331 355 391 556 714 868 918 921 940
27 117 204 258 468 621 705 728 730 798
46 109 123 315 359 422 513 679 773 875
61 162 340 351 475 548 549 622 701 895
99 161 227 442 483 590 621 670 689 981
143 345 388 510 532 595 598 725 887 965
99 103 153 296 348 394 527 578 874 959
253 263 265 410 550 606 631 660 783 891
160 261 438 503 615 674 723 804 832 912
244 264 280 293 367 414 480 521 545 672
123 128 132 201 245 518 614 781 796
90 169 465 689 696 741 846 872 913 929
9 31 160 343 374 431 463 491 661 993
7 64 181 277 391 504 660 754 852 987
166 347 507 683 716 859 880 887 947 954
122 265 445 482 514 562 647 695 809 979
37 76 316 390 406 460 602 802 809 918
11 277 339 450 712 761 863 922 990 1000
363 418 458 500 585 628 670 746 889 992
191 215 371 483 495 565 625 730 951 967
134 233 452 455 543 568 686 713 757 904
96 145 387 414 478 525 678 732 942 985
47 57 342 408 424 469 518 821 880 888
293 355 373 435 483 668 725 777 859 949
205 207 424 537 568 576 701 844 856 917
123 190 327 406 430 431 455 535 557 761
44 71 98 335 392 796 798 906 923 934
2 70 197 203 403 470 515 670 765 837
25 85 94 187 373 402 512 617 700 980
59 118 281 305 388 391 419 571 739 987
129 255 298 347 429 585 593 791 819 936
31 62 73 248 542 581 598 866 868 879
12 61 111 184 371 418 461 476 866 995
78 222 310 346 426 620 641 665 735 876
23 34 122 260 534 637 694 705 741 888
51 245 323 379 404 424 481 730 824
17 186 295 431 471 524 648 707 980 983
427 454 676 745 813 841 858 860 894 998
286 423 444 590 637 646 713 785 861 974
79 86 260 362 589 612 619 813 939 973
272 353 507 565 579 626 715 809 878
20 119 242 355 378 422 452 689 953
42 146 216 225 349 531 664 763 960 975
49 54 105 211 391 525 674 745 764 813
42 79 84 212 424 429 430 531 554 849
9 123 301 345 422 441 524 760 893 921
162 322 395 539 581 619 691 919 946 961
3 32 100 106 429 741 774 832 890 1000
50 133 259 385 488 505 610 810 906 920
329 351 461 464 497 579 631 741 802 858
226 383 418 462 512 558 670 749 839 871
78 114 130 272 331 410 434 515 688 966
111 236 238 348 357 702 718 775 963
295 302 352 402 460 515 516 743 758 802
280 397 463 597 622 744 755 823 873
55 153 311 343 560 591 760 832 842 941
29 265 305 479 481 512 699 786 816 994
62 75 166 183 247 382 553 680 854 885
285 305 332 580 603 626 636 887 957 963
101 117 184 350 434 540 549 803 925 988
63 104 106 145 497 540 576 623 637 836
276 278 376 407 456 472 792 800 819 874
83 122 283 359 425 490 562 569 596 727
168 173 192 356 475 504 506 874 914 997
269 279 310 377 442 547 716 735 863 965
60 83 87 111 134 236 359 476 813 980
60 212 398 482 608 725 758 786 925 942
196 197 366 383 454 459 603 632 757 918
56 191 307 435 528 588 626 835 906 952
202 317 335 493 524 559 748 764 784 802
9 78 367 624 651 653 707 831 853 905
271 276 288 316 408 637 699 705 859 881
229 263 285 474 536 623 646 647 861 992
4 155 174 311 458 520 592 881 883 977
79 151 315 362 428 569 582 668 765 952
202 629 640 730 898 917 926 957 962 992
10 271 342 356 433 522 628 638 854
224 226 357 362 414 547 574 601 625 842
213 219 311 538 564 597 626 640 662 695
56 136 197 378 473 629 669 767 797 865
78 103 246 381 440 454 503 616 632 824
43 323 354 373 647 674 767 895 934 970
146 197 271 295 366 569 641 669 776 913
250 290 293 570 613 693 833 869 964 994
80 217 261 401 524 617 628 794 961 1000
121 168 254 380 550 618 743 872 969 989
239 284 360 391 469 536 566 681 786 999
112 166 203 236 370 528 548 684 735 969
79 423 462 465 583 602 650 700 712 851
21 107 151 280 394 410 497 617 728 777
31 84 109 144 259 408 597 671 729 822
13 71 216 270 612 666 746 899 919 952
113 289 300 323 339 425 458 726 902 932
108 337 441 514 609 635 636 809 851 928
33 58 265 268 297 388 493 778 784 872
215 288 369 498 531 584 687 719 880 981
33 130 341 418 445 566 672 758 823 861
50 154 195 214 338 642 643 650 721 795
146 222 320 362 446 480 574 673 725 905
203 228 287 351 465 569 705 792 862 974
179 216 295 314 424 455 602 609 715 762
2 80 103 198 226 594 750 901 922 983
16 31 263 357 430 541 856 862 955 964
91 139 197 224 411 498 586 611 644 841
4 11 34 47 90 210 311 515 589 956
72 159 232 310 436 519 729 876 911 986
19 180 372 447 637 703 722 781 793 967
62 110 131 246 277 289 782 899 954 979
120 137 193 336 605 821 923 972 983 999
218 341 408 470 524 742 758 820 890 967
241 560 619 632 649 723 748 848 881 971
10 135 138 232 286 322 387 488 778 937
58 98 251 328 414 535 766 829 896 968
54 85 153 173 301 326 569 882 898 969
38 74 241 263 393 458 569 630 688 808
24 73 219 262 512 575 716 818 840 987
181 192 240 443 525 676 697 874 905 936
30 61 419 505 569 649 672 705 938 971
119 127 461 498 572 626 652 690 743 808
4 150 321 425 548 660 688 842 867 924
72 190 286 378 551 718 799 863 977 985
10 146 307 318 387 775 784 847 850 910
26 58 252 289 357 473 554 953 965 991
19 111 182 211 212 418 715 762 818 896
301 305 356 705 717 753 765 801 862 1000
35 38 73 240 514 531 782 797 920 975
194 384 494 529 598 603 699 712 778 913
81 314 483 497 605 700 734 872 931 988
212 367 476 525 563 694 874 890 944 986
83 151 198 363 372 427 456 821 910
395 406 450 508 677 692 711 801 888 948
120 285 416 460 483 541 588 809 830 875
5 247 424 434 438 452 467 699 854 885
27 141 185 211 336 402 464 630 917 978
149 237 333 349 446 540 556 821 893 988
125 239 271 317 375 434 470 885 988 995
327 328 363 442 496 535 844 867 931 990
247 328 503 650 719 741 760 773 903
142 229 241 358 401 440 584 804 879 946
296 332 360 501 582 733 742 817 847
37 50 244 578 584 704 849 859 869 909
32 137 438 502 520 538 539 636 690 972
62 162 190 195 376 420 507 512 593 646
79 189 275 393 453 544 591 811 900 917
109 183 219 442 530 578 586 703 766 950
113 364 401 524 588 618 648 690 799 923
97 122 299 314 482 514 569 585 633 694
89 130 245 270 278 484 511 576 835 855
64 299 361 384 412 456 460 708 769 786
184 353 436 440 477 480 680 713 722 858
202 275 333 391 439 440 704 722 907 975
9 30 31 144 166 282 578 697 790 795
127 228 270 298 340 375 503 614 753 892
85 125 595 662 741 819 830 922 981
88 247 356 360 396 562 794 828 898 981
24 144 487 490 495 777 801 876 912 961
66 287 403 511 613 618 625 735 740 928
116 228 288 297 537 822 854 885 931 997
197 225 295 434 581 707 794 839 961 989
329 519 597 705 765 847 889 946 972 983
49 158 304 390 506 757 783 806 809 964
95 359 405 422 515 530 719 732 747 966
168 301 368 457 534 626 715 792 818 991
4 27 74 193 226 261 542 597 820 951
14 34 129 143 163 399 671 761 816 923
84 195 223 330 403 421 867 892 928 939
33 62 260 291 736 807 827 880 973 987
141 201 252 254 422 644 651 756 820 919
83 350 357 397 467 656 746 950 996 997
90 217 219 302 412 500 535 571 814 855
70 224 325 379 480 560 621 677 861 952
160 170 223 256 402 452 471 759 789 989
16 34 96 136 154 235 237 551 731 781
242 289 453 539 593 679 704 772 895
129 147 261 289 365 521 559 594 739 828
322 340 368 403 535 642 652 720 820 834
154 192 205 413 469 505 552 591 866 923
31 70 104 215 311 358 432 743 809 997
1 89 210 216 360 407 505 608 611 891
52 154 165 211 404 478 625 707 837 931
170 370 455 596 634 636 671 788 889 959
188 203 334 364 373 452 602 647 807 949
81 172 208 308 378 391 401 680 885 888
219 268 447 503 539 600 606 686 752 871
36 85 121 209 261 290 709 710 749 891
10 193 412 472 568 829 849 857 877 996
82 188 317 378 389 498 556 638 848 984
50 93 288 292 424 454 601 803 834 988
15 263 324 521 584 585 705 833 900 926
53 61 65 162 217 284 334 409 612 993
14 196 338 382 478 669 810 864 882 945
67 114 122 230 272 273 305 619 899 927
96 312 423 445 549 576 741 830 890 990
467 535 555 589 591 711 785 857 944 948
130 151 215 381 437 607 624 770 825 860
41 139 276 287 495 528 742 745 835 981
182 222 388 617 784 816 857 891 970 988
32 127 442 517 569 673 746 949 981 985
114 135 166 529 561 639 673 687 947 997
32 53 253 456 472 750 802 888 924 965
205 220 230 298 525 567 584 605 606 722
50 107 110 324 335 340 381 651 683 742
59 76 126 405 431 636 753 823 915
130 180 355 379 468 583 626 714 858 977
135 165 193 249 295 308 475 563 728 908
124 212 244 358 385 561 588 770 862 959
97 153 397 420 447 500 509 627 925 998
8 129 151 209 292 370 400 628 689 911
8 27 129 314 316 350 449 582 645 927
134 363 540 556 560 564 605 788 815 949
70 120 277 301 315 330 605 715 822 848
96 118 127 204 325 584 670 692 951
118 138 423 499 511 518 536 586 636 937
30 150 179 221 278 348 619 804 877 957
52 164 197 215 473 490 607 664 747 771
29 208 453 465 565 570 767 791 797 883
1 69 276 361 412 529 667 703 731 955
54 278 333 520 558 710 713 931 936 973
18 97 269 323 445 594 648 711 732 764
44 110 148 227 283 312 489 571 926 967
12 43 380 593 603 731 752 779 784 836
38 41 304 487 497 560 649 763 821 929
76 231 427 518 740 844 868 936 940 978
12 13 29 238 372 438 609 766 820 971
161 177 276 312 449 637 654 680 957 977
160 250 408 450 478 542 651 764 843 911
38 60 71 84 101 127 195 317 574 746
209 339 398 447 488 604 663 706 802 911
90 106 221 357 533 594 636 838 926 972
343 480 482 549 581 621 632 663 714 975
102 292 296 345 391 392 401 666 685 995
56 58 343 650 657 739 769 836 881 990
157 158 194 288 464 512 591 651 807 899
63 77 95 123 316 489 513 599 865 986
90 173 292 403 509 527 595 713 822 933
91 116 231 258 289 396 443 527 593 800
134 260 356 388 587 747 926 966 967 979
140 166 258 315 433 514 637 667 848 853
5 35 54 113 163 391 491 705 813 890
91 175 213 226 364 620 661 690 778 855
4 177 310 338 396 416 662 726 756 865
6 82 171 226 244 302 370 520 724 837
153 156 357 369 384 662 703 841 941 975
40 69 141 142 179 430 431 836 880 971
112 153 200 210 378 387 641 804 822
94 260 278 484 669 741 745 829 839 884
43 77 279 390 425 569 740 787 813 900
12 112 148 252 445 475 898 905 933 980
98 146 264 286 307 449 540 720 735 836
109 155 267 465 473 582 599 674 710 920
61 116 133 142 158 596 801 925 935 951
127 152 164 266 482 499 501 525 565 607
203 355 372 374 407 433 493 740 791 852
260 287 342 344 408 468 598 740 843 876
26 85 354 432 495 600 676 719 842 990
128 278 284 329 369 440 448 474 557 753
11 29 203 206 276 320 457 772 824 964
82 279 387 395 694 780 851 857 914
127 137 267 656 737 759 781 841 938 959
103 235 326 502 511 563 712 720 832 956
16 116 319 506 525 655 658 673 782 860
124 277 393 440 450 501 556 625 843 889
22 291 351 373 395 562 643 838 892 919
103 108 216 304 635 719 722 828 956 969
29 76 211 249 257 300 320 481 736 875
67 356 385 403 484 558 567 587 874 993
87 109 127 201 264 324 346 348 586 767
61 316 341 496 507 556 589 662 773 931
7 27 119 140 513 728 769 775 909 966
100 104 204 216 378 484 538 562 581 891
108 337 392 403 446 467 760 777 864 915
140 228 260 267 303 424 679 719 868 904
474 530 542 589 612 631 640 685 828 930
23 81 227 251 452 616 827 860 946 979
7 75 211 244 347 358 390 431 805 982
59 145 185 210 440 482 636 773 844 929
29 185 252 293 399 492 531 821 835 965
225 284 337 364 585 615 646 778 891 950
140 163 259 328 354 484 649 707 893 986
35 110 173 355 379 851 870 875 974 1000
50 80 391 557 698 803 823 892 897 964
205 277 363 444 585 729 800 823 913 920
33 147 523 526 536 564 590 608 621 706
311 350 355 369 414 583 643 745 805 932
119 149 178 194 246 361 533 656 898 922
116 225 314 393 411 598 771 780 906 936
16 95 358 502 509 529 717 922 975
24 161 167 327 489 495 604 760 900 937
53 79 141 229 299 393 467 633 706
56 88 150 219 297 309 394 408 684 926
68 314 453 487 588 737 740 768 784 982
64 122 208 412 459 511 578 720 906 955
76 127 349 650 665 690 777 806 915 934
62 249 385 500 617 670 692 706 954 994
188 197 222 323 343 388 405 497 518 534
8 18 41 76 236 323 360 710 860 896
398 432 496 552 556 567 622 640 757 985
5 132 140 281 355 383 500 558 582 856
21 96 159 178 215 415 442 449 795 922
98 105 192 214 217 269 474 890 899 941
39 129 344 412 458 500 605 677 783 936
75 89 381 465 496 503 518 725 840
92 135 174 180 302 500 514 583 923 983
288 375 507 529 540 646 711 784 834 936
61 245 253 307 386 575 605 634 786 815
155 181 280 310 353 678 776 792 893 916
68 109 262 313 352 365 388 779 850 897
176 195 209 592 618 677 727 748 897 925
110 287 346 427 460 484 716 794 960 975
56 155 236 270 427 629 648 727 902 904
78 159 203 290 369 536 616 629 857 920
144 148 195 267 387 515 524 579 627 816
54 358 362 434 445 504 506 584 613 701
11 44 240 325 328 430 479 615 838 887
7 111 170 351 398 623 666 722 747 828
153 163 282 420 427 503 519 940 958 966
117 416 457 513 549 699 809 858 937 982
209 386 390 457 495 606 700 792 811 859
8 141 224 385 549 582 648 678 703 828
118 416 578 657 673 680 724 789 820 847
8 18 175 234 303 448 465 557 777 873
77 437 484 491 639 700 714 889 980 984
112 203 212 313 419 542 740 824 864 972
13 147 426 443 497 523 594 651 669 684
26 93 135 627 640 644 690 707 739 744
99 163 204 225 269 327 529 770 943 971
121 205 275 367 373 433 536 543 658 705
205 236 245 328 493 798 812 833 911
56 62 79 83 174 227 343 377 441 577
37 183 286 465 629 646 699 711 764 831
124 245 343 408 467 642 789 933 953 981
9 291 523 552 601 716 729 798 826 911
104 181 305 361 414 481 494 585 680 826
134 507 571 592 672 750 907 912 963 970
66 235 312 353 388 410 626 670 714 990
153 293 354 359 432 638 830 892 933 974
26 41 43 277 447 545 556 698 777 1000
106 135 201 260 281 299 374 451 810 969
20 51 148 155 295 353 450 665 773 864
146 210 282 395 592 636 681 770 808 901
298 307 342 362 425 544 559 609 647 812
43 491 501 527 574 621 682 899 918 966
16 107 190 216 436 498 583 680 782 857
36 228 294 301 408 422 469 554 701 810
117 123 144 324 355 381 430 920 942 943
230 256 598 695 703 759 820 921 939
184 242 340 361 513 537 655 690 717 947
8 202 315 547 646 733 793 800 861 996
75 313 403 469 586 601 607 759 908 940
208 392 434 521 569 742 820 914 944 963
199 201 274 296 385 387 589 857 889 932
21 162 257 423 438 452 457 614 620 880
36 97 149 158 388 640 656 718 736 925
142 152 303 390 670 685 721 880 899 934
178 249 259 288 341 354 400 613 789 900
34 94 153 168 252 364 562 581 868 902
15 86 101 104 250 286 310 517 681 855
88 268 298 308 313 483 585 619 824 827
3 34 42 136 284 303 407 440 915 988
75 354 379 397 411 444 517 680 796 985
90 104 341 381 444 560 574 614 710 749
72 278 331 333 424 503 573 664 692 899
134 375 453 469 619 641 735 744 780 936
150 152 160 258 336 452 569 617 746 879
123 213 257 331 440 577 723 777 797 902
86 316 320 323 380 403 688 812 819 943
64 176 234 302 353 486 623 670 837 934
104 128 235 327 328 590 720 762 808 886
14 260 318 372 613 694 709 815 822 871
26 431 487 499 519 550 551 583 609
27 106 174 222 224 301 421 527 732 919
193 396 433 561 647 742 888 935 957 981
341 389 467 475 516 675 678 755 976 985
83 146 164 261 470 571 813 827 905 952
4 20 177 263 279 534 602 741 777 973
116 152 275 286 318 417 642 683 719 933
178 239 283 284 409 499 539 575 719 945
114 183 519 551 565 579 592 730 915 953
7 308 390 461 480 504 727 869 901 913
272 346 525 527 701 743 800 846 865 875
27 191 347 484 485 526 537 707 825 872
164 372 529 537 565 569 905 911 932 967
63 199 210 271 337 477 584 693 721 887
51 264 443 457 475 563 599 656 872 943
53 58 84 107 216 230 274 365 792 829
57 78 430 495 507 564 660 769 863 934
6 82 130 278 306 500 551 584 890 918
6 86 268 270 287 372 380 473 530 563
40 54 141 193 439 544 636 764 776 953
77 190 455 624 654 725 764 835 885
2 59 60 348 590 594 645 765 974 989
56 65 102 366 518 553 742 889 917 965
155 239 363 413 452 456 537 566 569 595
28 89 382 387 388 440 540 544 760 801
9 171 388 398 514 547 707 762 869 944
79 149 293 345 462 605 678 874 909 936
51 150 307 364 377 511 840 862 865 873
40 76 167 287 336 460 576 691 814 931
96 123 247 289 529 547 558 639 682 846
23 141 591 639 696 866 876 882 888 966
28 166 295 372 590 799 829 874 914 926
111 207 263 323 385 505 718 747 798 861
87 132 223 248 306 312 407 535 647 793
276 331 348 401 685 711 797 841 860 982
76 122 385 563 609 661 678 703 850 939
9 29 62 370 418 682 748 768 827 998
135 223 297 342 343 403 411 681 751 798
272 461 552 569 612 670 672 725 794 893
9 49 81 88 130 204 317 364 407 821
65 102 296 325 472 674 768 878 980
193 209 332 416 437 487 545 692 767 910
186 196 210 264 271 458 582 602 618 980
14 284 376 475 485 499 592 629 648 900
185 269 322 397 448 469 746 764 881 936
203 204 359 430 602 692 717 795 932 939
94 107 262 342 661 724 736 805 837 939
207 340 380 415 625 712 757 864 867 887
150 154 177 184 365 545 734 813 933 972
132 176 310 358 368 578 602 610 623 732
13 332 544 565 581 623 720 757 952 984
255 367 376 396 426 445 560 648 763 979
79 176 326 425 435 446 553 589 785 859
42 133 196 305 404 546 679 697 831 843
110 260 284 304 505 569 612 672 820 854
111 155 216 278 418 459 600 676 791 881
24 39 98 219 390 437 677 799 806 876
36 147 450 500 573 574 661 696 835 949
47 80 112 169 494 699 811 823 941 945
49 90 156 282 308 317 404 405 410 927
41 202 313 384 631 669 747 757 866 978
223 262 303 403 486 538 678 837 857 958
248 250 252 272 282 410 500 613 692 722
45 152 378 472 492 534 576 776 779 933
110 297 341 405 439 542 647 648 767 981
277 338 343 556 559 576 579 709 865 965
53 80 130 131 217 383 412 464 589 836
59 189 259 294 339 441 462 537 698 836
3 59 318 356 509 515 566 909 953 963
27 117 288 325 378 423 531 536 807 832
9 22 55 187 349 350 727 740 774 867
45 96 193 416 615 617 682 713 739 754
75 108 171 265 421 434 597 665 916 928
158 257 332 336 407 585 685 702 741 764
80 81 312 361 517 628 651 657 887 896
192 207 239 296 349 368 616 712 725 963
127 144 151 174 319 387 523 736 820 982
153 242 286 520 700 708 737 887 934 981
215 449 493 538 590 593 600 641 693 944
93 166 416 622 755 760 780 897 922 957
2 25 44 236 347 479 542 736 848 940
303 502 504 532 596 728 745 763 922 945
148 277 412 435 632 702 719 851 902 995
177 219 309 369 372 445 491 643 933 1000
116 200 202 229 297 314 377 456 587 829
8 11 120 515 625 690 745 813 830 851
105 176 413 435 464 468 699 763 854 908
18 72 228 271 317 396 443 684 699 960
15 157 198 313 364 539 573 585 702 919
488 549 565 574 579 594 649 834 877 882
123 210 436 446 618 720 723 905 980 993
23 37 64 317 486 508 625 654 676 957
126 229 306 344 414 530 618 725 859 886
111 372 375 575 593 620 668 751 830 974
13 29 96 195 216 326 485 503 591 950
121 129 259 275 410 447 810 849
17 117 123 154 256 579 754 755 927 976
14 457 540 624 643 692 737 804 848 880
102 112 120 269 304 332 335 515 755 997
159 193 239 255 525 621 790 872 876 986
15 54 61 132 165 364 739 817 929 995
186 524 589 673 683 698 819 853 933 938
51 167 209 347 411 412 599 717 817 912
55 134 176 221 225 469 517 557 856 923
15 44 58 119 218 300 362 521 702 942
106 322 328 329 527 532 554 591 602 803
178 180 190 266 420 556 693 728 918 938
34 67 323 336 532 546 608 707 716 822
8 190 203 348 486 494 519 692 886 950
190 350 371 401 455 773 843 847 888 926
18 280 376 393 401 443 523 604 722 792
156 254 380 460 589 659 705 714 888 996
46 133 290 349 420 474 577 619 802 856
77 107 113 135 313 380 498 628 807 845
292 359 445 510 557 645 648 829 879 954
115 316 375 442 466 484 567 771 955 980
91 104 253 300 301 331 394 487 566 811
62 115 182 235 314 550 570 645 661 829
139 153 209 245 378 541 670 880 902 995
192 222 404 446 548 573 585 806 824 929
171 188 250 404 437 483 505 515 832 915
56 92 287 477 478 553 556 622 678 769
124 163 232 253 425 460 527 552 754 936
44 247 272 357 497 663 706 859 911 924
67 562 637 679 714 756 757 785 833 913
36 95 175 356 393 518 523 670 686 982
199 238 254 521 544 546 728 813 933 935
187 245 263 335 341 421 519 563 912 921
110 182 220 240 263 492 494 555 646 875
98 368 516 529 681 684 728 902 904 982
36 49 66 158 384 439 469 474 588 835
104 219 229 404 435 457 633 672 696 811
48 144 147 192 302 313 484 507 567 714
3 152 209 277 316 343 445 628 641 904
126 211 260 498 523 619 729 748 753 820
330 333 400 537 597 620 662 691 708 945
32 202 342 401 491 522 537 556 863 982
26 39 122 128 236 665 797 906 959 989
205 231 295 297 372 545 715 779 902 928
156 160 254 298 615 792 814 896 908 995
17 76 160 210 467 567 713 950 965 990
48 136 164 264 273 441 600 798 957 966
16 107 272 413 427 513 697 866 913 946
245 261 381 384 523 599 732 963 968 969
36 97 170 192 235 311 324 398 460 919
138 350 431 482 492 495 673 713 864 910
64 119 268 478 532 578 809 822 828
152 157 311 433 536 551 613 765 835 947
67 99 197 572 621 663 811 842 886 970
39 61 114 154 499 559 699 756 773 914
19 98 110 161 183 202 283 415 923 948
199 246 256 274 313 421 431 452 666 882
82 90 204 240 332 500 589 703 763 986
260 262 391 632 702 830 863 886 961
18 47 48 177 575 649 778 838 894 901
81 150 195 365 376 469 493 666 832 922
55 111 120 128 213 252 389 401 568 635
230 330 390 437 471 610 823 904 922 932
22 80 121 232 446 586 672 713 759 988
119 285 452 495 619 644 759 767 850 934
59 67 119 135 145 386 487 527 653 933
72 157 261 547 648 750 787 836 930 972
148 296 321 429 434 509 548 814 980 983
242 323 327 363 508 572 657 696 742 994
78 186 196 428 483 644 716 720 886 968
97 121 262 311 403 438 540 711 856 916
129 522 672 737 852 875 904 960 961 998
28 187 209 664 721 778 826 847 890 947
251 391 408 718 752 830 876 881 984 986
15 87 208 243 391 417 462 723 821 995
93 131 205 217 288 393 490 727 860 951
165 274 432 464 509 604 764 798 867 880
134 341 389 404 507 584 603 748 755 977
51 99 334 421 565 586 695 710 756 873
23 137 151 207 618 639 710 793 795 954
154 239 272 329 370 473 504 697 869 943
173 287 507 552 559 726 839 842 921 969
65 139 140 188 218 377 502 774 810 850
59 267 298 373 422 575 682 698 884 950
71 98 162 175 199 245 448 552 828 876
56 169 209 264 287 297 427 524 866 970
165 186 240 410 490 563 884 885 949
178 278 334 404 438 489 513 609 852 965
28 136 358 406 441 551 618 804 843 916
77 652 716 736 807 820 830 843 881 908
110 209 271 450 549 610 682 892 978 990
74 184 251 472 590 829 866 919 923 944
33 39 121 133 227 517 543 552 593 896
297 379 383 465 578 701 841 958 974 982
46 74 150 221 454 487 561 569 714 939
17 64 92 465 511 610 667 874 903 912
22 24 43 93 232 454 481 540 716 912
66 141 188 279 303 340 605 934 975 998
298 402 489 582 619 717 751 769 860 993
107 111 169 279 536 722 740 810 870 959
53 320 345 485 623 670 695 814 830 897
29 84 142 153 180 486 575 622 929 957
55 77 130 184 314 628 689 729 954
35 104 376 515 529 639 807 887 975 998
14 72 99 136 215 329 481 622 736 875
62 122 187 188 200 235 364 574 967 1000
25 107 138 187 633 641 665 781 992 999
83 102 507 552 564 766 782 804 873 923
2 33 211 308 324 386 431 467 811 832
14 67 193 608 650 660 742 801 969 995
15 54 83 155 200 207 537 850 893 962
313 382 561 588 629 646 798 828 938 939
31 55 106 205 382 421 455 471 805 891
103 169 238 264 440 686 731 897 962 976
55 137 161 224 272 472 747 866 940 954
123 142 188 231 472 544 695 798 864 928
6 107 422 431 492 557 601 868 891 944
26 111 279 446 542 813 843 934 935 936
72 93 123 155 557 693 754 925 983 991
33 51 232 271 667 765 895 912 928 940
189 259 280 390 466 527 531 677 844 947
111 120 368 447 458 634 697 708 848 900
18 192 194 352 358 442 501 514 775
45 128 271 360 415 715 717 801 830 983
18 142 237 239 584 604 766 944 974 994
256 365 415 495 499 500 938 941 946 964
47 303 318 414 456 586 624 681 698 704
71 187 194 428 672 769 803 837 908 948
134 300 462 754 762 933 938 944 957 961
9 97 119 271 435 575 585 626 660 797
10 67 156 393 525 587 723 733 737 831
10 34 80 333 369 443 450 478 563 626
30 228 390 436 474 649 779 863 957
205 245 316 401 585 591 687 851 917 920
61 150 157 169 210 285 501 547 684 990
68 169 175 204 263 282 293 527 740 938
29 105 234 328 553 632 705 780 826 910
144 280 317 381 386 470 701 762 800 913
80 88 119 138 173 177 272 343 563 760
66 74 177 355 420 480 512 569 853 888
70 420 441 614 671 832 857 861 905 965
88 520 546 548 660 696 723 776 807 878
65 88 253 311 413 446 474 730 897 915
10 61 200 296 538 619 620 687 776 920
19 203 341 441 450 541 752 867 957 987
176 242 245 288 309 369 406 440 650 943
81 114 173 356 392 465 632 658 722 825
27 151 239 277 354 365 572 591 753 873
159 230 325 452 516 532 557 569 778 966
127 167 218 302 311 633 799 811 938 971
150 242 353 383 452 507 530 613 673 769
29 189 222 228 308 569 596 702 741 875
63 66 118 154 160 198 408 450 453 510
55 183 262 286 558 637 689 767 877 987
102 401 590 606 659 761 875 942 952 986
21 249 323 355 447 462 486 724 749 938
34 354 420 492 527 563 661 697 769 888
39 50 174 415 511 718 778 787 827 882
190 219 362 398 482 601 693 776 798 856
237 275 290 399 401 474 651 700 762 806
38 167 168 292 326 332 573 759 936 988
70 193 204 211 369 411 557 664 716 906
106 190 334 341 344 394 635 836 936 992
187 256 283 286 310 565 620 682 799
83 417 529 674 796 825 834 844 877 932
87 109 133 300 560 725 775 849 968 999
119 138 374 405 412 625 661 830 841 871
333 545 578 650 691 763 850 945 969 981
13 88 181 249 563 632 634 757 897 963
78 237 269 346 527 588 635 914 955 983
14 259 310 338 349 354 425 661 760 898
9 57 241 400 415 551 692 698 830 911
103 246 319 489 683 924 925 977 982 989
26 36 235 409 715 768 820 878 903 977
164 358 495 635 671 694 730 787 832 973
59 109 412 589 631 683 747 836 876 988
191 234 321 476 496 555 638 646 858 940
119 409 559 587 761 871 902 909 934 971
52 62 177 233 350 452 491 545 623 910
134 189 272 278 298 536 563 599 621 717
43 405 428 431 619 637 652 706 733 892
1 11 319 423 564 603 708 797 821 827
77 220 382 480 605 701 707 729 760 968
121 140 253 372 448 519 626 651 716 893
125 132 260 358 487 511 654 662 743 755
60 81 203 312 419 557 816 827 903 995
96 196 276 392 447 452 568 585 789
153 404 473 500 579 722 733 835 836 843
50 64 109 131 342 423 569 664 728 821
94 109 123 189 191 213 277 496 861 886
67 83 270 405 492 500 552 862 912 985
8 17 81 116 562 598 603 628 732 890
122 185 203 219 223 261 263 373 825 949
145 159 179 239 288 458 770 803 866 950
103 163 319 428 621 708 805 871 895 964
1 193 233 384 463 509 604 768 839 996
315 393 409 520 543 683 687 763 773 849
123 187 400 426 597 835 846 850 865 916
118 130 251 486 515 630 722 838 941 983
83 227 402 478 611 637 708 774 795 827
55 165 176 187 528 561 575 683 935
7 90 255 363 644 652 806 958 966 997
13 127 149 189 207 290 308 350 483 507
156 235 283 303 341 348 419 477 871 909
286 441 670 721 736 757 857 865 952 969
53 57 179 245 348 458 556 900 912 916
151 193 313 330 374 396 439 491 628 950
119 461 500 588 589 623 685 700 923 969
92 361 401 481 559 571 586 661 767 887
241 426 436 588 632 755 825 924 928 956
59 262 305 355 415 423 514 576 777 960
159 175 195 479 543 560 691 741 924 955
5 191 230 400 452 453 584 609 708 772
59 172 174 207 430 496 554 622 939 996
112 220 282 343 440 446 523 579 687 707
65 156 294 435 615 798 812 874 883 981
137 144 187 281 409 618 712 744 792 991
146 192 209 509 517 774 780 793 894 989
301 322 620 675 708 822 871 923 938 952
304 419 437 456 668 698 782 860 970 976
127 217 388 392 645 689 698 797 948 985
47 184 224 289 310 413 569 597 721 740
20 152 276 277 369 497 518 833 937 944
109 207 293 408 498 601 621 646 789 978
83 237 287 319 497 764 847 878 936 971
9 25 60 117 179 232 379 476 767 875
83 336 397 418 449 503 690 775 881 894
223 318 325 367 394 498 528 651 660 843
165 363 372 389 402 471 576 914 947 957
55 80 95 171 172 468 539 801 919 975
76 207 230 269 324 488 558 595 650 698
103 171 185 218 257 293 335 347 351 820
155 215 298 319 333 677 705 848 854 894
112 264 343 457 635 638 662 672 679 830
470 474 496 625 696 701 760 850 929 961
209 465 481 492 497 592 663 705 824 987
62 66 156 361 578 601 706 788 928 961
53 208 340 433 583 669 683 754 764 895
37 75 126 159 166 467 666 754 757 924
199 235 311 327 393 417 431 776 937 992
54 129 136 193 338 525 573 591 780 916
126 215 277 304 488 504 927 961 967
40 138 348 371 429 489 495 578 799 830
227 271 476 555 557 637 649 873 894 977
65 74 164 270 461 789 873 919 965 1000
127 134 298 303 446 454 637 703 882 894
63 108 115 332 463 509 737 778 827 855
58 156 250 303 454 564 605 689 750 896
63 131 147 165 188 564 763 873 962 973
22 86 145 185 399 512 518 570 769 878
204 317 346 371 407 448 492 551 598 811
66 84 297 337 415 436 515 743 820 952
107 146 344 419 695 769 797 799 885 951
30 52 107 118 231 453 574 587 772 797
28 195 223 253 289 461 465 501 746 817
15 137 161 342 357 510 777 781 811 892
4 206 362 462 559 580 584 740 826 940
87 90 125 157 312 350 419 639 837 851
37 74 79 195 633 722 819 827 875 895
12 104 139 220 227 243 391 432 793 965
160 167 189 202 338 459 697 944 969 971
161 314 356 483 605 673 701 778 805 984
12 91 192 215 329 386 900 920 955 981
159 213 280 394 406 418 642 657 732 863
127 343 368 397 430 460 694 740 857 984
12 203 221 376 454 502 664 711 802 994
240 247 269 373 529 530 724 786 897
103 129 137 170 314 523 583 644 795 828
197 292 387 448 451 471 663 700 842 901
128 131 200 285 446 463 483 498 734 936
136 251 365 397 607 643 732 830 897 961
236 369 460 585 694 714 763 773 905 967
227 310 409 438 524 577 812 827 853 863
1 93 131 146 392 424 448 584 786 803
250 414 439 569 619 656 716 767 827 956
43 84 129 168 379 442 732 768 781 944
175 244 362 611 635 665 719 904 965 969
88 134 279 396 516 712 733 811 956 982
235 245 262 307 351 525 527 732 816 947
105 214 298 411 453 466 469 513 703 771
19 25 282 419 688 782 820 903 961 975
248 313 490 598 693 699 707 772 894 947
7 19 25 117 170 388 481 526 687 948
1 59 154 158 168 384 413 545 768 847
33 35 187 251 386 391 423 658 765 896
31 109 150 257 268 481 600 712 805 868
11 113 245 274 438 490 852 884 955 959
114 153 193 210 218 226 446 504 656 988
15 285 478 578 580 604 631 727 877 981
30 200 213 232 425 535 619 760 803 923
116 203 219 335 410 418 529 595 980 995
1 266 290 354 447 554 584 724 848 919
163 211 272 286 367 443 457 533 794 994
4 40 90 156 204 824 849 927 955 978
13 98 134 138 421 461 470 772 819 922
137 283 291 300 319 385 574 803 917 979
26 152 462 742 773 781 828 874 879 896
75 103 166 379 392 417 597 760 984 990
33 148 297 573 617 736 844 851 893 910
8 109 113 182 292 316 430 542 831 935
271 323 339 418 565 581 596 611 639 779
76 87 98 138 722 727 843 848 943 994
76 133 263 401 602 646 657 832 849 926
8 26 204 340 370 459 656 879 908 945
151 431 640 652 657 847 909 917 945 982
100 109 146 229 340 657 721 742 910 990
34 172 278 349 429 644 671 738 794 840
55 79 269 331 432 572 578 601 661 985
99 383 481 483 515 618 849 915 927 984
114 137 138 367 395 527 566 590 946 991
8 106 232 247 542 560 603 691 799 822
230 296 322 385 491 507 670 758 798 974
131 199 210 412 456 479 531 579 874 943
140 316 466 532 539 645 654 690 756 929
109 184 277 367 379 767 815 893 980 986
201 304 336 386 517 560 572 704 857 910
26 148 261 298 393 523 602 628 649 917
88 146 150 237 283 329 407 643 884 941
30 120 170 223 293 427 428 602 749 820
134 385 489 520 567 603 696 830 899 961
12 106 606 702 727 804 891 913 949
10 147 174 184 315 320 428 618 768 893
353 381 438 562 570 593 813 863 913 918
102 122 171 192 261 268 768 863 928 992
59 95 104 487 569 594 648 741 754 875
255 286 367 396 450 482 694 773 827 910
61 94 354 411 422 444 601 818 886 914
15 100 113 366 376 722 765 783 835 969
26 518 559 678 681 689 816 882 897 967
47 124 176 181 282 378 463 645 798 849
253 410 514 546 625 667 684 764 828 931
110 158 222 234 254 428 431 445 682 948
115 228 542 632 787 791 796 904 948 958
156 194 380 443 471 494 617 651 824 908
31 65 202 330 389 507 543 652 885 899
56 71 122 357 394 820 851 887 983
129 177 265 289 317 325 631 702 801 950
78 145 198 311 450 474 517 611 855 954
91 216 272 287 320 450 578 747 855 983
135 366 432 481 526 529 638 852 861 924
98 181 240 356 585 611 624 883 948 961
16 51 112 206 331 344 452 618 739 975
3 160 208 277 286 552 701 884 906 961
232 238 307 313 367 501 611 713 895 942
175 309 569 608 664 796 823 917 951 1000
24 402 564 639 697 761 785 867 930 939
117 130 142 194 251 321 334 529 829 837
204 244 317 361 423 580 627 686 874 890
193 500 549 602 743 788 802 825 854
13 449 477 636 637 681 756 757 764 867
54 101 328 599 604 637 718 904 922 948
32 41 129 251 424 509 526 637 646 901
83 115 177 376 385 517 531 691 762
70 312 326 342 379 636 813 944 951 958
126 216 231 236 377 444 622 679 729 757
43 188 433 619 705 849 891 913 982
142 230 289 291 339 343 433 602 667 815
203 228 243 252 290 293 357 835 981 997
50 71 282 307 407 533 610 621 625 767
85 89 459 547 556 649 650 735 843
93 142 173 293 476 479 485 558 664 762
204 218 261 289 304 816 850 946 957 974
111 320 395 463 505 579 892 915 971
127 325 389 590 659 682 703 800 830 941
68 141 172 463 499 545 608 733 917 958
33 40 88 104 234 515 636 698 841 849
74 82 238 261 297 540 603 636 698 929
28 159 200 595 627 645 662 700 789 840
4 139 281 317 335 617 713 852 932 963
1 161 191 206 238 254 492 539 566 977
119 212 283 351 403 546 596 624 657 694
55 69 388 485 512 563 571 580 891 909
76 158 310 439 457 531 703 721 772 942
8 17 137 156 449 644 673 768 939 956
177 320 456 522 699 719 776 876 979 986
20 107 452 674 721 731 764 862 885
63 119 132 207 461 574 717 728 790 796
81 113 234 435 464 584 674 838 988 992
85 209 407 561 687 857 872 898 900 967
166 167 312 343 349 415 543 590 763 878
68 82 377 431 477 498 815 930 969 971
118 208 360 377 556 563 620 701 759 934
120 122 150 169 239 441 613 649 801 899
73 115 125 233 292 481 682 716 803 890
202 271 314 343 363 537 592 612 666 849
27 38 81 236 281 350 518 683 808 923
50 70 90 453 458 470 540 557 653 944
85 129 162 447 514 528 602 610 670 717
48 161 312 319 441 476 492 625 770 808
34 51 567 627 701 703 812 902 925 986
29 61 177 216 372 674 756 810 860 994
48 74 242 244 391 481 526 777 857 998
127 148 252 316 356 453 709 787 844 853
20 35 151 405 418 435 606 713 759 894
45 172 552 614 798 825 834 908 930 945
104 349 403 406 572 624 754 782 895 992
25 263 477 579 587 641 657 715 884 896
103 113 339 406 408 536 694 695 708 888
36 178 281 364 505 602 606 707 814 841
132 151 307 506 599 710 762 810 941 980
125 192 327 541 685 782 910 949 961 990
78 83 182 214 237 250 325 500 554 749
77 116 238 328 366 713 824 934 954 979
217 252 279 408 437 496 576 735 768 810
138 161 188 442 491 660 752 866 875 954
57 356 418 437 444 557 628 691 753 920
3 107 192 284 491 570 589 809 830 994
64 178 357 501 518 542 673 707 709
105 120 204 411 488 513 578 653 925 933
27 48 218 223 228 403 598 634 836 862
157 231 301 483 495 538 589 793 934 953
176 337 427 599 619 676 726 746 753 768
301 427 512 522 546 694 858 929 939 949
192 225 286 324 547 610 727 759 777 965
100 135 335 372 430 601 853 861 957 977
7 228 293 384 475 499 500 582 796 990
32 33 147 198 323 428 456 473 500 958
173 364 414 445 626 699 927 960 975 988
53 113 118 301 445 448 626 645 668 955
93 163 228 238 507 561 597 751 877 921
41 294 326 327 375 541 642 668 749 825
72 155 217 302 305 673 724 788 811 861
56 186 211 241 386 416 449 495 894 918
13 99 350 513 629 679 719 777 809 934
40 176 294 316 400 554 644 716 851 925
87 112 201 245 306 361 704 757 799 878
60 142 256 304 349 683 701 797 860 985
169 179 212 269 401 411 483 550 605 713
116 254 338 339 345 455 478 533 854 912
126 146 296 320 393 445 480 489 528 884
474 530 571 603 692 726 916 952 965 993
268 496 503 588 742 761 798 807 854 943
88 108 176 216 425 480 545 652 767 798
127 303 381 392 415 535 629 646 968 979
13 149 194 295 374 379 476 914 932 957
101 152 312 315 469 484 673 726 837 902
135 216 263 307 586 760 791 855 896 917
19 56 78 306 380 504 750 781 796 872
147 190 381 448 509 529 562 573 834 996
58 129 173 276 301 404 459 556 958 980
107 113 148 318 493 527 580 717 900 922
139 164 301 436 545 555 556 738 802 906
47 154 166 308 423 522 574 779 941 977
38 50 180 190 455 624 758 884 929 944
84 121 224 245 267 292 347 359 602 999
179 201 278 525 612 683 722 810 893 916
13 158 177 291 550 655 715 825 874 977
81 327 503 510 555 771 796 870 953 999
94 100 176 270 343 373 396 544 759 870
6 22 26 102 458 668 689 764 971 975
213 327 377 495 568 577 588 617 798 826
115 140 148 164 383 401 532 593 707 772
129 136 146 192 198 263 373 384 629 733
17 155 407 412 514 581 657 812 900 963
93 165 337 384 469 490 569 627 688 893
131 143 213 224 419 420 496 680 792 850
73 367 424 578 783 840 882 922 966 994
151 159 248 374 546 660 676 680 706 708
63 94 345 408 856 869 871 879 907 954
45 51 249 281 294 297 421 436 485 765
4 52 229 458 494 532 576 607 619 906
48 63 94 177 328 455 596 683 684 838
144 147 233 293 430 484 604 643 689 923
29 90 154 241 247 313 469 691 732 954
269 275 359 447 455 697 740 814 867 996
145 156 224 254 266 309 700 871 910 952
11 44 129 149 195 265 342 395 752 796
174 214 361 374 547 614 794 897 945 958
13 265 408 489 521 545 556 630 667 791
61 133 229 427 511 563 680 726 839 953
78 250 280 292 347 425 533 566 753 861
109 215 263 321 331 332 568 728 835 840
67 93 147 189 274 441 911 965 966 974
168 173 346 374 385 390 526 570 807 836
95 195 464 499 521 642 848 911 928 996
4 36 222 224 535 652 694 852 953
273 353 365 575 729 750 758 809 877 895
41 153 640 646 695 757 772 814 829 930
28 50 165 291 371 434 558 573 672 793
26 186 250 290 360 568 638 653 810 862
48 315 335 358 443 701 742 825 854 984
210 217 341 761 785 843 922 944 963 972
73 102 208 302 408 418 439 495 760 780
74 220 289 320 461 556 701 756 876 963
10 353 354 386 396 451 656 716 903 950
91 96 99 165 254 268 367 466 723 931
7 8 20 117 447 478 647 772 912 961
26 285 318 410 431 454 519 675 906 996
391 461 462 466 618 639 678 827 916 985
20 215 254 340 653 704 856 922 926 999
171 197 213 337 490 625 895 937 962 968
72 129 135 136 224 255 415 543 656 702
88 176 255 459 469 470 659 810 900 948
23 85 103 227 274 537 645 653 818 971
32 122 130 201 216 505 661 712 863 958
46 73 190 334 346 415 502 631 676 925
90 141 148 256 313 588 698 900 933 963
151 227 280 346 460 521 726 853 891 967
203 243 270 414 439 484 823 869 893 922
181 355 390 469 473 478 521 582 912 968
80 129 145 248 440 588 645 693 870 985
194 287 321 356 504 678 734 878 879
99 110 485 490 530 581 597 607 682 713
74 135 193 386 440 617 636 704 777
254 268 293 314 563 655 742 808 990 995
96 198 366 419 437 466 566 886 932 934
86 120 189 261 278 500 647 728 811 857
80 93 144 209 222 276 534 664 717 936
129 308 413 617 722 762 769 813 928 944
49 55 160 420 471 518 658 721 742 853
44 98 115 348 482 506 533 643 746 752
14 152 378 379 437 660 704 794 828 869
10 121 349 365 392 431 643 740 866 889
39 162 241 262 358 626 764 894 961
191 358 484 520 572 685 702 781 853 965
81 151 167 204 263 352 369 395 492 787
226 284 292 623 778 803 849 876 939 995
38 70 105 257 346 555 743 786 854 912
7 141 409 415 520 593 637 688 965 970
105 323 356 411 473 630 796 829 961
28 368 379 506 515 577 616 654 758
72 133 193 208 367 444 528 673 720 732
58 103 189 215 242 297 403 496 741 944
56 76 105 609 649 677 697 783 974 999
23 90 139 276 298 345 347 539 650 750
155 208 474 518 552 668 812 832 908 919
87 380 424 506 507 580 595 712 908 982
278 281 351 496 557 827 838 904 908 975
145 326 469 482 576 606 861 905 963 970
89 205 319 724 726 730 790 839 968 989
105 260 353 354 542 615 636 849 873 991
87 193 470 476 483 500 579 609 828 974
29 49 106 140 149 197 383 537 593 914
62 334 363 364 394 494 601 792 861 918
49 63 127 284 498 574 585 624 697 988
55 81 88 240 575 743 764 781 836 933
41 156 203 335 594 595 716 857 871 913
17 177 356 444 473 776 789 857 990
101 110 130 135 244 249 329 435 845 899
65 245 254 274 538 556 560 693 889 937
37 41 110 254 299 496 534 887 977 983
173 212 479 519 547 553 563 624 640 804
66 374 426 475 506 594 630 675 741 909
171 190 217 291 408 598 742 775 807 929
6 72 120 258 264 341 355 672 735 910
81 90 106 131 175 280 360 617 694 763
7 165 258 330 414 592 778 801 842 884
31 37 43 86 237 308 390 574 602 944
93 187 230 271 417 435 487 676 891 988
117 150 451 457 470 472 681 683 781 791
82 157 371 402 406 447 649 677 875 991
259 339 353 467 532 613 666 835 858 898
29 256 344 359 367 410 414 900 905 957
165 258 512 560 626 654 777 888 903 926
67 170 217 224 236 466 660 702 809 975
1 108 296 345 563 631 682 700 809 860
168 304 384 411 430 566 568 597 679 946
77 93 105 173 304 583 735 828 853 977
143 318 425 429 447 499 722 731 749 852
10 22 179 242 254 290 438 535 712 857
119 377 389 398 519 604 787 795 853 879
52 181 423 434 575 577 632 672 701 856
274 312 341 405 451 483 495 496 646 912
402 444 469 512 573 632 635 647 854 880
104 154 272 412 456 458 542 718 736 783
137 274 368 453 634 711 904 909 936
279 312 338 350 354 384 431 449 497 571
29 218 232 336 405 459 513 789 926 941
51 351 571 733 737 815 862 886 972 987
168 220 239 240 360 475 477 681 793 912
210 261 353 412 481 522 596 674 756 800
64 120 131 234 300 365 596 738 742 757
193 206 240 268 270 387 561 563 930 969
37 75 112 121 313 536 547 590 711
5 305 406 545 666 689 693 705 737 760
78 94 328 402 461 472 494 612 763 796
105 269 321 337 639 649 677 696 714 841
26 181 184 384 647 696 806 880 924 947
21 227 254 337 432 434 446 704 830 851
32 177 236 249 671 683 722 852 984
19 82 196 382 561 625 872 928 949
71 180 283 294 432 476 483 651 653 955
28 152 160 272 627 754 837 861 922 980
11 77 110 141 310 380 585 856 917 923
24 369 427 431 543 627 730 737 762 926
23 26 447 547 710 734 874 993 997
5 133 217 404 428 532 590 603 671 750
271 388 479 587 648 682 768 799 820 923
84 149 252 332 412 431 473 504 723 965
4 7 177 224 266 343 724 871 946 988
14 35 79 114 257 404 437 570 909 921
3 11 15 212 228 423 434 567 803
52 97 219 413 529 609 613 672 767 920
5 22 157 197 206 242 637 646 692 972
3 108 156 230 365 442 474 595 619 723
24 31 152 421 498 517 528 696 795 881
36 176 201 306 363 516 630 653 684 858
159 309 454 455 492 510 515 788 821 934
20 58 94 306 502 788 790 939 999
24 53 65 94 149 223 377 403 476 820
58 78 287 364 637 649 817 898 941 958
166 204 309 471 502 566 602 822 938 945
3 146 209 231 277 350 440 520 724 785
19 130 211 255 438 559 573 685 872 919
141 241 428 446 472 542 583 787 959
4 131 198 285 332 376 485 722 816 938
43 49 89 138 170 358 576 738 744 887
154 368 387 448 503 512 778 787 818 995
253 254 276 375 519 758 814 816 863 986
31 177 193 274 473 525 629 868 873 910
7 24 40 211 495 563 618 752 772 831
57 73 139 349 707 708 803 939 956 1000
62 73 102 159 442 558 629 637 652 854
189 215 300 319 335 420 421 598 787 929
4 59 61 157 371 604 851 906 981 992
29 72 209 254 262 451 463 974 983 994
164 226 251 280 405 468 475 757 876 937
118 284 382 420 522 547 623 686 785 860
22 23 312 318 327 414 417 755 939 981
37 197 267 274 276 412 783 825 840 938
6 55 242 357 500 586 697 733 856 986
48 82 182 331 356 380 511 519 558 866
103 276 366 388 439 463 482 739 779 782
285 290 367 396 411 484 746 755 812 954
28 46 62 99 169 431 521 615 681 873
41 114 191 225 474 482 500 594 657 852
293 330 455 475 572 575 582 652 788 887
67 303 305 397 515 610 704 729 746 866
43 69 224 413 431 438 581 852 945 982
43 64 251 309 704 717 737 758 762 848
242 286 403 443 484 534 718 821 904 933
21 121 179 394 399 416 432 641 656 779
231 258 299 442 444 445 501 510 674 748
39 88 192 255 285 475 510 595 646 695
153 375 379 451 508 554 597 606 796 965
117 228 406 430 536 600 689 718 750 816
24 125 138 180 380 447 648 713 877 930
26 39 85 220 246 369 390 544 777 824
18 34 212 284 338 371 473 635 703 801
35 229 254 370 737 789 816 831 952 967
20 194 305 324 355 582 780 868 892
324 376 377 496 500 562 686 778 840 949
30 170 373 567 600 648 677 807 971
41 148 179 250 309 486 522 603 930 971
107 117 362 387 584 638 785 864 883 932
66 135 255 320 449 480 545 563 593 931
30 83 148 193 218 307 411 677 955 991
85 240 287 290 475 486 518 666 854 945
173 315 417 456 487 549 614 640 747 822
257 361 457 668 676 712 798 817 829 975
196 241 274 301 352 472 507 609 850 866
94 97 133 219 287 431 596 601 695 775
70 153 222 409 496 590 634 731 786 985
16 36 37 185 327 508 585 670 823
5 70 354 437 473 798 830 844 927 970
53 102 117 152 161 287 585 596 849 904
33 47 225 300 341 417 577 664 931
29 333 406 432 509 676 753 831 839 937
7 28 135 226 391 451 670 803 901 938
34 54 102 146 215 229 770 786 899
74 146 211 404 470 481 504 642 735 955
71 120 180 196 516 545 673 917 967
90 138 141 239 325 381 544 646 734 967
63 78 422 609 650 722 832 903 982 983
54 264 345 585 602 685 845 866 933 993
1 37 59 399 663 672 690 792 846 905
10 49 81 240 256 490 633 752 917 941
235 317 391 544 720 735 881 894 943 957
30 36 53 96 329 815 844 873 886 924
155 164 222 293 599 747 748 861 912 984
24 113 227 305 492 528 539 607 699 983
30 68 145 186 420 440 510 748 781 934
207 251 303 408 427 435 482 826 879 965
153 323 516 568 636 689 766 795 903 939
37 44 140 260 270 560 736 815 883 924
18 98 423 507 587 599 729 880 934 993
26 51 75 109 357 495 872 889 962 989
224 253 328 478 546 658 738 953 962 970
122 191 235 365 433 598 824 844 860 941
251 287 345 434 512 523 533 544 674 887
28 67 83 103 546 552 564 685 867 896
37 46 217 232 315 459 592 606 715 798
50 297 575 591 596 636 694 754 863 905
80 86 325 385 717 793 911 956 984 999
89 225 431 590 647 675 731 793 837 937
102 187 219 271 370 447 630 645 675 708
68 232 340 373 387 457 467 625 870 924
178 217 294 316 322 405 409 589 638 682
164 242 418 442 664 670 768 801 812 894
9 40 236 247 311 423 449 484 903 943
30 232 366 435 494 568 650 781 822 874
65 141 646 697 790 799 890 944 971 976
2 343 434 438 562 638 692 716 767 987
42 65 236 295 388 529 598 628 945 995
13 90 105 333 446 467 660 685 726 989
281 336 360 540 585 683 739 955 979 996
216 231 346 405 527 545 646 859 933 980
72 232 249 345 361 405 418 476 480 834
7 51 145 374 465 514 587 737 808 934
110 160 191 488 546 631 827 871 903 905
89 234 433 448 478 588 641 671 910 964
279 294 478 479 521 557 594 760 818 838
50 108 165 269 408 439 472 750 846 914
22 64 382 478 588 613 642 814 905 976
161 226 227 245 317 351 534 687 874 948
87 236 429 434 521 617 662 871 949 997
67 79 149 174 204 375 530 584 750 863
136 320 437 455 463 539 676 680 737 980
61 178 232 237 475 519 672 726 773 930
361 388 412 546 590 638 662 695 844 921
36 47 62 144 220 408 533 756 792 848
93 105 281 378 408 454 464 492 518 833
440 544 552 661 729 821 846 848 889 945
52 151 281 419 482 574 822 895 945 978
43 60 62 153 335 365 455 614 785 811
54 373 414 484 488 503 612 774 887 990
47 190 229 479 495 498 531 541 786 969
35 69 206 357 436 473 620 840 939 951
52 191 436 451 630 733 778 795 856 905
157 266 442 680 693 745 757 925 971 999
72 130 233 403 413 494 503 599 853 858
25 68 225 235 440 826 854 863 864 950
33 73 151 224 266 277 622 678 679 870
159 563 573 578 581 777 839 883 885 978
194 611 629 636 650 688 703 810 938 987
28 165 227 440 525 608 776 796 836 936
28 175 228 367 526 684 805 839 999
24 62 77 132 163 553 614 776 909 956
19 69 217 362 389 586 640 676 685 784
107 133 426 430 475 495 580 617 879
60 184 337 475 643 657 739 819 956 987
74 96 174 391 430 586 629 642 817 947
101 131 156 177 302 320 603 613 629 785
61 242 260 404 553 600 628 811 877 964
43 86 270 384 510 572 687 782 896 976
26 225 293 524 686 706 835 957 972 991
168 294 322 509 591 650 667 720 835 907
241 279 422 482 507 578 579 768 920 986
342 347 403 420 516 629 719 873 922 941
18 44 114 142 286 334 538 574 683 853
108 110 132 396 504 580 743 790 795 932
10 58 64 207 294 297 323 413 775 956
158 233 309 354 497 602 650 675 879
42 272 287 396 635 714 742 779 827 918
56 74 88 188 230 259 392 615 646 932
80 85 254 394 549 562 672 694 718 904
21 45 97 157 361 479 669 830 836 964
34 186 401 439 518 637 696 779 791 998
15 206 244 268 323 646 731 764 945 951
9 23 124 302 473 488 601 627 808 949
152 163 175 296 579 625 634 943 962 999
283 327 331 556 874 935 944 957 996 997
12 126 144 233 266 308 549 721 744 762
110 121 499 505 657 712 785 814 928 945
39 159 363 364 473 475 558 579 628 668
3 100 197 275 471 487 607 693 718 830
87 124 227 297 472 487 589 755 962 964
62 291 476 593 620 666 737 812 830 855
50 118 183 321 334 443 450 470 544 719
68 146 174 252 620 640 886 888 951 972
45 112 161 213 259 355 594 725 773 810
15 108 164 355 506 558 589 648 735 759
78 202 305 519 530 578 612 852 936 971
13 14 31 275 300 368 468 516 632 719
13 371 633 638 733 744 846 909 958 998
93 209 262 408 413 446 468 469 631 691
244 448 453 483 539 617 640 680 748 893
51 135 201 306 308 467 481 633 808 937
124 174 186 190 228 321 707 729 746 814
102 223 294 310 429 554 733 904 905 967
41 124 477 687 796 856 882 945 991 998
15 83 116 250 288 312 345 675 811 989
192 220 230 425 569 821 830 840 879 984
180 186 268 275 364 455 481 734 813 860
30 406 449 480 706 709 726 785 867 910
51 77 78 156 237 352 466 493 504 523
85 311 373 470 501 503 505 562 717 848
11 63 303 335 396 490 721 734 806 829
148 173 255 306 490 573 581 731 829 921
39 168 241 485 535 546 772 801 964 968
237 320 347 439 537 601 734 753 910 993
33 49 92 157 215 455 606 611 666 968
69 106 119 144 184 278 355 485 615 890
108 120 191 247 500 536 616 721 749 966
43 92 97 107 217 320 505 535 772 824
38 39 288 348 461 589 703 801 829 959
42 76 100 383 511 596 779 793 891
67 71 79 406 454 566 710 761 842 851
40 189 266 352 439 477 580 717 746 883
57 90 128 217 254 427 481 782 900 903
61 95 255 276 490 563 665 749 907 908
33 48 217 414 542 654 691 804 808 905
40 64 111 188 455 722 825 868 871 949
29 277 296 397 407 489 714 788 823 927
273 276 384 443 553 664 829 858 865 923
2 44 49 101 111 226 321 441 644 849
85 385 458 475 535 562 695 705 984 1000
212 571 698 709 798 802 820 824 877 970
138 176 257 330 356 495 611 617 628 889
221 406 425 479 488 531 620 797 829 858
136 276 487 533 618 663 714 865 898
16 36 155 328 364 468 819 965 979 981
93 160 187 322 355 641 808 850 885 971
54 73 99 433 516 538 597 652 824 956
206 270 310 332 339 594 707 723 756 767
111 191 236 306 357 381 675 762 775 901
139 201 243 352 404 423 693 700 799 935
23 53 135 230 378 450 457 487 545 548
154 267 479 504 572 699 713 876 923 957
237 258 419 476 563 600 666 782 822
113 238 387 418 454 456 596 668 837 840
265 308 319 383 387 470 532 731 780 837
170 215 289 318 498 611 688 734 905 981
72 162 199 267 354 502 700 738 866 967
5 17 114 146 256 367 436 585 788 962
139 192 305 313 365 683 854 890 902 920
30 101 320 381 395 474 547 687 744 822
100 172 462 496 505 617 705 860 933 958
55 65 164 255 319 324 332 555 809 962
11 33 341 418 439 467 509 521 601 664
9 160 320 368 411 511 645 710 802
4 40 580 673 706 711 737 739 914 989
10 11 198 284 300 343 416 541 831 841
27 231 266 316 349 419 426 468 557 654
39 150 155 171 415 494 613 673 842 970
92 208 263 334 387 444 614 652 663 819
53 195 309 361 399 474 635 663 876 934
110 234 246 360 426 574 580 715 753 828
22 29 178 359 412 442 595 690 727 992
142 223 484 491 561 787 835 863 902 984
123 197 295 368 464 581 846 857 882 959
224 260 480 515 590 594 633 791 835 949
138 165 309 332 390 418 776 829 884 965
37 72 96 212 259 304 484 489 507 945
15 138 314 371 431 515 751 895 927 975
59 136 149 236 278 363 449 595 704 909
2 154 184 316 366 389 498 564 644 870
33 138 197 378 436 486 840 848 878 986
89 145 175 250 521 579 592 776 856 933
119 175 198 215 259 265 307 361 548 985
67 262 302 348 374 426 475 831 902 972
179 385 577 581 610 677 685 691 763 952
214 394 424 469 476 477 555 590 604 742
229 251 297 360 510 536 572 697 848 884
47 99 105 250 290 317 583 681 810 934
2 52 67 154 257 477 592 912 968
36 41 87 91 180 203 262 337 503 582
76 85 223 325 557 765 842 951 960 973
186 189 305 358 375 379 436 520 543 981
132 149 256 265 338 415 462 523 624 637
20 41 204 250 262 284 291 320 576 722
37 154 264 335 350 391 689 754 932 973
12 230 282 293 528 559 709 808 863 899
126 135 141 157 460 647 687 756 761 1000
328 367 373 533 574 575 662 733 763 868
21 143 176 346 582 634 720 728 955 969
78 196 259 473 522 612 616 627 638 930
40 59 227 276 278 283 498 820 833 984
35 200 201 293 541 569 586 706 720 864
71 181 340 370 396 490 563 589 737 990
38 78 134 336 429 448 479 645 781 857
39 222 540 585 608 609 626 787 832 927
170 243 509 629 687 724 758 858 962 963
20 36 262 436 533 545 824 843 856 904
113 131 330 483 487 500 576 640 849 870
114 177 233 275 395 399 448 611 646 739
19 233 276 279 385 758 760 832 852 976
13 88 244 333 357 527 562 661 756 831
178 215 267 439 442 463 738 820 861 955
213 220 246 269 336 407 473 508 664 755
11 129 166 380 451 588 617 788 859 861
167 230 374 382 401 450 482 698 787 903
138 438 471 473 547 614 737 759 764 913
75 110 237 247 273 295 411 521 980
167 220 289 363 727 774 802 808 856 998
2 40 120 214 236 241 499 577 607 949
55 87 144 249 445 743 807 837 961
188 196 360 598 622 628 631 693 778 982
263 302 315 323 435 449 513 703 905 906
165 171 173 190 487 593 670 856 896 986
126 128 238 322 552 575 598 695 753 942
53 73 89 182 196 242 303 735 904 918
56 294 326 501 520 614 638 683 710 942
66 109 126 322 331 420 527 635 718 863
42 115 118 144 205 413 491 742 749 947
534 536 590 596 605 666 749 754 904 951
120 161 263 333 392 443 810 830 871 906
20 71 247 249 345 492 587 619 620 802
84 190 309 351 633 920 972 975 981
52 104 220 253 333 496 552 554 752 985
48 161 378 441 560 583 684 723 768 896
27 193 260 330 516 787 854 885 951 956
88 257 338 375 390 397 456 704 739 829
181 295 554 608 725 762 807 915 918 946
408 409 412 627 746 808 878 967 1000
9 67 166 274 282 285 380 481 502 984
50 167 197 338 447 452 516 553 597 741
177 250 538 639 647 650 671 677 909 989
38 325 406 526 577 726 754 755 908 1000
1 73 170 247 600 707 723 758 893 987
7 93 231 257 351 366 669 742 749 753
49 221 317 363 412 448 451 497 672 778
2 188 236 266 527 565 671 920 975 978
85 156 183 532 546 576 716 848 952 992
10 21 53 73 105 469 490 699 737 825
37 64 286 313 529 741 757 789 887 903
62 88 163 294 304 560 590 704 818 890
93 125 180 190 340 345 461 857 874 918
34 54 76 264 354 455 579 681 719
136 380 410 584 628 632 713 806 864 975
102 171 192 311 442 612 630 801 858 978
140 262 273 447 453 471 582 594 637 805
61 90 154 260 333 661 669 695 936 948
146 255 285 397 508 674 749 769 773 986
69 81 266 274 322 376 406 767 796 823
107 277 293 370 372 373 501 591 597 816
43 63 133 146 233 458 587 930 959 966
8 26 157 244 279 717 742 806 808 923
22 42 241 267 448 707 759 792 922 931
41 127 161 290 336 364 469 503 522 523
12 79 210 243 310 347 350 379 408 905
131 370 441 543 588 592 624 696 848 964
201 417 470 540 588 767 772 826 917 941
140 195 238 247 411 429 465 631 642 646
300 599 714 729 781 789 944 948 950 951
78 160 303 485 615 659 718 735 979 986
124 137 236 242 249 390 540 578 656 813
5 62 158 173 397 480 495 589 907 937
74 193 336 410 461 516 576 617 629 788
4 9 173 376 544 616 667 739 905 926
15 20 175 219 315 399 541 587 603 681
77 216 257 351 360 469 494 584 661 797
29 154 220 278 535 589 640 680 681 811
51 73 146 159 313 329 356 840 970 980
46 226 272 307 415 505 572 641 728 740
146 303 304 440 468 519 666 709 731 855
72 112 298 324 445 789 804 855 865
147 254 318 336 394 434 626 674 922 943
17 69 158 170 234 365 739 882 921 968
102 164 186 299 395 469 686 691 726 744
8 40 61 81 223 415 518 734 836 921
17 311 461 462 562 619 671 704 766 972
118 343 387 394 407 439 458 498 738 939
289 349 403 444 540 581 646 740 773 947
258 292 368 405 465 476 552 725 808 899
166 291 368 434 448 490 673 739 824 924
159 384 481 594 724 736 813 854 874 891
109 479 540 554 597 619 663 734 869 974
134 246 261 268 351 374 485 499 649 985
27 124 318 377 484 511 658 791 792 914
16 321 431 437 614 660 697 740 782 892
376 419 483 488 562 584 686 714 770 900
22 166 288 300 455 529 590 641 859 923
248 279 325 375 408 420 497 506 514 796
51 424 556 561 573 574 672 753 875 930
102 203 235 294 610 623 739 753 807 975
86 268 414 550 594 672 677 722 783 951
102 206 282 410 428 640 759 838 903 933
23 278 281 494 509 573 649 801 828 862
48 49 330 542 569 663 821 899 902 903
127 189 245 376 379 394 474 671 729 776
42 373 384 553 565 642 703 839 910 985
49 158 408 448 703 795 819 836 861 892
356 482 564 574 769 806 883 884 907 940
108 225 256 323 341 379 449 653 784 853
104 105 233 268 287 474 608 736 768 927
128 147 327 383 442 459 585 617 789 838
101 195 364 376 522 572 688 886 892 914
55 107 423 435 515 568 674 680 696 993
22 48 92 99 524 671 730 832 908 955
149 372 483 527 609 610 753 791 863 914
301 441 502 654 733 735 824 895 935 974
4 171 211 268 272 413 488 554 714 892
135 376 379 481 623 732 872 878 898 904
93 206 398 532 544 559 695 769 826 874
172 278 382 536 692 740 798 869 927 980
12 120 196 200 201 391 633 674 865 906
36 203 315 500 635 651 655 844 903 989
42 175 375 396 527 570 582 655 955 956
19 92 252 440 497 523 556 849 917 925
37 119 233 237 284 369 625 803 846 926
22 41 82 98 126 498 591 639 688 984
104 205 269 291 314 316 690 741 747 931
73 208 309 332 355 482 537 791 795 990
285 467 668 718 720 856 879 919 925 941
99 117 188 292 375 431 459 566 606 747
59 232 297 520 587 698 707 808 864 894
143 165 350 376 486 513 562 673 719 760
100 163 182 212 528 715 737 823 933 938
36 177 231 286 300 316 382 502 777 882
253 340 475 599 616 642 665 826 867 931
141 338 499 586 648 814 842 913 938 998
53 57 123 133 190 284 409 432 532 924
285 376 488 492 593 682 699 704 788 829
75 91 174 312 384 621 636 896 929 954
38 160 274 336 414 621 639 686 788 824
41 106 131 253 376 501 531 781 931 951
42 178 264 318 328 355 424 514 671 874
22 31 35 250 319 449 462 514 566 836
39 160 512 530 621 644 676 776 794
131 314 371 461 789 851 865 923 960 985
127 144 235 246 280 657 725 812 892 976
240 305 355 515 536 700 759 814 862 902
77 215 258 279 394 478 532 591 626 806
16 178 205 277 548 614 653 693 759 952
20 191 195 372 400 663 678 691 763 825
101 162 420 479 545 551 564 644 692 933
200 224 280 292 396 455 481 532 578 635
22 159 231 360 460 526 598 728 820 927
33 205 310 470 482 622 854 912 931 984
187 209 345 369 390 420 427 477 881 963
49 56 293 358 360 475 664 724 787 811
174 320 342 436 575 601 742 798 807 887
146 223 405 424 546 825 875 890 949 974
91 137 218 285 386 413 794 818 860 913
55 71 101 599 643 702 718 775 862 928
134 237 267 333 536 560 601 850 961 987
88 128 132 170 294 417 460 748 767 833
33 169 171 239 267 269 298 470 727 872
193 288 433 454 507 652 853 863 934 941
32 193 306 400 454 516 656 722 765 811
33 37 55 169 219 256 309 322 678 802
262 292 494 677 715 790 841 852 906 974
117 268 284 301 411 450 725 769 934 935
82 175 204 366 398 412 655 771 778 814
173 338 387 494 510 685 721 871 953 972
289 326 346 490 498 696 700 799 818 916
56 143 197 226 320 446 560 609 666 682
109 112 183 215 224 329 435 712 920 967
71 358 369 397 601 695 751 938 976 978
31 37 190 253 271 288 331 470 486 500
7 159 239 277 446 665 849 855 885 935
65 356 516 737 784 807 843 848 990 992
156 371 417 450 591 593 829 865 972 982
248 443 444 697 748 766 890 891 922 993
105 126 207 337 501 580 641 647 834 901
11 162 307 371 393 408 647 849 902 964
202 338 518 521 561 674 849 884 898 982
173 339 473 496 587 634 702 753 791 952
92 101 230 345 361 409 489 567 714 1000
252 259 293 363 377 399 646 685 792 926
57 141 201 304 313 442 459 628 698 767
208 253 265 303 324 342 532 652 748 908
104 421 434 441 506 548 564 665 783 805
247 295 477 483 501 717 760 830 950
128 166 261 348 471 518 696 727 879 885
220 336 364 448 656 678 803 812 902 965
354 410 464 477 519 581 819 888 914 968
2 5 101 111 231 567 604 651 694 960
54 486 529 598 628 784 789 829 880 933
212 258 388 504 550 572 617 646 655 969
50 99 185 246 366 524 536 718 863 929
190 227 316 340 387 664 738 800 867 918
20 109 222 368 448 692 813 830 853 961
154 250 261 284 302 393 596 653 671 748
143 153 180 374 533 654 666 749 831 927
127 141 212 283 386 630 722 875 950
125 271 502 566 621 710 904 913 983 985
39 50 86 115 193 252 560 710 747 983
94 290 389 410 417 460 890 919 958 990
153 293 337 531 640 708 711 869 874 883
47 113 159 262 375 376 488 904 981 991
89 137 174 202 466 524 616 769 786 928
22 324 364 476 522 538 672 770 793 897
28 130 184 221 454 551 684 740 841 923
104 211 276 319 325 352 411 730 853 893
110 301 334 449 616 714 724 862 953 987
38 143 219 274 278 618 645 653 699 767
12 102 115 355 531 532 613 631 677 965
110 139 287 426 569 660 696 769 791 965
123 202 316 375 421 696 736 760 842 999
105 161 257 299 367 442 715 732 736 779
119 212 343 388 454 509 657 783 800 839
1 16 93 105 166 187 247 359 776 894
38 89 151 375 382 565 629 663 700 812
57 168 213 219 373 555 562 618 798 916
121 208 215 283 332 622 678 846 849 954
26 37 73 102 160 264 402 494 600 953
178 198 451 467 509 542 608 681 777 848
132 158 509 514 585 683 764 794 889
44 219 284 305 405 429 506 535 823 967
153 204 414 461 493 536 552 598 786 961
58 81 250 274 414 455 789 849 905 972
18 177 431 515 606 688 689 730 833 1000
104 154 198 220 442 673 725 889 914 917
236 288 447 612 740 791 822 826 833 936
63 77 89 210 257 406 499 572 756 814
255 293 345 429 489 646 766 824 896 920
3 45 51 153 242 334 489 617 666 739
76 96 142 144 158 165 316 427 577 743
348 375 483 505 513 568 613 654 697 732
45 149 183 185 244 289 316 368 593 656
71 110 199 461 480 533 578 626 664 856
109 113 298 419 430 432 435 534 556 643
11 446 515 533 627 638 659 761 762 947
103 245 269 270 337 361 498 508 620 622
45 76 109 331 396 572 588 607 638 682
153 206 220 376 389 505 533 615 655 867
5 58 191 269 359 370 480 565 792 807
39 122 301 318 342 358 528 608 625 827
49 126 141 182 218 641 674 821 840 983
27 80 113 230 332 493 567 730 926 930
66 69 101 107 248 340 722 730 784 944
59 104 120 149 201 269 542 743 958 967
126 159 237 279 281 446 560 698 831 880
48 106 274 393 698 766 825 924 932 941
236 272 420 464 614 670 780 794 888 990
83 112 358 465 598 622 670 709 796 955
102 143 176 246 536 641 669 808 917 993
27 32 76 301 347 385 464 715 854 892
62 330 390 515 635 799 947 971 995
71 96 224 469 513 537 636 695 851 930
97 106 128 229 325 400 553 657 749 964
120 228 272 431 432 437 554 574 720 974
19 42 208 241 317 530 577 772 813 985
254 266 422 425 484 511 624 646 692 994
35 38 133 219 283 404 633 813 985 996
5 138 249 319 505 590 656 899 926 978
44 113 117 373 506 581 607 879 887 980
38 88 112 268 326 347 365 551 880 929
1 150 241 291 301 336 555 692 734 817
22 41 109 158 197 252 330 362 378 969
42 236 464 559 758 760 877 879 899 958
65 108 301 471 479 725 752 767 789 845
120 142 159 160 179 324 359 677 819 824
38 137 204 366 367 587 604 740 819 951
61 124 364 397 445 485 497 909 946 958
7 13 94 313 362 564 670 702 709 949
217 474 576 586 612 727 766 803 889 989
22 38 61 220 265 298 492 523 524 652
114 164 257 285 302 395 523 731 784 931
33 61 191 217 371 443 697 778 832 865
29 68 119 264 304 404 452 489 539 631
161 275 435 476 519 749 829 830 835 929
49 296 387 419 472 619 643 768 873 964
23 178 246 307 379 761 765 780 878 903
1 38 111 132 133 181 491 684 875 903
43 147 174 255 292 361 743 776 831 986
69 109 285 352 425 514 536 548 582 680
4 148 323 327 331 411 522 691 753 932
6 36 56 99 165 417 692 790 806 903
30 54 59 126 208 293 306 648 731 736
127 216 240 262 267 478 679 753 821 976
46 94 178 246 304 655 671 824 902 975
133 205 224 353 494 712 795 861 927 929
103 137 411 499 772 785 805 915 921 936
2 40 86 254 330 521 599 607 625 686
13 399 438 442 547 714 819 865 893 977
123 168 205 440 459 467 595 630 787 888
40 73 90 139 207 309 453 507 689 710
243 312 551 597 658 708 774 885 903 984
124 236 307 414 517 518 551 610 692 893
189 284 290 438 470 583 619 758 830 867
33 230 368 413 471 648 716 895 929 974
170 182 267 382 388 439 597 668 707 867
39 98 326 387 536 584 634 659 851 866
375 427 571 577 632 661 685 815 824 856
1 38 39 174 375 389 458 551 722 841
6 17 44 139 153 190 317 778 806 937
186 188 293 301 405 570 641 645 886 945
123 241 510 563 569 583 703 767 794 867
1 33 52 148 262 333 368 457 577 942
12 115 146 148 184 243 443 629 704 781
53 79 97 154 391 406 490 668 690 834
2 36 243 385 421 622 646 663 741 867
40 299 353 372 565 590 675 744 971 991
285 288 399 441 447 530 586 811 849 859
18 37 163 576 610 688 726 789 921 980
62 172 420 477 509 603 712 737 761 899
68 118 172 441 504 745 858 892 985 986
2 60 227 311 462 509 626 642 942 965
14 130 144 216 228 319 532 544 584 627
61 410 440 449 459 543 588 668 815 980
18 49 98 267 461 591 735 795 860 923
10 172 236 281 379 601 644 929 950 984
74 506 583 666 727 833 854 888 896 920
48 138 190 244 276 417 558 693 767 859
78 123 213 331 477 670 712 816 902 950
55 134 162 256 419 467 562 612 730 948
96 222 310 404 428 452 759 774 798 978
6 38 75 81 120 134 477 673 886 897
128 194 310 344 366 465 601 705 968 998
62 177 264 291 295 299 514 529 559 784
51 234 242 409 468 472 478 542 882 999
43 61 79 161 407 514 675 720 926 945
54 85 486 770 786 816 823 884 910 917
68 154 218 323 367 386 501 668 680 961
10 271 345 391 578 658 741 805 898 995
107 203 453 518 523 663 779 893 938 992
63 82 156 189 235 278 375 541 606 622
188 353 405 510 534 587 617 632 660 967
81 121 237 436 469 474 627 948 980 999
70 71 439 552 562 672 684 805 836 928
31 41 120 206 246 276 360 708 820 838
81 84 127 437 449 627 700 739 916 933
155 184 198 391 646 720 760 797 814 886
1 12 253 367 497 532 686 850 888 974
85 111 241 549 554 609 661 785 798 858
45 88 90 380 425 488 671 792 891 965
214 383 568 597 661 741 777 784 933 997
44 79 252 389 394 585 760 789 945 972
22 72 169 206 260 308 336 490 629 792
61 242 247 334 379 445 505 518 604 864
7 15 283 368 499 544 565 745 752 916
79 98 191 223 432 477 547 574 738 819
24 155 198 237 297 346 543 778 841 845
13 86 206 221 398 405 467 586 614 717
14 18 128 256 501 660 720 789 878 929
61 143 292 418 426 452 570 853 878 987
8 39 134 233 248 283 328 652 765 967
260 292 349 428 619 630 799 934 954 964
35 56 182 188 216 532 565 629 634 741
5 261 350 467 638 810 879 893 976 996
21 124 142 398 543 686 814 855 872 979
54 131 132 141 143 163 289 299 473 741
65 135 312 367 382 551 645 683 700 969
196 249 518 607 676 741 865 870 915 968
23 106 181 317 516 585 697 752 800 941
66 234 314 404 433 521 608 766 844 865
21 43 149 263 496 599 792 832 880 968
151 279 376 538 736 832 860 867 945 954
237 245 345 427 452 617 635 736 933 953
34 78 118 266 355 557 586 825 906 962
69 127 372 471 643 670 674 769 815 887
72 78 86 146 228 360 399 617 755 908
199 330 335 555 630 631 640 683 793 985
11 215 222 228 245 271 484 503 887 987
97 149 470 474 641 762 779 795 880 984
101 276 318 526 603 681 770 819 937 965
72 150 223 290 362 623 628 643 684 720
33 166 278 469 551 626 894 900 969
245 286 317 381 650 662 835 838 895 989
72 112 199 256 338 482 648 671 722 963
18 540 606 765 773 821 896 930 974 979
48 201 296 337 429 502 570 792 814 987
251 408 432 445 455 555 666 728 967 978
45 58 120 139 224 260 572 631 705 775
54 290 517 521 551 650 720 763 827 996
184 188 266 516 535 608 639 859 915 952
150 195 203 226 482 564 598 783 800 857
64 346 349 386 425 592 652 673 695 895
202 292 368 380 465 525 534 899 978 993
335 339 392 401 475 611 710 730 762 837
97 297 329 392 419 456 491 530 827 958
23 184 209 350 396 624 661 749 902 921
49 242 245 274 282 295 376 758 993 999
63 156 203 278 319 406 769 774 803 836
127 188 326 450 529 698 822 828 962 984
46 129 163 210 400 432 462 471 661 700
7 126 160 229 289 299 625 677 685 926
58 177 186 285 387 575 621 693 846 894
78 206 250 346 431 488 511 702 890 984
21 117 119 176 217 315 398 562 803 982
89 168 324 497 757 792 850 924 943 969
235 375 489 551 703 776 777 819 920 991
75 167 172 657 677 821 854 889 939
138 245 362 390 463 667 813 896 913 990
47 107 311 342 368 506 578 867 926 945
16 154 331 385 514 700 712 825 854 883
29 59 191 213 274 556 592 619 799 913
237 331 516 569 607 609 767 834 852
26 46 318 376 384 423 714 914 916 989
334 389 415 420 498 528 695 881 939 962
83 204 211 367 439 669 691 832 880 975
62 219 227 272 420 444 460 609 780 837
12 145 214 469 477 634 698 805 812 860
5 14 219 426 460 483 499 509 593 974
88 92 97 255 333 342 579 661 703 981
202 295 403 424 553 634 806 840 937 990
222 267 268 388 458 618 647 688 979 998
241 368 417 447 492 512 737 742 758 835
257 259 275 401 402 597 763 825 890 935
57 60 118 267 525 539 606 648 758 904
113 230 350 435 492 615 646 711 806 952
52 87 137 208 568 670 708 822 846 907
5 41 49 71 117 234 573 767 877 956
135 153 167 182 242 287 290 379 743 787
97 110 229 284 301 303 350 639 725 989
240 381 402 526 650 659 691 936 939 998
56 197 204 378 435 456 462 621 635 943
68 79 136 450 485 522 654 799 947 977
45 164 313 332 506 520 710 727 728 850
8 76 195 312 391 547 643 685 945 985
74 216 433 511 520 530 580 689 752 853
95 107 171 407 422 471 746 748 845 943
73 123 171 317 495 508 519 559 664 687
12 134 235 236 303 345 579 618 841 951
33 56 239 386 432 465 519 664 813 974
19 342 494 620 651 675 726 804 805 872
61 180 270 394 408 521 530 547 788 857
62 100 210 329 357 499 729 791 793 818
15 187 190 324 325 373 446 624 967 986
119 184 288 418 493 741 772 779 803 977
160 265 404 454 622 702 871 885 919 944
7 46 145 255 308 313 432 561 866 883
178 180 207 307 460 539 750 789 837 970
11 17 76 274 519 617 650 763 776 823
83 138 216 295 389 414 461 507 748 949
63 65 232 276 414 496 499 541 557 790
100 171 207 355 370 647 661 788 945 970
247 278 326 486 488 531 757 833 901 948
206 207 215 516 519 738 746 786 788 957
27 40 120 359 438 722 766 789 876 940
145 199 352 355 420 453 620 633 657 987
81 167 182 267 352 438 514 609 980 990
80 136 146 299 416 563 571 729 831 991
79 138 242 325 392 398 442 499 546 776
113 169 434 610 721 774 786 897 965 976
211 255 329 418 572 652 732 745 820 968
324 348 464 526 573 610 720 807 896 968
30 193 414 472 512 723 899 912 940 946
218 488 598 609 616 647 805 838 849 956
106 369 545 565 586 624 717 766 835 844
39 174 214 413 643 814 889 898 913 932
279 298 437 484 491 759 813 872 955 995
299 327 376 393 433 576 662 730 860 938
285 468 586 606 629 643 647 653 686 798
149 172 246 254 296 682 689 729 883 929
26 60 73 222 301 488 729 793 835 868
34 49 125 176 220 296 316 439 841 975
38 174 242 480 761 914 942 991 993
52 372 526 628 729 736 904 975 976 992
56 269 363 367 512 567 745 756 798 896
28 210 247 302 358 363 374 480 587 615
103 146 299 352 471 517 575 864 947 958
153 162 165 525 551 611 637 687 837 888
59 270 473 507 626 674 693 775 893 980
4 341 471 628 668 679 715 733 893 972
8 10 22 111 304 319 449 464 566 702
152 191 286 381 525 597 631 738 762 997
143 165 187 191 258 295 340 631 938 978
147 327 343 562 583 629 647 745 834 841
6 9 33 118 255 271 540 565 807 853
122 198 411 523 635 657 678 847 858 972
121 292 453 528 531 543 579 612 804 952
84 203 247 290 432 514 819 882 960 986
172 190 460 560 569 657 770 771 866 893
25 116 427 525 586 613 621 639 781 945
91 106 225 301 434 508 704 792 920 999
20 231 379 425 536 538 541 586 669 727
35 107 163 395 648 658 854 927 961
87 156 216 402 453 538 600 665 775 813
47 316 362 501 512 610 714 934 951 953
69 94 240 297 403 435 664 730 768 868
37 50 86 165 287 560 889 925 927 964
283 381 576 608 777 816 863 910 945 976
61 117 222 303 517 609 672 716 764 768
243 369 472 482 541 693 807 932 959 975
32 144 148 221 308 369 594 697 867 914
89 193 204 223 230 287 606 948 952 955
60 129 134 250 296 318 574 734 781 939
11 164 176 183 322 380 406 480 492 550
154 304 319 404 411 794 847 909 930 947
18 293 306 493 620 678 739 834 850 937
22 61 218 267 315 517 590 666 712 955
83 96 194 200 635 667 736 762 884 931
46 129 193 272 287 313 325 339 362 448
23 50 114 424 646 664 759 802 903 930
19 214 292 301 386 476 693 757 783 790
127 183 259 400 426 473 560 734 759 827
24 48 57 121 205 312 316 406 660 973
23 296 477 493 523 631 639 880 905 949
125 231 320 325 439 474 560 678 925 952
77 283 285 302 498 587 599 620 924 951
2 59 140 247 357 431 716 801 813 994
13 182 313 315 341 473 715 852 893 940
9 88 223 234 352 585 660 833 878 1000
23 74 129 222 280 323 440 525 815 913
125 190 236 341 413 700 719 746 845 935
324 442 469 573 581 672 719 780 812 957
89 122 135 176 220 256 481 728 786 791
9 31 246 259 313 368 465 830 922 989
162 272 315 349 650 678 760 785 965 987
237 267 396 457 592 598 669 734 897 914
31 62 81 113 418 429 524 944 954 987
236 291 379 449 503 637 662 704 712 944
13 64 93 271 366 388 509 805 852 878
33 51 392 443 555 744 918 933 943
223 224 238 297 333 339 405 419 434 754
39 201 209 483 496 569 724 782 878 970
14 274 293 326 410 412 677 756 784
3 13 27 498 562 566 599 774 825 955
13 144 214 255 283 478 590 925 944 982
1 18 33 145 259 524 709 791 939 981
103 108 214 500 553 666 682 742 768 960
92 119 166 223 318 351 517 640 647 876
237 318 323 397 460 523 578 914 984 993
16 269 280 285 361 647 730 853 866 926
5 190 211 256 406 574 641 666 681 696
112 196 204 255 286 297 406 457 594 683
6 31 78 188 261 268 390 487 626 724
145 526 572 616 629 815 838 860 880 929
78 95 279 667 696 701 803 810 818 996
174 221 276 528 591 593 608 670 707 990
141 147 313 317 437 443 636 778 875 938
25 57 88 115 386 457 766 769 948 987
73 75 291 452 471 575 653 675 732 986
27 192 258 319 351 613 625 719 854 855
45 175 243 410 424 530 798 955 970 977
32 154 155 382 515 540 548 721 953 988
28 201 407 451 467 473 492 562 635 866
1 392 457 521 622 688 746 879 942 958
21 114 124 197 198 235 581 700 846 935
88 336 439 445 447 506 776 814 820 889
51 81 306 325 474 483 512 707 974 983
52 61 62 154 246 287 413 545 772 798
195 200 216 305 319 534 608 773 919 980
282 336 472 527 586 601 689 702 804 970
22 44 215 445 483 494 575 602 604 842
126 346 350 394 406 638 700 775 838 985
75 158 280 290 312 383 449 542 727 767
91 135 209 296 347 362 390 553 566 860
4 9 114 265 624 682 727 765 886 921
131 245 259 441 555 573 766 770 807 848
125 208 509 607 683 752 883 899 901 930
114 234 301 311 523 551 772 783 794 951
134 270 469 517 727 758 800 918 934 978
59 156 162 397 460 658 691 707 793 979
11 186 391 544 586 620 727 766 907 992
76 222 288 380 410 537 556 580 607 708
89 199 201 229 257 424 436 438 569 800
146 240 313 399 450 462 640 666 679 946
128 163 180 187 188 425 553 689 741 823
7 75 88 163 189 548 599 626 844 859
62 97 327 516 633 717 739 775 933 991
156 305 373 399 473 535 564 588 751 949
147 216 220 366 603 616 665 834 917 984
147 219 480 483 497 579 776 848 982 990
53 169 416 524 559 572 669 684 686 963
137 144 225 293 351 503 520 654 742 757
53 68 182 217 335 644 675 814 831 957
52 232 355 417 468 474 543 677 681 996
25 203 366 664 836 847 908 954 989
32 404 406 540 553 557 654 655 760 948
26 67 91 174 179 190 260 480 556 968
325 336 520 542 579 610 684 685 922 930
177 203 249 279 358 379 590 699 883
14 272 296 349 403 578 621 710 715 843
45 63 204 240 660 670 728 749 826 876
105 126 157 248 306 388 774 924 945 952
136 154 206 329 338 463 623 663 841 882
126 167 320 339 408 481 558 844 923 929
2 16 121 201 254 394 564 593 842 865
24 58 150 306 307 612 616 781 789 805
55 295 415 429 734 758 798 925 930 971
208 366 536 547 666 785 797 930 992 994
54 86 100 278 341 386 451 459 523 664
64 105 216 223 459 601 636 772 907 946
2 105 159 231 305 517 614 638 781 866
118 199 270 532 549 557 853 860 890 904
128 135 143 279 289 430 511 517 887 983
80 210 227 290 596 626 658 688 857 875
36 114 317 387 443 512 633 737 807 923
148 255 292 388 480 570 636 739 758 788
348 540 564 664 691 830 834 897 907 983
19 84 93 175 266 470 605 632 941 970
136 193 230 334 487 615 629 712 738 957
13 106 134 194 373 388 413 568 618 989
97 121 186 226 243 569 634 790 796 939
5 17 128 141 532 608 667 677 848 850
66 186 245 469 497 798 806 940 967 999
4 33 42 430 589 681 716 781 807 987
252 318 359 441 454 572 573 601 645 749
48 92 301 482 487 511 632 649 923 983
70 179 203 424 539 551 611 745 810 826
53 156 198 495 569 644 819 830 918 976
59 101 207 221 309 359 520 684 863 883
74 206 327 436 504 567 704 719 758 894
58 85 229 268 307 662 677 764 770 891
131 215 433 594 707 801 876 910 926 957
12 177 208 212 225 226 430 465 573 609
133 182 324 342 396 413 652 742 771 845
43 211 297 378 402 445 607 731 771 862
73 179 265 576 589 635 665 796 888 903
251 266 285 468 559 585 603 632 869 934
101 148 201 224 226 347 355 361 595 786
29 340 400 414 546 621 634 636 671 780
116 222 361 410 510 544 659 687 771 913
233 295 297 336 388 441 469 635 800 853
57 79 205 314 470 567 740 975 989 998
4 16 26 167 206 207 327 526 628 780
85 98 451 512 561 563 651 827 950 971
78 93 97 174 215 256 283 686 747 885
57 192 206 277 341 482 555 625 782 891
25 309 317 337 441 443 598 660 691 887
401 536 591 638 666 705 724 816 840 943
17 242 254 364 420 457 486 573 701 730
208 400 494 518 524 585 614 763 790 885
174 240 350 386 448 458 626 727 844 900
24 213 294 322 328 551 564 675 699 875
102 147 378 470 501 788 811 905 956 970
1 106 130 183 351 352 489 687 729 801
30 84 272 384 562 697 699 845 855 873
1 14 272 326 469 703 811 893 942 992
124 165 292 445 620 638 721 865 886 995
26 39 442 699 743 823 870 939 951 963
59 110 145 174 274 282 322 411 708 760
82 141 447 510 511 694 723 793 884 897
20 42 282 286 531 551 754 843 968 973
161 163 495 602 659 765 839 854 934 941
287 293 312 413 508 517 642 725 986 993
172 253 337 451 481 534 545 669 729 863
86 89 163 207 619 654 733 816 881 910
68 132 231 335 620 637 663 810 866 886
56 80 107 250 283 393 409 606 821 935
101 168 295 349 377 684 726 847 872 951
123 241 489 532 536 545 549 737 782 939
25 41 107 461 471 553 700 768 794 848
46 242 252 481 519 542 599 628 707 777
59 210 234 313 497 522 536 565 678 701
20 76 93 188 287 305 363 600 827 828
85 268 303 547 606 673 728 753 850 921
96 204 243 398 484 532 548 570 731 984
50 134 140 248 275 329 443 522 545 550
29 91 102 322 479 885 889 898 914 936
61 70 148 254 281 318 319 333 868 941
128 184 196 387 464 572 623 701 712 824
41 210 303 384 434 545 551 593 918 976
2 210 346 416 535 623 644 653 775 865
257 262 270 285 368 670 679 850 882 978
292 325 439 535 703 704 810 817 842 979
108 110 114 185 234 426 590 601 753 985
58 134 247 296 355 395 446 488 548 744
11 124 306 451 739 757 835 859 965 970
19 48 100 139 227 361 511 646 777 862
136 424 442 491 517 667 754 827 912 926
93 173 276 282 466 561 622 706 926 990
1 23 44 59 355 666 749 797 884 891
15 123 344 364 465 474 669 698 916 954
107 133 278 283 368 501 896 918 959 970
120 173 232 307 518 652 675 809 898 953
17 103 107 122 373 426 604 731 743 797
2 32 46 68 522 540 630 689 759 785
32 193 216 378 479 482 724 742 787 992
120 207 243 282 431 609 681 737 874 923
21 194 258 507 534 539 689 771 878 966
153 194 250 272 420 461 800 806 833 990
40 61 308 356 432 456 502 696 890 942
100 186 207 472 534 685 690 756 880 970
2 40 91 93 112 185 350 357 494 592
254 419 474 485 568 620 628 781 782 847
122 228 238 280 439 613 713 752 767 810
82 167 221 269 402 503 588 645 656 805
3 178 186 258 472 556 565 698 798 949
10 129 274 322 323 449 493 520 701 890
21 40 136 389 423 433 504 601 716 983
28 215 382 421 476 783 839 864 922 961
20 34 65 84 108 302 439 533 673 891
47 188 300 407 441 550 702 936 959 979
47 75 108 423 461 545 565 712 843 951
7 62 210 343 387 425 580 740 850 964
37 588 630 656 720 849 863 882 895 932
19 29 106 258 341 445 461 530 603 735
89 94 115 292 326 556 567 616 738 960
47 63 143 173 177 213 500 524 703 988
247 281 374 414 434 602 673 776 779 849
16 54 59 246 419 443 672 909 919 953
111 197 338 589 635 689 736 801 843 893
272 523 538 617 743 752 792 799 807 872
52 198 224 440 484 491 771 789 886
185 288 300 321 366 535 538 688 809 929
64 228 257 422 474 660 755 776 788 864
134 138 262 272 321 350 491 573 795 898
399 611 682 796 853 931 935 954 959 990
50 123 141 150 323 397 434 576 597 672
78 235 386 426 429 531 610 822 833 984
16 55 84 317 360 375 403 434 514 819
51 72 429 437 711 725 742 748 792 882
3 92 254 256 329 353 361 460 474 904
8 32 60 81 176 275 299 356 500 788
35 44 74 102 206 456 627 736 848 888
37 64 136 357 450 579 622 654 710 938
26 323 357 382 444 883 916 923 938 995
208 370 379 395 403 566 570 604 875 923
32 246 383 411 432 735 760 802 923 966
48 133 223 233 408 433 541 630 793 820
73 153 231 336 355 413 463 629 937 939
64 75 106 299 306 400 431 529 567 702
11 163 177 237 254 331 338 462 619 971
38 154 194 509 638 650 961 971 992
43 59 98 179 334 464 617 774 903 966
10 262 283 515 678 765 767 896 907 975
31 40 109 146 211 410 592 768 972 994
126 287 344 652 722 735 802 867 902 930
8 60 114 168 185 228 451 732 777 934
84 144 176 210 449 456 679 759 778 781
16 190 235 386 579 606 670 800 809 868
43 54 107 109 202 296 355 490 842 916
18 269 323 403 434 542 578 658 844 977
19 118 195 202 350 379 514 547 564 687
75 96 213 259 323 365 520 635 832 842
114 259 363 613 635 665 682 737 754 900
74 125 147 156 202 208 338 544 871 960
1 64 166 192 210 225 252 512 556 788
31 60 79 183 440 520 532 538 580 762
54 63 91 111 165 290 536 571 614 627
72 87 435 483 525 536 551 849 871 895
133 141 424 489 590 610 782 803 866 960
140 218 261 270 349 457 583 711 820 830
26 94 216 252 406 421 660 688 773 834
56 73 93 139 396 524 605 609 701 899
41 59 83 322 450 611 743 745 814 819
182 298 390 692 750 838 840 901 978 980
89 193 217 464 524 567 618 813 875 896
138 165 281 316 650 651 659 662 664 901
153 330 481 497 655 684 771 854 942 958
169 195 449 527 553 603 652 759 976 985
38 324 392 515 681 704 719 800 945 977
13 33 36 225 226 243 396 549 610 896
110 298 303 333 492 807 862 885 972 980
132 276 301 364 368 415 574 577 643 871
257 443 563 609 653 674 706 828 873 908
4 113 115 125 161 441 476 729 776 838
122 439 442 484 502 716 867 895 901 978
10 405 415 449 490 671 722 804 906 938
118 464 529 543 648 744 830 916 973 1000
168 264 284 411 426 435 440 662 675 975
29 31 56 153 275 357 407 448 803 860
1 30 163 306 639 653 724 811 885 896
110 245 593 672 710 732 789 802 849 927
91 160 169 227 407 486 555 625 743 928
218 382 449 459 478 666 730 743 800 897
50 53 82 155 284 566 761 767 879 895
108 320 353 459 539 561 632 783 967 979
131 153 370 382 516 638 671 743 776 950
92 127 179 277 319 369 630 684 818 842
51 88 190 252 280 466 570 647 683 772
61 133 176 298 431 435 440 673 704 929
42 46 286 311 416 456 661 717 977
10 44 58 231 237 260 406 540 992 1000
65 98 153 263 517 692 728 751 798 964
36 46 192 232 512 532 589 604 712 780
122 139 218 226 234 271 558 708 948 992
76 301 503 758 759 778 833 850 888 932
57 221 385 398 400 552 576 621 654 810
23 71 319 384 667 676 755 921 941 996
109 147 225 297 358 399 413 636 760 809
7 27 63 188 224 279 639 795 817 963
35 81 159 336 351 637 702 739 855 886
87 123 246 360 484 588 661 667 959 990
15 42 181 289 311 381 461 538 769
42 106 206 236 531 551 630 644 697 712
123 256 288 376 472 648 690 693 851 860
90 204 262 281 313 318 354 554 869 904
106 117 179 288 402 568 604 756 832 869
9 111 139 458 628 714 719 741 754 932
46 52 124 226 634 861 877 940 958 985
185 333 412 558 714 755 800 810 816 980
176 219 252 296 440 541 646 715 754 773
10 54 148 341 363 465 513 610 825 846
11 72 104 229 341 614 689 867 908 998
70 254 357 446 595 668 795 832 854 856
261 381 403 418 458 671 719 727 890 978
22 151 228 277 313 340 480 566 626 949
27 86 276 380 414 747 758 781 805 895
2 87 202 317 351 516 555 637 725 799
207 236 422 543 589 591 595 634 931 936
83 361 620 655 732 843 864 946 994 998
3 5 10 16 81 387 532 608 610 959
95 258 328 417 458 509 551 660 698 790
85 162 321 391 572 583 630 649 713 772
15 65 91 215 374 398 497 508 698 766
89 343 361 473 550 577 704 826 937 969
54 63 88 179 487 520 633 650 749 835
52 56 125 202 232 376 414 499 601 966
30 46 152 221 526 677 702 821 907 918
156 366 579 664 740 767 850 873 905 959
32 34 104 174 472 514 550 675 890 995
123 151 170 205 272 347 483 621 717 932
95 184 561 614 662 681 731 734 778 977
9 17 24 36 92 406 687 791 865 943
97 99 128 187 237 273 520 665 831 924
34 60 215 273 513 614 639 752 802 890
92 178 195 207 304 411 488 546 922 970
60 103 344 492 700 724 761 836 916 983
65 488 617 637 698 700 772 794 922 958
60 225 279 578 785 789 862 905 977 997
223 357 451 463 553 577 755 901 977 990
48 233 244 264 696 812 815 863 919 971
26 34 320 353 471 508 573 648 763 930
92 154 184 451 567 678 724 835 921 977
124 133 217 312 415 455 791 804 910 996
188 238 546 578 621 749 752 885 934 963
149 186 381 414 501 537 686 730 747 748
173 174 276 278 455 472 553 590 629 911
11 384 406 414 418 424 478 657 662 696
155 181 217 430 438 502 565 752 775 888
118 136 474 520 577 626 649 688 985 989
7 90 95 133 159 326 447 540 576 714
30 58 69 227 314 419 435 570 767 824
75 196 324 407 531 597 778 875 917 946
299 351 431 477 480 654 749 778 904 923
5 8 191 198 256 358 388 738 918 945
5 167 229 272 597 634 646 693 900 996
341 383 498 565 624 696 711 721 740 861
90 225 547 603 871 881 918 944 974 975
83 422 431 433 509 522 582 771 923 939
55 68 272 303 437 493 528 707 773 987
159 164 168 336 601 630 878 898 939 968
61 81 213 273 343 374 547 666 715 904
76 156 260 302 303 447 454 781 970
108 126 166 218 234 244 246 714 815 854
142 260 311 333 338 477 561 642 645 882
123 187 410 432 498 605 634 779 821 902
7 60 106 185 209 357 385 717 761 863
161 171 375 396 513 590 702 757 788 852
4 25 75 121 202 353 459 571 878 903
93 127 165 220 229 343 445 595 958 989
29 320 349 384 601 630 758 797 818
7 238 347 352 448 457 503 518 860 911
26 150 270 319 336 388 680 749 764 810
118 293 422 451 501 598 681 799 860 955
107 171 296 348 487 513 565 782 926 960
267 279 346 358 414 621 683 774 817 878
199 227 241 264 311 372 409 485 536 968
29 357 413 513 593 855 881 906 918 973
5 306 309 370 616 650 767 881 996
32 34 74 109 115 228 333 694 839 886
70 136 164 277 292 470 522 677 743 950
35 281 338 423 570 595 715 750 752 946
135 242 290 308 351 428 624 737 895 929
109 210 326 412 504 733 753 819 848 993
84 394 479 596 658 718 760 769 869 985
67 169 322 763 777 826 827 842 882 984
85 90 355 369 491 502 503 684 820 993
143 162 245 319 528 689 714 782 799 982
57 343 373 374 451 477 542 724 869 915
202 320 505 552 667 758 852 880 949 957
310 368 412 416 765 785 816 818 850 919
59 150 203 292 369 414 506 711 792 952
244 330 387 420 437 442 498 799 909 955
23 314 355 397 467 577 637 681 741 783
32 72 192 391 444 458 566 689 763 951
35 278 425 463 489 505 528 732 765 932
6 56 59 157 184 198 416 584 588 794
84 292 573 607 651 754 774 900 943 993
115 174 265 283 409 451 535 561 870 937
91 217 309 444 496 512 533 627 784 914
147 203 296 448 503 630 631 718 768 999
105 276 454 491 514 582 628 758 958 991
13 205 314 332 377 404 583 746 847 924
65 260 418 650 690 697 704 817 916 945
118 288 655 686 691 703 739 783 826 954
50 113 174 233 288 327 891 908 909 939
96 136 222 228 378 544 591 614 761 835
195 370 591 601 604 669 722 743 803 979
155 176 276 293 465 572 576 578 956 973
110 246 277 416 555 656 682 736 774 985
77 292 486 493 598 659 693 734 778
84 480 516 591 661 662 778 879 897 932
19 223 228 309 390 420 424 639 734 937
3 140 224 247 420 597 667 763 784 799
143 346 445 496 607 650 783 811 839 997
15 78 202 234 339 546 568 638 737 985
70 182 256 370 600 601 654 657 741 834
74 292 411 468 589 624 641 703 843 848
13 60 298 380 495 573 794 822 907 914
43 197 224 299 351 355 445 610 895 999
43 607 620 661 694 698 701 807 818 946
26 47 63 233 445 538 634 717 776 831
30 187 291 322 434 491 566 614 893 939
98 251 454 558 605 729 769 836 869 943
40 45 73 75 220 389 510 835 887 967
33 110 121 185 195 439 554 639 900 921
24 81 229 236 337 347 518 747 926 933
112 155 168 201 248 559 791 849 860 974
77 330 335 461 561 665 796 830 862 895
138 300 306 357 654 726 736 803 931 966
361 371 454 594 723 756 795 838 851 874
195 204 233 240 327 339 463 759 929 961
341 351 361 422 425 508 713 785 935 959
33 222 324 495 526 611 678 731 780 833
33 284 422 595 704 732 813 879 890 993
105 185 259 285 413 727 786 861 899 944
82 132 201 250 315 429 492 756 996
55 201 269 353 382 396 485 792 843 966
131 289 384 411 572 621 740 764 797 870
5 120 139 303 426 702 891 918 938
25 33 318 441 666 740 744 923 937 951
10 15 23 34 44 173 303 390 490 993
59 81 378 413 614 720 829 929 947 955
57 103 140 213 218 463 487 880 922 979
1 273 462 644 757 876 894 983 992 1000
171 175 193 310 408 471 613 688 730 951
151 152 187 226 368 650 706 719 869 998
272 290 546 565 720 753 774 832 964 993
87 115 459 537 609 703 719 799 895 896
7 201 302 388 404 414 578 838 881 967
31 46 141 163 385 602 825 833 855 952
1 116 345 435 533 559 706 777 959 976
179 180 211 317 377 575 712 750 751 780
30 45 74 201 220 325 495 543 656 770
185 295 415 478 493 604 823 929 969 995
170 191 278 314 379 403 443 552 668 838
106 109 277 347 355 432 533 845 867 964
218 368 448 451 511 601 673 893 921 981
94 233 240 608 734 830 837 894 944 962
99 182 189 257 259 282 388 415 456 674
91 283 300 457 462 592 744 820 875 879
99 108 147 315 353 385 716 844 943 947
25 30 94 183 274 280 390 400 419 961
182 205 300 360 436 647 694 735 844 854
21 100 235 242 308 337 401 402 421 790
78 205 338 464 473 525 754 841 910 918
63 70 97 139 235 260 486 576 591 729
14 47 77 324 544 559 574 593 782 991
8 115 210 263 418 462 565 601 626 784
21 42 176 524 532 574 620 882 966 975
2 78 277 287 321 555 904 920 933 977
505 516 551 614 676 703 833 854 857 993
88 95 241 245 265 311 335 384 833 876
16 77 191 370 381 659 661 732 853 937
54 116 129 250 268 286 590 693 792 817
88 395 408 413 481 492 517 659 918 980
38 40 75 187 452 457 602 633 722 804
205 279 304 408 597 748 781 870 885 896
341 440 455 477 537 608 682 717 854 920
103 252 288 303 330 385 552 808 871 960
87 194 247 318 384 496 499 869 876 919
87 90 165 304 315 402 435 735 942 970
33 55 147 275 441 472 505 518 775 925
102 559 604 629 693 730 893 901 953 975
63 114 191 282 575 600 694 708 781 912
345 370 404 616 681 726 762 857 906 991
32 242 272 400 455 489 738 741 800 863
146 237 269 319 377 393 472 555 630 911
68 85 145 225 333 485 722 785 887 978
20 286 315 383 451 585 644 729 860 917
121 128 201 451 549 654 691 726 831 854
23 152 197 208 245 298 458 629 838 976
176 220 223 382 407 675 725 801 808 924
57 153 224 504 589 643 689 740 778 914
3 9 107 175 338 508 520 641 753 951
92 102 148 186 223 330 411 630 702 718
28 129 342 364 430 447 527 907 957 1000
61 106 110 144 254 305 524 545 844 906
67 383 589 613 703 739 822 863 877 999
141 202 222 592 629 768 805 869 883 935
82 172 217 271 337 602 731 777 817 940
88 390 427 802 819 860 943 954 966 980
32 178 221 379 784 876 882 894 953 980
145 182 216 285 414 441 487 666 673 920
168 173 346 553 561 562 585 694 756 979
153 283 362 465 507 516 587 853 863 885
32 62 118 201 327 346 389 558 706 950
79 88 244 478 563 694 765 810 873 881
32 50 107 232 541 545 675 819 956 983
65 113 349 424 491 638 769 907 912 941
47 79 94 128 251 501 589 630 954 987
188 227 252 267 326 549 581 639 666 903
29 141 214 220 399 650 733 792 801 876
96 116 210 280 338 339 845 890 927 997
54 110 259 531 639 703 783 903 982 992
99 126 163 200 462 769 784 785 919 976
340 481 594 666 670 671 749 768 922 949
151 260 271 374 427 631 696 701 760 957
130 213 224 245 286 576 624 647 680 818
22 54 192 198 294 313 402 451 485 871
89 145 320 400 577 660 696 820 831 867
1 56 443 488 565 567 604 605 627 986
33 39 200 282 485 535 708 776 908 959
31 190 288 418 507 570 626 787 949 955
196 285 348 356 369 398 526 742 764 1000
10 63 93 522 732 738 833 852 917 970
8 32 428 490 572 640 641 675 869 991
192 346 390 412 432 434 623 684 884 960
15 68 380 558 648 650 715 735 776 982
25 133 187 530 561 583 901 918 973
192 263 298 413 529 536 540 649 708 851
40 77 102 202 223 279 476 568 650 809
67 72 198 214 286 338 364 590 706 821
18 38 294 296 574 697 720 750 916 929
40 164 211 279 362 390 400 757 811 922
66 191 223 330 371 530 727 834 890 917
14 60 121 184 201 202 646 698 700 824
161 293 759 807 844 881 883 906 936 960
18 32 54 129 137 293 358 509 669 785
3 17 248 285 310 346 494 614 742 811
25 135 349 421 468 517 616 898 904 926
9 47 144 268 417 549 794 817 865 924
99 128 287 291 432 459 476 578 944
59 132 362 373 606 665 768 819 918 927
138 139 140 230 323 520 687 774 777 942
98 355 403 494 522 528 553 631 750 955
122 178 202 229 316 333 400 735 907 986
53 78 174 219 275 394 486 497 587 672
5 96 122 162 264 302 765 851 969 980
96 105 144 279 289 554 605 698 881 886
18 480 487 589 630 707 819 881 953 959
69 280 493 495 655 799 832 837 878 889
117 144 273 365 403 417 810 814 912 914
24 109 213 328 509 534 630 783 806 955
38 214 241 532 590 804 809 818 893 968
17 37 127 195 306 627 653 738 861 906
174 205 278 305 455 588 597 616 819 855
67 104 192 250 328 540 564 706 754 778
66 207 270 452 465 483 770 787 810 873
18 254 311 445 502 517 578 771 808 839
110 191 213 250 435 449 624 827 843 874
45 60 149 205 405 497 536 660 786 855
10 68 404 420 492 505 568 592 860 973
29 44 144 228 320 685 721 731 893 949
118 349 416 431 580 596 616 681 811 969
248 410 415 471 552 761 823 890 994 997
8 70 175 361 428 450 662 695 742 865
23 75 99 245 397 455 609 861 939 961
107 143 144 268 277 320 523 701 841 925
323 523 579 649 664 667 766 768 922 935
9 10 107 145 532 624 698 883 988 996
99 153 271 275 281 319 476 618 866 925
233 281 344 347 352 373 378 432 551 777
32 41 387 391 520 569 580 595 712 771
12 322 333 379 503 570 573 590 716 826
30 97 125 384 547 554 717 722 745 836
67 194 218 259 456 564 576 584 940 995
52 205 375 421 432 454 716 896 980 991
18 57 125 236 290 330 382 587 742 916
109 263 270 383 393 523 621 676 780 896
1 92 194 402 479 567 610 663 865 912
104 222 528 636 645 697 706 721 870 946
69 97 297 303 371 584 598 661 699 883
122 189 202 223 243 442 459 501 751 972
100 144 152 167 301 326 563 894 983 993
301 376 582 622 782 795 863 978 982 995
6 12 127 165 483 522 572 720 799 813
13 27 99 137 149 194 563 727 774 891
119 190 335 456 571 662 677 682 690 948
83 164 435 554 585 611 687 786 800
98 99 370 499 574 713 752 806 862 895
18 98 110 164 225 318 653 669 676 976
39 208 357 396 415 578 692 713 750 760
7 20 167 539 569 611 671 807 935 948
105 159 210 355 456 723 762 812 820 829
1 439 610 652 708 750 806 832 920 975
97 230 320 333 387 417 653 775 929 930
126 141 180 201 234 297 472 499 717 937
103 143 221 257 361 407 540 541 765 860
28 90 196 212 423 680 713 786 819 838
108 140 269 402 413 511 677 715 952 962
152 260 287 460 504 562 636 737 864 993
43 150 349 548 560 589 675 750 817 838
40 86 107 131 228 331 605 702 750 851
9 175 374 394 402 462 541 623 784 873
3 11 168 173 292 467 553 609 615 877
80 87 104 519 530 612 671 874 946 976
144 151 164 198 331 335 600 633 645 814
133 158 442 502 527 751 762 770 915 926
64 96 407 429 543 612 677 882 924
14 25 78 113 158 192 449 496 680 777
65 167 168 172 407 722 840 920 925 939
48 206 324 339 684 687 704 731 784 978
27 124 189 243 255 306 345 631 811 982
305 306 478 483 612 629 669 691 701 790
182 210 241 294 393 403 578 580 652 654
17 294 318 388 479 513 625 679 682 793
121 172 298 324 375 542 687 772 879 969
36 85 188 258 266 390 472 576 856 868
44 180 184 434 467 492 603 618 647 765
23 84 96 134 319 624 643 833 871 924
34 106 134 371 411 443 474 517 713 754
1 76 294 366 485 608 636 724 747 924
24 217 219 265 291 331 685 712 754 830
138 228 439 445 477 733 853 871 886 923
21 196 239 251 313 330 369 624 639 812
53 185 192 412 422 641 680 745 869 878
50 106 130 256 293 301 372 489 594 990
75 132 177 280 566 572 574 620 653 861
22 280 323 341 712 851 868 881 882 903
87 235 345 517 586 596 664 711 815 939
14 153 160 406 508 567 571 664 809 888
32 155 172 286 379 532 607 654 744 958
46 89 269 296 344 530 666 738 754
30 36 72 128 220 343 396 478 678 747
202 289 314 624 805 809 843 894 926 955
93 94 256 273 382 579 694 725 855 896
21 120 149 207 227 392 458 805 854 996
182 197 291 439 584 636 776 798 808 881
44 102 156 172 245 460 782 786 813 906
55 129 433 441 634 654 806 879 947 971
118 325 330 337 352 366 709 796 855 996
167 272 333 399 516 568 596 667 800 854
21 120 159 272 392 672 700 806 857 995
66 75 84 260 488 655 660 905 931 962
91 190 303 322 447 458 606 666 765 843
95 273 299 389 669 676 725 809 845 941
24 100 162 210 217 347 352 618 773 774
47 287 352 419 465 504 638 752 770 849
50 125 241 336 357 399 451 605 798 875
183 227 287 395 435 447 501 521 536 784
283 382 409 454 455 557 739 757 934 956
22 96 187 219 288 320 434 692 842 875
250 301 376 412 579 587 644 857 935 953
169 219 435 512 514 620 652 766 777 846
199 301 315 442 632 732 743 761 864 909
85 194 297 328 588 713 780 807 879 982
15 108 204 228 409 416 515 596 710 964
102 109 138 191 235 264 312 398 480 917
8 14 150 413 474 574 653 731 784 856
83 178 202 452 521 687 702 937 982
32 57 220 266 288 459 478 781 793 917
53 137 159 329 375 488 602 731 896 939
75 171 273 365 419 421 641 857 875 977
299 324 376 421 484 573 726 743 921 948
18 53 156 181 225 245 606 657 849 918
351 439 554 792 809 810 882 891 901 972
19 50 214 243 259 610 755 893 910 929
58 106 206 402 532 575 650 749 757 821
34 171 281 412 435 464 631 795 805 885
35 212 215 439 525 574 659 821 829 923
33 176 243 400 432 512 599 614 699 829
63 75 124 265 281 285 722 877 960 993
292 300 323 391 416 438 784 810 916 977
15 103 239 372 403 579 701 830 873 892
110 158 355 422 437 545 657 803 972 986
348 369 402 410 517 569 709 768 842 865
16 162 213 226 314 439 802 859 869 950
31 73 249 291 438 465 486 530 676 817
180 223 259 284 498 564 635 681 705 721
85 133 178 275 284 380 573 584 682 769
6 105 136 175 231 338 386 409 437 460
70 148 191 242 282 418 618 809 837 935
82 220 257 544 634 739 823 872 894 934
9 30 114 118 134 203 435 494 722 858
71 98 223 227 498 740 818 883 912 933
1 197 260 389 410 452 488 568 827
216 285 494 613 680 839 853 882 989 991
98 342 392 462 514 536 912 914 983
138 145 205 293 326 388 406 445 687 819
34 82 161 283 360 506 604 634 832 885
186 196 379 428 446 572 574 683 748 784
128 148 299 478 561 816 831 847 875 962
32 177 181 345 537 592 713 723 864 888
57 158 222 332 337 463 519 659 787 968
3 113 227 338 387 451 507 511 516 702
21 195 235 254 305 421 571 584 755 959
101 186 273 429 568 571 644 686 816 892
31 288 389 394 456 674 745 765 970 985
209 318 387 395 562 637 673 877 890 991
124 168 371 376 418 435 549 809 904 947
105 153 252 358 380 554 571 671 743 941
50 144 207 373 514 621 725 797 875 949
9 134 352 579 666 755 910 933 966 975
205 370 417 486 589 746 814 854 969 997
187 190 197 502 552 728 729 747 822 882
9 66 278 305 429 448 876 891 915 916
1 107 171 180 210 252 353 524 540 899
24 49 77 239 299 300 323 361 373 732
10 224 263 279 462 486 602 778 960 999
10 20 47 67 362 601 640 697 767 973
55 62 188 193 479 481 560 690 719 899
413 569 600 625 638 701 716 789 836 890
65 104 122 340 350 398 464 663 805 969
302 448 490 502 582 666 729 746 779 780
41 46 175 207 382 521 749 782 928 999
64 180 188 195 288 387 456 669 906 929
98 149 526 537 565 598 736 874 974
28 56 375 433 434 491 722 778 853 899
119 267 432 568 581 593 726 728 778 988
111 167 256 299 376 744 782 803 865 979
86 193 303 349 415 523 667 700 755 858
22 291 346 462 512 569 590 735 948 979
23 31 149 150 172 272 381 831 876 915
237 355 457 475 578 648 675 712 915 965
66 88 210 355 488 529 651 661 948 959
64 120 290 336 375 443 541 557 658 869
178 237 350 452 783 812 816 869 895 896
14 66 287 406 494 502 556 826 835 990
194 247 384 431 780 797 828 903 913
83 195 294 473 488 647 650 747 802 849
59 218 318 408 575 675 696 766 784 980
38 69 234 245 289 411 523 681 798 825
22 89 118 293 375 543 735 786 797 908
5 25 249 257 259 275 365 621 648 776
21 116 201 248 405 521 642 802 887 965
27 228 234 574 616 640 762 899 939 946
50 206 212 446 513 647 652 687 812 992
109 348 407 637 680 711 736 907 912 923
71 89 366 429 455 502 654 708 774 871
52 107 142 177 179 229 404 554 841 842
29 121 144 169 278 332 531 586 760 899
1 10 102 199 233 598 822 882 893 932
104 112 218 239 347 629 713 741 787 897
53 93 111 137 447 653 672 692 786 844
7 122 156 526 583 712 770 852 882 884
126 143 215 399 434 436 446 618 620 954
75 101 103 539 726 752 760 814 823 932
39 278 347 440 501 509 560 669 882 931
153 184 324 359 360 390 461 650 742 996
26 69 94 184 205 308 478 563 589 683
209 364 417 434 643 719 760 814 953 956
19 146 195 208 210 227 253 289 785 809
204 420 463 490 528 588 709 761 853 875
117 144 439 450 457 512 715 752 769 815
49 77 113 228 550 585 594 764 895 923
218 234 455 516 518 684 776 779 879 953
183 348 444 586 718 818 837 846 853 940
150 205 448 469 537 588 613 708 824 938
235 268 571 622 663 722 787 808 846 867
5 84 169 203 238 311 447 663 800 883
53 91 488 511 681 754 807 845 861 932
48 51 95 693 754 868 922 923 924 953
107 158 303 445 500 561 587 702 717 727
80 95 168 408 488 531 592 656 784 851
9 88 248 386 593 632 719 742 776 824
125 235 263 286 364 422 529 741 970 995
127 167 386 410 619 629 679 813 857 904
302 307 407 445 469 606 610 628 832 966
189 227 527 578 580 612 675 837 956 957
101 230 261 309 321 397 448 492 504 748
252 355 373 472 509 681 734 762 832 933
253 274 287 564 567 722 799 884 887 888
160 170 289 342 692 731 748 771 833 852
54 255 343 377 485 679 718 745 893 997
256 314 334 402 465 527 562 689 786 804
20 49 113 187 195 288 598 862 931 980
88 325 507 516 609 707 718 857 951 982
43 48 123 306 327 494 607 609 620 706
16 102 211 257 344 560 726 751 844 878
52 55 130 151 281 300 333 379 549 975
113 256 322 588 612 690 795 811 842 974
182 227 235 564 581 582 710 781 923 935
2 19 24 136 193 527 656 947 964 971
193 212 386 463 496 536 616 716 912 959
60 224 279 335 389 530 588 662 785 972
157 188 499 544 639 644 799 845 883 994
89 328 522 526 588 773 781 809 919 953
263 337 530 533 626 656 771 907 925 939
12 91 268 293 449 520 610 674 718 969
223 258 275 289 414 420 446 615 646 688
172 443 487 531 617 628 682 701 888 910
61 296 372 390 598 671 829 835 879 902
189 276 280 330 335 401 483 488 724 876
48 74 167 374 492 625 730 787 804 979
26 121 185 250 341 460 648 684 772 879
87 103 403 472 477 502 738 826 875 951
22 33 256 339 418 754 769 818 869 962
15 355 386 394 413 466 631 668 902 933
14 35 259 348 373 597 633 741 885 900
96 389 478 497 507 522 573 640 775 879
131 133 290 299 492 635 637 863 891 952
125 193 240 434 441 556 614 621 695 793
55 238 249 477 487 629 641 766 979 986
52 57 83 130 283 289 368 381 753 856
8 30 277 371 536 782 856 941 955 986
148 180 231 362 390 676 680 738 810 966
13 71 321 326 399 470 535 725 799 956
114 266 300 327 338 382 463 894 971
53 133 191 408 439 487 516 575 601 825
153 200 311 334 484 498 792 834 855
5 186 271 690 713 795 883 886 927 967
50 60 336 585 600 736 795 875 934 937
3 41 49 196 295 502 591 611 869 956
80 252 258 395 424 426 466 540 662 683
317 413 554 571 710 752 840 853 951 968
9 52 241 445 688 689 715 785 813 949
150 158 391 401 404 427 531 832 861 944
165 219 248 285 379 616 684 685 956 970
7 110 271 353 391 414 466 555 751 823
30 57 258 399 403 508 587 759 946 998
23 78 187 287 537 545 565 574 716 944
9 174 316 440 447 638 671 755 766 923
37 57 116 188 232 657 696 726 773 779
114 190 310 370 509 613 615 695 730
23 47 278 312 320 446 604 804 936 966
4 52 162 500 532 537 582 728 810 960
51 219 250 311 505 784 827 879 945 981
22 56 102 199 210 260 399 453 486 500
50 74 268 342 589 720 811 852 879 919
130 182 634 671 768 784 792 837 875 950
86 158 283 503 553 792 798 896 935 971
118 230 236 591 595 676 766 921 949 974
211 283 443 607 647 688 720 892 903 973
514 564 692 752 777 791 879 951 964 972
100 149 170 326 534 538 639 777 973 1000
38 61 124 148 160 164 489 673 859 911
146 147 308 359 506 543 636 838 839 867
50 160 201 423 458 467 486 611 706 870
70 100 311 348 531 551 564 735 775 977
153 214 255 317 445 450 697 807 896 936
20 119 202 380 401 420 443 573 686 894
34 272 274 362 403 413 455 569 642 963
169 225 341 536 783 871 900 931 948 949
14 120 213 223 239 411 688 821 833 917
109 182 189 200 276 560 655 839 849 923
99 253 288 486 668 675 677 942 949 961
106 204 242 264 294 331 393 447 471 742
65 405 443 480 702 716 717 749 805 959
52 59 114 124 217 246 345 399 597 814
141 159 160 211 236 326 450 532 858 888
14 155 161 166 278 334 587 615 704 789
12 50 148 226 377 467 693 811 824 973
304 358 374 418 562 659 680 750 758 976
316 353 370 466 499 527 620 658 898 924
54 83 117 347 547 759 834 882 896 967
157 364 436 452 513 659 691 834 858 894
7 194 262 379 454 563 568 654 898 908
87 242 307 475 508 531 634 712 803 972
5 20 47 80 189 291 517 686 855 869
87 231 329 424 538 732 761 881 892 936
193 305 328 561 568 684 721 796 797 969
20 142 423 521 600 623 626 660 721
10 257 329 360 376 534 571 648 758 817
58 78 130 210 522 679 727 849 930 974
187 316 416 448 519 580 718 762 773 912
141 174 263 349 426 450 644 678 793 993
369 375 615 641 688 731 739 858 874 970
56 84 176 200 383 662 702 809 844 887
254 292 333 419 521 530 809 833 928 951
386 418 552 636 676 708 727 746 757 908
199 209 241 363 420 561 574 877 899 906
72 254 261 269 351 474 541 588 597 716
279 344 399 541 555 599 704 721 841 948
176 266 272 445 449 457 484 794 996 997
314 369 446 506 550 707 785 838 951 961
26 220 348 353 508 571 657 828 848 858
10 173 263 318 431 452 562 722 744 953
32 101 211 334 689 777 857 873 969
77 419 526 587 705 764 766 812 837 898
68 153 243 454 491 555 761 794 801 857
30 227 362 436 600 623 625 676 907 951
168 497 523 545 561 701 756 889 955 974
36 253 386 394 554 572 575 689 883 907
33 46 123 211 215 253 412 493 569 613
38 68 350 359 501 511 573 675 702 763
77 79 167 288 460 528 531 675 863 956
26 89 145 323 497 692 724 750 877 983
20 67 109 124 260 820 869 887 903 982
287 335 436 459 553 707 745 749 835 915
28 99 171 179 217 299 370 944 969 992
11 172 228 396 749 783 887 959 968
221 244 349 523 634 723 742 757 766 948
295 373 375 460 616 656 667 733 759 847
43 46 98 120 183 216 340 407 521 591
208 221 316 516 594 622 755 756 778 851
8 168 173 473 600 638 739 842 956 987
142 144 477 539 622 656 689 734 943 962
102 175 243 370 384 456 510 647 702 860
66 126 334 549 628 720 816 896 902 977
22 202 226 279 367 516 599 609 735 888
134 236 340 503 548 549 681 850 860 865
161 281 335 345 426 432 466 625 752 950
91 126 144 151 267 634 689 896 898 923
32 76 194 405 751 856 893 920 940 964
79 133 361 426 462 478 569 602 793 849
258 262 518 533 623 684 759 777 959 982
103 176 237 293 356 361 582 598 816 865
271 305 368 402 506 523 576 614 751 926
66 89 90 224 343 369 457 759 986 994
5 13 80 186 336 391 433 626 707 794
23 139 231 326 378 486 536 561 573 833
35 40 118 209 315 369 480 585 656 811
52 74 408 431 493 533 545 665 679 699
1 55 134 235 241 380 515 630 689 897
248 259 260 409 431 473 531 793 884 928
27 198 231 296 304 312 376 483 784 892
31 129 296 303 407 410 664 796 811 830
105 177 455 639 774 832 874 913 944 948
67 95 114 208 246 295 307 505 592 735
102 132 291 394 418 552 709 746 862 923
175 211 293 410 723 901 908 916 952
32 198 259 297 523 526 734 825 887 960
1 214 249 452 544 567 717 722 877 921
42 43 91 141 177 510 624 828 832 969
81 92 226 297 306 624 679 758 938 939
15 281 298 340 341 348 371 489 679 838
25 72 191 403 539 573 735 767 853
300 385 409 411 450 522 720 744 752 817
71 100 266 271 341 345 452 649 756
20 73 117 154 165 361 546 667 800 858
34 69 78 102 229 327 394 630 661 768
21 36 262 589 602 624 653 739 795 805
44 56 297 441 442 471 594 754 789 929
53 156 272 329 407 425 472 579 788 968
35 36 296 320 327 362 487 649 682 834
77 167 300 468 563 775 779 791 806 860
54 81 176 307 381 462 498 516 536 915
79 88 103 362 423 602 639 654 705 846
49 368 468 531 656 679 813 824 834 966
51 104 126 596 648 709 723 870 886 891
79 204 256 350 353 464 482 627 794 959
226 239 290 384 427 495 700 790 900 965
32 319 348 550 624 662 677 950 998 1000
15 126 159 244 408 431 496 516 786 790
98 121 160 217 374 380 558 573 576 845
101 148 255 400 427 641 668 753 764 996
51 100 126 208 452 483 564 678 955 996
144 292 367 460 567 575 642 685 706 868
177 247 471 487 538 665 742 916 957 965
80 101 106 244 556 677 767 847 862 864
204 218 381 403 578 683 707 771 864 928
60 197 276 456 483 627 649 685 770 907
81 103 354 422 454 606 625 633 792 965
25 266 410 603 616 636 724 768 972 977
218 290 327 521 528 552 579 586 623 804
171 206 248 385 519 648 749 810 817 855
69 149 266 335 518 687 775 779 912 987
33 167 248 581 663 701 792 815 848 939
123 240 248 339 435 478 502 521 627 901
138 154 204 347 410 501 631 717 841 891
32 46 166 260 446 464 536 637 706 983
282 396 399 555 779 807 857 871 887 920
139 192 261 396 440 553 565 661 749 971
78 122 126 296 378 527 627 651 720 721
49 65 72 210 307 569 621 677 684 898
26 121 161 240 261 456 562 752 837 847
327 346 364 492 531 544 547 697 946 990
42 45 63 100 142 301 342 669 720 733
6 62 203 344 465 490 494 629 880 977
47 180 286 445 446 730 797 810 837 892
77 100 116 160 250 510 707 774 929 981
30 62 178 203 258 449 618 625 670 996
62 208 229 381 439 460 464 539 728 841
95 219 367 389 407 543 641 685 725 965
41 189 219 304 306 353 491 707 742 854
47 51 249 458 469 723 745 875 893 958
224 266 331 471 505 647 767 860 909 916
91 157 445 555 573 624 660 669 740 938
160 315 323 372 403 404 423 513 567 599
3 33 200 203 290 314 614 697 905 916
34 166 206 420 516 597 631 791 873 883
1 123 163 205 392 426 594 834 945 994
53 276 390 394 510 620 778 812 823 966
46 206 382 515 710 716 772 779 868 890
86 151 193 198 258 278 403 491 570 639
116 120 159 170 241 311 366 489 820
113 158 407 461 648 731 746 816 840 901
49 161 199 320 541 687 802 805 849 890
41 118 143 272 279 384 892 902 903 999
85 143 153 171 379 468 619 635 770 771
142 245 659 696 787 830 880 906 928 980
70 114 118 162 361 432 452 454 679 726
99 202 396 427 433 508 610 669 844 979
34 67 373 592 595 598 665 773 931 993
76 263 388 440 474 552 590 761 915 925
47 249 257 563 565 590 603 729 970 994
52 152 178 427 435 455 514 585 674 677
125 187 214 349 579 607 662 719 731 805
17 50 103 461 564 733 816 828 839 844
94 102 124 269 327 334 483 625 815 859
192 251 269 377 415 704 760 776 818 974
156 238 335 341 545 553 618 711 842 848
250 329 401 473 529 584 679 776 975 998
164 182 244 314 608 629 654 758 903 917
3 23 128 314 570 696 715 722 740 744
40 65 83 184 395 447 500 564 770 921
80 196 209 366 444 478 666 782 959 960
6 280 343 417 486 487 540 684 709 909
105 233 454 605 624 684 769 811 887 937
39 120 174 266 275 279 332 419 475 683
248 251 424 545 620 707 777 787 870 912
20 547 550 582 605 726 732 817 828 998
396 455 554 852 856 886 957 978 993 997
26 67 143 407 473 581 647 726 773 951
87 124 127 263 291 360 372 391 463 763
9 13 21 213 460 504 519 747 758 865
5 52 226 369 467 476 497 566 644 662
47 282 324 408 473 483 750 781 904 941
20 168 423 470 491 651 669 775 852 917
24 26 115 125 153 174 329 476 535 795
127 133 426 497 766 794 797 930 977
75 174 193 373 406 503 571 576 759 778
15 16 188 281 328 398 449 518 752 807
104 224 286 603 634 743 787 888 910 986
105 320 393 467 496 513 549 714 727 733
140 349 563 570 708 779 812 901 930 960
81 165 203 419 529 664 770 911 968 991
244 272 299 393 588 683 692 736 868 996
50 110 243 258 504 640 692 714 745 800
75 135 293 372 392 509 660 896 946 954
53 138 177 338 361 406 867 887 908 909
2 181 211 212 361 437 570 573 817 986
45 77 112 211 229 281 318 609 697 870
104 124 309 415 608 625 686 854 923 936
163 235 245 382 664 672 683 731 742 873
177 450 562 632 634 645 649 828 909 932
15 86 112 155 350 663 690 765 769 960
32 46 222 323 531 643 766 787 789 884
4 20 70 419 428 434 447 648 805 934
58 274 363 385 450 628 691 931 936 949
18 151 225 290 386 401 430 776 858 952
37 67 119 182 195 307 398 521 749 921
64 548 585 598 660 672 758 797 849 955
14 16 56 111 213 358 399 535 797 834
57 73 267 514 539 777 779 925 974 975
86 112 160 234 255 256 410 451 628 802
126 136 157 264 375 486 519 588 748 782
76 218 264 332 375 459 508 811 913 962
210 449 454 497 562 577 622 662 767 939
96 215 261 346 446 511 584 625 662 750
2 60 80 144 199 569 717 821 864 966
8 19 352 673 761 782 879 881 909 976
26 106 153 234 270 366 503 543 677 828
59 348 354 398 474 532 570 578 602 626
168 185 288 318 405 680 698 701 753 866
118 188 323 412 426 522 792 819 893 902
118 119 139 227 324 444 491 623 743 904
116 414 467 469 509 655 757 770 784 940
257 263 332 430 466 538 656 769 796 809
90 136 292 478 531 547 766 878 885 929
28 166 256 470 600 608 728 746 781 892
9 217 441 461 472 573 732 791 843 964
131 139 142 312 444 585 618 715 860 885
61 241 287 381 434 470 615 715 943 974
10 63 290 346 433 622 698 750 793 993
226 454 503 594 611 715 808 852 898 996
135 152 280 565 601 616 660 674 724 873
153 218 264 289 291 323 386 445 650 700
231 264 352 412 427 466 717 840 851 986
7 146 429 479 560 744 762 840 877 938
45 141 253 339 487 518 668 816 925 958
19 48 296 311 664 697 720 772 777
92 172 212 335 487 542 620 732 899 937
38 97 108 351 438 449 570 616 951 952
49 71 215 290 340 466 582 625 696 953
240 539 592 758 793 816 834 942 948 988
5 29 183 348 390 540 760 822 913 970
27 116 269 422 508 522 629 766 777 915
106 118 301 358 405 431 539 733 946 972
258 296 308 336 493 497 709 796 983 994
202 209 235 525 556 613 753 853 854 988
103 136 151 213 408 441 546 572 874 925
58 82 132 249 404 537 744 787 837 956
35 188 233 402 534 734 769 843 942 944
93 103 190 233 290 518 628 694 735 978
41 172 263 345 379 570 665 704 919 927
169 203 340 452 457 524 552 651 668 704
30 115 117 153 229 461 644 674 860 992
13 56 73 96 108 113 537 539 842 978
28 44 94 175 315 762 812 850 938 965
85 110 112 272 404 413 687 696 948
19 306 510 698 710 768 781 803 880 885
5 255 450 497 563 767 876 878 920 978
8 197 209 268 329 356 387 395 787 926
10 108 152 274 432 571 617 700 963 979
25 66 129 204 207 227 323 496 607 763
35 114 252 549 638 699 703 739 956 995
73 104 173 401 624 755 820 822 944 988
91 313 331 341 390 391 553 630 679 980
96 164 192 223 316 402 796 800 858 940
141 247 253 413 421 581 595 601 646 670
326 351 369 702 777 792 831 853 874 953
49 147 227 238 258 300 567 598 695 912
151 203 266 309 335 481 507 526 878 926
108 239 513 543 671 761 826 899 923 957
42 101 239 462 544 591 605 727 787 790
29 289 525 583 653 695 733 740 789 919
39 216 403 437 443 446 862 910 939 955
85 310 339 639 660 712 813 848 870 896
117 231 277 394 619 672 685 872 966 982
84 210 211 227 233 413 564 873 926 981
1 123 360 382 675 724 726 858 876 924
111 142 248 389 403 474 494 552 640 971
153 184 328 425 486 723 782 809 955 989
159 249 271 485 490 518 521 834 898 901
46 584 637 716 725 739 766 792 822 967
90 172 233 334 378 461 643 710 773 791
287 430 472 491 551 565 633 841 884 935
258 323 481 564 596 676 812 837 886 902
30 74 369 463 590 820 824 837 998
67 187 294 336 357 481 571 720 811 832
116 128 135 389 521 626 739 744 787 823
201 355 421 504 511 581 637 704 970 994
27 71 323 404 447 494 559 827 929 986
165 301 325 366 420 430 479 488 573 584
13 41 68 343 509 585 589 813 947 976
12 69 151 253 334 448 668 729 817 822
28 91 298 422 481 696 712 757 954 982
18 109 203 397 412 491 575 620 701 919
9 51 67 209 261 286 332 725 893 910
78 187 190 259 344 480 511 689 730 744
41 105 128 129 225 294 416 771 909 984
82 131 213 234 426 434 706 708 856 965
25 147 606 683 775 790 809 847 871 969
292 327 344 657 728 775 836 857 914 939
164 222 289 439 536 582 666 677 684 695
167 168 190 204 305 496 515 517 902 965
142 148 268 393 416 542 697 738 870 917
47 65 136 509 524 564 638 761 937 982
110 175 484 494 669 687 818 866 877 950
1 186 318 406 442 487 499 507 871 919
177 277 295 334 454 501 578 630 680 951
53 151 163 213 243 319 364 402 578 931
72 75 98 227 587 662 666 711 857 879
102 285 632 650 675 676 696 796 876 900
165 221 257 321 544 598 610 694 891 922
180 277 311 342 400 575 662 733 910 919
191 243 349 356 397 453 602 609 808 894
131 235 263 551 594 633 732 785 835 887
160 311 395 461 652 679 745 774 793 894
38 85 110 367 370 473 515 578 847 979
39 87 322 385 421 440 564 627 758 825
92 145 320 355 438 587 771 888 907 987
86 209 248 274 313 396 740 766 777 964
86 133 201 262 281 512 580 729 737 828
4 35 89 293 364 624 652 723 824 896
5 57 315 417 519 615 641 642 655 955
56 213 279 462 564 567 639 817 958 999
341 395 496 619 621 739 803 913
211 490 668 679 705 738 893 905 932 950
52 269 345 371 445 452 522 733 904 930
49 58 210 429 443 515 582 628 770 925
57 112 191 253 260 412 419 637 675 825
9 291 318 361 694 699 774 851 926 996
41 281 397 418 419 429 549 575 623 751
53 148 275 295 392 422 481 610 711 863
115 241 243 290 524 633 662 871 945 962
97 138 333 381 462 466 770 845 879 981
120 214 230 358 427 503 537 860 931 983
58 60 87 528 574 595 750 869 911 921
31 85 149 164 199 468 619 780 800 976
7 76 166 262 285 446 706 847 944 999
2 43 302 580 732 788 798 828 866 887
88 96 322 387 513 603 613 664 669 683
146 175 256 357 410 506 618 622 866 987
6 52 197 263 302 505 684 770 807 956
27 56 241 343 540 596 631 644 980 988
235 240 254 309 328 617 724 730 848 878
35 57 116 316 319 346 662 727 728 767
29 345 433 523 550 558 696 746 806 817
32 199 276 277 303 411 582 797 840 899
26 74 127 142 192 483 599 715 822 875
21 118 213 475 536 589 615 655 656 765
79 232 273 506 608 697 743 832 948 988
65 125 210 261 270 576 745 850 865 976
2 25 560 705 771 772 790 802 817 942
83 85 113 163 272 456 489 855 874 937
69 280 401 444 515 521 590 719 747 782
59 64 65 346 492 548 574 760 850 903
132 247 437 551 713 799 886 949 965
104 106 117 129 297 555 558 752 773 930
162 164 226 267 290 543 556 632 800 915
172 272 307 360 448 637 733 760 820 962
50 72 99 443 586 626 642 701 864 887
70 121 122 214 250 431 471 716 722 936
76 182 239 261 337 489 559 750 920 993
60 186 208 423 433 507 523 890 904 920
42 263 355 388 474 625 710 851 929 933
31 42 418 482 615 667 672 861 946 960
73 95 101 310 350 482 655 839 894 958
226 228 386 398 524 566 609 705 868 980
24 68 245 293 589 605 616 625 712 915
189 314 355 406 672 679 714 901 908 942
21 31 93 102 505 594 624 692 785 805
98 150 231 281 484 496 641 750 939 965
211 317 494 508 562 678 713 732 805 825
9 134 169 244 311 457 461 604 679 997
191 300 351 415 500 536 582 586 782 787
130 142 311 349 350 502 586 671 678 816
12 33 249 359 500 560 588 612 736 899
83 252 423 427 459 636 852 876 911 939
44 85 103 236 294 378 536 571 655 796
10 286 307 422 442 459 486 489 562 744
57 72 113 165 308 407 482 744 777 909
131 238 249 319 328 582 663 865 936 968
147 407 482 571 605 820 852 864 905 952
111 221 286 427 446 541 669 712 816 965
121 257 273 352 468 498 699 865 989 991
311 340 362 479 497 708 763 772 829 927
72 143 152 201 386 390 439 523 543 664
258 353 439 488 496 554 671 742 931 957
2 264 294 395 412 667 812 841 857 973
129 137 545 689 806 838 866 870 987 991
55 159 177 255 288 442 446 525 698 996
10 44 88 117 256 325 346 468 561 957
86 137 174 287 321 401 492 496 733 932
37 218 307 317 489 503 635 643 706 963
16 97 163 185 205 208 266 663 815 874
26 321 442 456 505 592 695 823 840 860
15 41 175 184 228 388 806 912 923 947
42 67 175 396 658 673 751 803 937 955
129 164 275 280 336 495 545 584 799 907
259 358 366 384 408 411 470 474 539 906
13 270 278 388 522 599 663 725 772 870
3 5 31 47 175 352 403 475 482 937
34 178 190 241 252 394 689 709 841 861
123 138 256 393 399 498 531 620 697
126 217 381 523 605 614 662 672 780 817
80 208 253 325 501 513 578 713 724 946
6 15 425 437 487 529 790 826 966 980
186 229 249 275 294 533 609 667 684 925
42 48 126 202 222 476 541 655 718 838
61 130 137 345 359 473 581 859 947 969
145 192 243 308 354 391 489 521 586 898
95 151 296 417 566 618 698 728 774 788
196 545 556 602 662 813 838 840 926 958
268 535 657 692 704 707 756 767 915 961
81 114 226 662 682 773 815 853 889
67 125 201 321 494 541 653 769 807 856
9 32 315 482 559 588 820 843 921 926
66 100 196 197 202 278 807 879 915 978
73 81 185 283 300 473 511 513 724 728
11 20 211 213 244 284 430 437 762 918
320 412 420 597 749 758 785 796 840 936
20 166 261 542 631 781 793 879 921 969
60 101 146 154 269 284 382 426 460 502
62 84 214 347 478 660 752 800 860 977
143 170 247 269 417 454 554 594 657 690
24 27 186 539 629 775 787 853 944
53 386 429 510 527 536 682 759 765 920
16 126 319 344 351 456 571 682 810 900
34 98 194 198 315 428 465 687 883 950
37 179 206 283 345 567 638 882 904 935
141 329 477 719 744 802 855 879 929 963
32 41 100 156 158 243 317 342 567 643
47 92 150 447 454 472 621 665 947 979
124 222 283 355 454 529 610 698 775 830
141 315 517 554 625 708 755 877 887 931
150 187 261 518 603 660 717 910 917 928
109 121 152 179 252 362 388 585 659 857
4 25 112 224 279 474 590 646 868 988
107 127 165 387 452 693 792 819 950 988
54 151 265 325 386 398 751 794 941 949
5 106 289 299 445 508 652 707 765 871
28 196 444 507 518 551 607 692 856 978
52 67 331 449 463 580 654 675 692 728
20 57 84 366 377 441 653 676 820 940
95 296 368 399 408 766 885 937 967 994
425 449 511 743 775 781 864 881 943 987
109 203 231 639 674 698 824 853 948 998
48 83 92 98 100 143 272 640 650 877
225 252 284 300 304 324 492 625 635 771
77 210 260 431 439 553 589 637 859 977
8 91 241 688 749 859 880 889 933 963
9 403 593 725 876 902 929 950 962 978
94 118 224 273 454 653 759 840 844 889
200 322 364 478 530 553 565 675 877 945
32 73 389 442 513 558 653 707 874 896
97 183 410 665 671 705 723 900 917 976
98 320 327 471 630 743 795 800 862 994
14 179 637 727 816 828 847 876 927 946
45 254 293 501 526 555 726 750 838 997
14 47 52 172 316 328 516 742 902 974
1 259 292 335 438 459 596 785 836 886
89 451 614 665 667 682 747 804 873 883
39 116 216 388 517 609 756 813 851 971
309 479 482 489 499 649 799 858 968 969
128 140 278 366 418 518 569 726 884 965
93 177 207 240 462 506 516 796 937
91 314 363 593 594 595 718 881 965 984
27 465 516 607 633 789 847 871 966 994
50 278 337 393 481 550 647 680 946 991
50 170 278 489 542 567 582 676 699 940
35 175 281 318 385 405 432 756 798 812
9 51 312 506 578 617 621 689 705 965
289 317 443 500 567 625 753 830 842 995
127 208 302 344 398 411 422 466 694 872
121 207 218 373 536 584 611 768 998 999
51 115 276 434 484 626 727 778 889 996
137 143 144 374 504 614 624 630 695 845
37 137 620 666 696 734 893 903 916 951
54 270 345 392 434 632 832 850 891 960
194 332 344 378 441 528 572 707 867 960
57 151 181 465 539 657 922 942 954 983
30 154 158 181 330 495 651 861 915 953
106 312 340 455 526 661 666 854 913 932
62 64 94 113 355 460 608 704 838 886
26 237 298 385 424 598 669 854 875 921
19 66 89 240 364 607 746 794 809 924
16 243 306 356 497 652 828 845 897 907
19 46 83 202 228 415 539 787 958 961
10 22 121 166 179 203 469 538 916 955
104 105 218 263 293 307 360 429 608 904
277 317 384 418 421 627 756 956 968 986
21 54 210 281 315 435 538 675 704 895
34 224 238 402 518 569 590 591 879 931
142 174 251 346 381 515 563 614 633 745
32 247 292 298 306 711 903 904 924
78 241 441 492 694 760 768 907 967 988
166 200 202 228 272 318 424 696 744 765
121 182 480 511 531 626 813 818 839 931
29 87 262 508 556 633 701 893 911 960
78 256 276 308 423 437 642 702 711 965
42 120 259 270 524 601 631 657 834 946
112 246 337 353 524 602 712 746 754 979
9 31 49 190 285 364 422 589 627 708
78 87 518 582 668 699 754 882 939 978
45 409 482 489 491 514 682 755 846 947
15 103 272 367 377 473 801 839 911 985
99 316 353 457 551 678 709 830 895 972
141 194 209 219 526 790 801 847 865 999
95 163 165 364 369 707 728 729 756 923
265 281 439 464 516 526 538 604 784 911
90 153 452 467 498 707 726 870 930 978
96 344 347 388 506 556 587 603 791 869
13 66 193 559 581 643 712 800 880 884
53 104 173 192 401 550 617 766 938 983
78 175 214 290 400 520 561 830 894 985
196 198 286 398 474 524 748 772 848 872
15 116 128 173 323 391 393 499 816
70 333 376 401 455 571 592 635 646
78 114 157 255 438 538 731 834 876 894
161 201 235 284 492 534 618 686 866 929
175 248 281 334 499 546 798 847 903 943
66 140 193 252 266 293 357 375 380 486
107 142 171 214 265 336 597 793 825 999
54 97 123 621 658 660 686 754 877 935
195 299 317 415 450 492 555 640 732 932
272 275 304 395 522 579 648 829 887 923
9 172 198 223 350 563 627 662 760 768
22 97 111 301 492 727 801 891 916 985
98 298 372 618 622 706 729 882 962 985
188 234 284 299 395 530 696 889 909 953
84 138 204 314 622 681 752 768 866 931
27 104 129 151 444 474 626 688 856 859
140 162 265 410 474 563 654 694 816 940
38 66 77 384 408 578 698 759 797 801
23 109 119 308 505 621 732 767 979 986
50 213 391 456 560 632 649 736 746 999
37 297 344 445 489 647 691 757 791 839
16 68 177 470 517 519 522 637 887 976
129 312 319 328 617 660 717 776 800 904
145 162 315 375 376 594 710 866 912 917
26 86 88 346 386 484 595 640 717 801
58 214 297 306 558 595 597 647 764 817
77 209 329 409 426 534 576 696 865 888
7 453 463 469 593 617 725 978 985 998
203 306 319 332 354 535 868 923 937 977
241 255 351 415 560 712 840 856 907 997
5 78 490 595 631 655 826 870 908 978
3 64 200 359 362 521 584 764 865
233 262 336 351 504 670 726 795 803 854
26 79 160 326 550 590 609 622 963 966
23 59 177 313 335 390 540 611 641 684
16 18 179 284 313 379 513 528 669 748
250 485 499 572 611 657 782 850 886 939
19 77 130 154 296 466 695 828 842 884
398 474 675 735 743 789 821 888 931 954
111 218 266 374 456 458 460 463 550 902
14 127 304 410 434 487 490 680 739
254 261 545 800 806 834 901 933 938 988
254 321 328 475 480 574 626 638 879 883
50 111 338 466 515 698 746 781 894 898
61 97 191 266 297 300 594 853 929 978
22 58 163 167 331 434 616 647 683 751
42 88 173 309 381 648 744 832 888 995
45 143 258 305 360 516 519 547 639 721
103 120 152 299 446 496 510 706 732 796
109 170 267 318 445 450 618 724 864 997
63 158 170 200 392 449 451 625 930 999
436 552 587 612 729 781 829 841 955
177 200 322 385 495 593 685 729 786 866
2 62 133 233 234 566 673 675 686 992
109 115 159 207 301 334 376 646 648 809
3 69 124 290 399 404 491 548 838 889
103 290 377 664 827 852 870 871 962 966
22 96 139 147 184 240 241 287 343 1000
63 102 103 202 323 334 343 775 991 993
20 145 160 354 537 558 742 756 779 852
78 205 312 338 586 741 913 914 994
45 49 154 194 356 413 554 641 915 958
49 244 264 289 342 545 556 634 863 946
93 295 302 335 520 590 627 790 885 969
352 372 392 398 507 714 824 880 963 983
45 296 388 399 470 504 548 736 891 956
173 211 223 250 365 439 522 564 807 814
6 29 47 160 257 718 865 975 978
151 177 419 533 596 623 701 734 819 878
11 32 106 220 286 573 625 848 993 994
77 249 252 269 419 450 708 811 862 954
35 96 291 293 364 436 711 714 797 884
61 308 358 365 381 414 540 620 746 842
220 521 553 589 608 704 809 918 921 944
26 371 426 541 599 644 775 834 883 994
104 120 342 422 448 543 668 763 882 980
93 344 369 603 721 729 880 914 937 969
148 214 308 359 382 535 544 638 792
220 250 273 470 588 621 665 795 821 873
52 77 187 213 251 278 308 356 379 839
88 456 479 557 694 706 712 754 866 980
52 172 407 452 485 489 509 838 842 940
214 472 478 577 608 618 846 865 931 962
18 187 372 422 469 491 530 546 748 782
94 209 273 330 344 428 534 697 802 914
61 103 123 385 386 449 520 659 673 896
23 304 305 316 341 533 637 733 841 910
300 346 378 493 685 880 915 931 961 987
140 192 226 268 444 482 773 785 814 997
30 120 213 297 425 567 642 879 912 964
12 64 184 352 426 584 617 633 650 672
136 236 330 400 478 742 748 902 978 986
183 224 269 334 604 670 691 779 808 946
175 236 325 395 550 594 666 723 861 906
177 245 264 489 756 788 807 841 860 896
110 295 410 579 594 635 820 825 909 914
106 107 217 409 654 678 679 682 915
6 199 266 459 572 697 799 821 835 905
124 133 158 189 251 416 637 801 842 866
130 388 438 496 551 568 696 782 829 914
79 91 290 466 523 531 662 686 755 760
195 290 362 455 504 532 558 784 854 912
22 85 160 181 236 254 457 554 630 965
204 241 344 374 417 486 624 707 827 909
8 38 189 212 228 512 671 705 792 979
221 248 272 400 462 599 782 864 892 953
26 265 438 502 525 643 763 794 884 965
160 350 577 599 638 682 747 772 832 889
62 94 471 511 704 706 903 929 959 988
57 64 187 289 378 437 593 847 850 910
232 293 340 692 700 765 840 985 986 997
171 357 486 516 578 654 739 772 893 973
100 240 260 267 352 371 406 682 810 826
5 61 87 146 479 573 608 619 940 964
24 49 137 242 365 449 750 827 887 984
136 198 204 214 242 503 588 699 783
238 355 364 367 413 460 503 793 936 961
73 191 251 415 484 501 726 780 862 929
25 189 238 240 335 721 837 912 961 986
237 238 367 538 612 658 768 918 924 979
49 57 82 100 132 222 227 693 805 975
27 62 202 277 294 308 474 854 921 958
19 60 123 277 367 374 515 775 860 885
23 180 289 409 695 713 718 764 986
56 377 439 468 515 605 678 932 947 963
1 121 283 289 298 373 389 617 737 830
2 32 604 613 709 834 888 912 969 979
32 122 157 303 308 393 426 539 743 907
28 119 175 179 191 417 595 687 833 938
18 102 293 488 541 574 593 791 831 874
66 193 433 574 591 638 745 839 865 925
80 108 153 234 470 520 618 754 784 824
2 50 278 414 500 624 692 783 853 949
219 264 299 381 463 553 827 884 933 978
28 228 359 484 571 617 752 848 869
52 157 260 354 375 523 590 729 757 966
42 77 103 171 380 700 704 707 754 844
71 123 149 387 402 456 607 715 749 929
8 100 213 489 492 726 728 921 931 982
80 83 103 141 458 660 672 683 870 902
44 76 156 288 448 490 540 577 625 807
107 345 362 447 466 530 594 774 871 997
149 207 374 461 474 538 572 818 858 935
7 84 250 356 615 617 776 864 907
32 154 327 331 482 609 629 729 863 906
115 158 205 592 612 643 668 792 916 949
4 39 159 197 422 632 652 654 700 734
100 156 181 240 253 329 504 672 760 921
63 100 292 427 559 757 871 935 993
136 158 315 346 396 412 426 530 553 750
53 139 609 683 816 842 922 963 972 990
60 208 305 323 522 704 743 783 863 976
31 90 148 183 212 253 358 614 713 954
12 47 79 275 298 399 837 913 921 969
147 150 321 381 429 430 586 632 836 918
21 114 161 300 518 678 726 797 923 979
234 339 416 426 436 488 687 841 946 955
55 284 326 376 385 462 565 598 633 806
31 120 121 158 205 436 622 788 853 968
24 246 311 313 397 416 650 857 893 955
7 36 161 179 394 645 660 755 780 902
115 367 398 499 515 522 728 898 908 998
58 93 157 263 497 656 718 790 812 869
52 193 396 452 510 511 595 913 915 994
108 120 170 632 792 818 875 885 935 992
21 91 177 220 253 392 484 549 621 760
18 51 156 161 445 588 783 890 922
77 190 225 344 571 661 772 776 823 972
93 127 164 220 298 365 593 660 738 862
113 125 133 209 314 327 457 549 662 990
70 139 242 282 506 597 598 655 755 779
30 239 649 668 771 794 825 886 981 1000
35 226 258 511 560 561 640 752 845 943
100 115 165 172 250 350 385 679 773 939
46 59 86 170 279 307 489 588 722 854
92 128 145 195 207 404 517 574 798 928
267 337 391 452 629 754 859 883 926 977
149 232 394 456 472 502 543 799 840 855
248 386 402 497 515 542 572 619 694 790
80 177 299 327 355 454 480 502 670 874
2 210 245 468 654 723 736 796 826 870
99 169 364 387 562 664 742 761 799
268 318 339 755 817 893 938 952 985 996
8 9 225 256 434 462 523 658 693 943
192 296 478 511 556 572 613 632 756 843
52 115 243 287 293 303 333 459 465 977
132 198 230 272 384 460 610 635 684 742
125 294 486 677 704 742 765 800 914 982
17 35 279 379 493 634 725 855 916 997
7 52 103 202 295 450 527 683 735 920
23 124 130 270 404 447 595 637 652 807
131 166 199 522 780 785 797 856 873 995
51 77 158 307 363 590 627 781 837 876
44 132 201 254 322 466 752 836 914 998
47 89 123 127 230 289 435 447 546 808
91 159 437 542 585 589 596 655 697 798
99 261 308 315 402 420 481 511 724 844
19 191 421 547 598 639 662 757 794 984
52 83 136 285 338 568 633 705 728 811
64 91 321 354 380 445 463 533 572 573
224 303 316 340 509 539 606 706 772 842
76 145 239 240 325 384 450 579 613 700
70 108 218 438 462 629 649 767 859 994
13 96 382 501 537 722 778 797 802 993
135 237 261 439 455 486 513 601 646 994
8 145 260 356 473 528 638 826 872 875
16 190 202 223 279 535 541 759 852 985
118 205 259 356 422 423 761 768 957 976
7 36 224 357 454 482 624 631 706 742
52 61 118 255 373 459 564 727 857 860
56 87 95 288 426 483 502 613 803 851
92 422 424 440 532 599 667 671 875 924
44 211 284 401 501 504 580 615 843 995
14 108 255 382 607 661 753 849 868 989
10 77 276 280 708 801 869 878 934 989
60 137 187 294 401 430 635 681 786 840
305 500 560 601 631 775 812 829 897 920
97 324 461 571 611 667 684 793 905 925
126 129 208 321 411 550 746 833 916 957
65 108 116 201 304 517 561 685 780 980
39 133 166 288 294 304 465 540 772 930
16 71 180 280 338 348 601 652 890 895
17 68 141 161 391 559 713 744 888 929
67 107 152 183 327 342 343 506 843 881
33 48 152 494 496 632 675 834 962 980
92 343 391 408 438 504 530 785 904 928
13 334 369 426 478 483 588 695 764 883
20 53 77 126 174 211 355 509 901 966
23 310 370 411 560 594 596 661 664 986
82 115 281 311 376 424 445 749 785 916
42 64 260 314 421 702 789 875 923 944
92 105 166 309 342 350 642 655 750 827
111 135 167 469 477 490 573 660 678 755
142 162 185 286 330 346 369 688 773 988
8 236 240 452 496 581 725 726 742 758
101 277 291 454 677 742 771 786 866 916
55 132 273 297 313 493 538 547 632 794
63 67 184 193 269 434 455 692 835 900
117 155 346 399 528 647 734 737 800 928
18 104 531 542 602 662 772 800 834 949
30 392 430 447 585 660 702 790 855 933
145 300 384 405 566 586 679 907 967 968
90 137 177 341 610 688 696 746 773 968
111 131 316 327 506 522 584 667 677 868
69 118 274 421 657 694 789 915 919 979
81 124 142 192 468 497 587 784 791 826
232 298 371 401 451 572 702 740 745 942
10 35 92 94 118 122 336 507 827 890
82 122 197 319 351 479 546 568 614 933
21 207 322 364 432 617 630 692 693 918
118 177 408 496 536 608 639 776 847 974
108 321 337 341 759 767 899 950 978 994
156 166 222 291 325 349 546 736 837 947
53 128 241 317 424 448 501 836 881 945
6 7 125 218 335 472 493 714 866 961
53 251 275 298 318 605 646 790 910 924
3 56 74 243 290 302 470 565 795 810
28 66 178 291 311 483 864 878 898 993
51 152 316 400 452 517 592 619 793 794
49 71 141 282 302 452 518 567 578 596
74 231 308 406 513 701 826 853 945
44 68 196 282 739 874 925 941 947 992
69 71 179 201 286 298 408 666 749 997
355 387 518 671 719 784 791 873 895 939
40 119 154 269 291 301 344 462 555 811
28 71 136 259 489 678 696 730 857 996
94 216 271 346 429 494 586 607 823 975
24 83 85 650 678 690 726 784 940 970
23 85 101 268 379 402 787 817 935 992
63 68 227 268 281 406 418 473 487 798
117 236 300 321 374 564 656 858 903 973
377 391 465 477 504 558 811 812 933 995
340 546 552 694 733 767 771 878 928 965
136 368 386 428 532 656 848 966 978 999
355 419 436 452 497 501 717 748 766 970
44 76 150 269 395 448 499 670 748 877
1 48 90 333 473 510 571 604 749 806
199 249 260 279 328 439 592 708 866 967
28 241 250 423 658 770 815 918 992
36 264 592 613 647 743 747 810 823 847
49 52 190 241 301 418 508 637 688 863
197 235 387 438 475 620 661 737 1000
125 293 330 352 399 483 566 609 621 888
16 25 27 130 338 383 419 726 762 944
80 161 217 445 527 748 777 891 896 933
48 400 447 466 530 584 591 632 742 783
12 145 311 477 626 689 698 740 943 945
116 323 345 506 541 615 616 622 729 921
67 258 312 548 615 623 789 792 837 910
129 175 202 213 371 508 586 610 695 745
46 87 99 129 176 272 403 555 666 803
94 96 267 278 601 619 802 895 903 967
88 346 375 434 489 506 716 813 967 974
57 168 172 338 405 469 584 724 772 870
111 130 250 390 439 555 640 722 731 937
36 122 214 257 362 441 456 629 803 870
91 136 152 250 412 538 682 696 750 966
85 106 284 420 421 433 485 648 816 825
190 206 285 434 492 681 714 796 879 928
223 289 402 424 446 453 502 635 893 937
67 116 244 402 554 613 633 640 665 972
55 63 205 432 543 544 660 831 838 868
177 235 272 327 334 380 446 722 793 855
133 240 434 576 606 671 787 836 891 948
98 249 258 323 382 498 574 841 951 983
46 103 116 233 277 467 559 684 757 839
30 47 166 345 413 591 645 746 875 892
6 21 246 255 420 533 906 916 981 987
26 101 105 194 300 327 354 390 404 487
30 531 629 661 677 679 724 874 968 991
2 29 62 110 375 439 607 686 791 894
231 233 253 383 404 522 566 806 939 958
98 187 260 338 345 373 443 478 558 621
159 168 192 290 430 491 505 543 600 602
53 124 229 569 708 710 851 866 881 939
55 62 163 173 268 864 944 952 956 982
27 73 308 400 424 455 557 588 751 833
77 176 280 434 472 570 648 746 804 934
11 71 327 406 655 774 820 944 971 988
56 74 99 231 257 275 409 575 708 717
191 284 439 618 725 727 759 863 881 904
172 248 320 372 498 517 560 625 692 915
65 177 210 221 333 390 491 663 964 976
33 82 222 384 405 409 508 610 707 939
69 266 319 489 609 735 745 879 957 963
27 28 161 340 392 541 675 778 812 917
55 72 244 300 343 393 615 791 863 900
171 262 457 522 555 570 800 838 894 897
92 259 317 416 492 578 662 789 940 992
290 397 414 464 505 518 695 877 905 940
177 238 344 379 390 405 419 766 870 956
188 233 403 449 473 474 514 535 625 802
1 55 197 484 496 565 591 602 643 717
68 537 552 575 675 712 733 875 982 991
18 22 25 69 254 324 800 823 873 893
57 151 156 417 494 617 710 791 940 955
193 353 386 392 511 635 688 730 821 952
71 138 240 284 486 594 657 696 871 890
166 284 412 456 512 526 527 671 695 889
33 113 225 282 356 541 565 685 695 894
120 205 251 422 676 715 794 821 835 851
27 256 287 322 556 580 676 851 916 922
58 200 230 238 489 518 731 781 794 854
158 178 368 432 505 515 518 597 843 894
8 48 49 161 231 297 388 785 946 985
115 199 218 339 489 694 701 949 959 973
12 25 75 183 385 482 715 750 839 943
102 166 170 455 491 523 569 609 768 924
142 264 311 357 389 425 520 626 656 787
247 298 424 433 633 839 928 933 955 982
179 256 258 280 339 449 566 608 799 876
7 60 86 146 297 347 654 731 785
265 320 477 499 509 543 545 650 691 739
6 338 473 534 557 618 650 796 903 984
114 208 282 670 677 771 927 958 965 982
30 124 217 231 504 687 755 806 840 930
36 60 65 137 472 533 602 636 698 776
43 162 166 353 445 484 492 892 916 919
55 526 555 624 691 734 753 811 860 999
193 313 322 377 550 648 815 863 911 996
46 73 90 184 192 317 323 454 600 834
17 33 182 255 449 515 535 552 575 722
4 364 466 531 666 741 750 844 930 966
55 86 247 525 552 567 603 643 671 715
84 118 208 258 432 656 712 753 888 982
44 124 286 494 640 641 720 881 898 925
239 350 634 690 750 851 874 890 969 999
116 138 331 333 562 564 600 770 865
25 465 533 560 578 590 694 748 831 989
85 112 216 288 415 418 584 685 872 917
76 151 196 329 443 520 611 662 693 892
52 128 358 361 399 458 491 567 704 879
24 321 454 660 666 738 773 827 941 984
39 72 268 374 504 644 661 817 898 924
191 204 219 268 410 500 692 712 781 879
78 198 563 566 579 618 712 749 882 976
74 182 239 354 397 611 653 752 846 854
275 350 654 801 810 866 907 947 949 971
33 157 313 366 394 463 485 553 899 981
95 101 251 332 490 498 510 624 643 732
38 175 234 261 571 634 652 664 707 881
23 130 134 139 182 529 571 611 762 997
25 77 102 114 258 273 289 533 535 907
53 142 404 557 596 727 807 938 972
128 233 338 500 502 628 723 762 847 915
58 133 165 200 382 531 835 876 954
42 260 355 375 519 533 646 680 902 954
24 199 352 453 578 616 710 903 912 947
15 59 108 287 339 493 637 837 889 967
67 153 188 327 549 568 594 615 655 883
9 80 236 519 619 626 691 775 823 869
131 150 172 182 339 443 572 582 644 910
100 252 316 358 364 421 541 569 680 767
82 110 170 188 483 676 719 726 761 811
251 319 382 577 617 757 777 829 938 980
19 33 144 300 354 557 659 803 869 946
75 248 380 404 467 482 587 769 898 941
140 194 286 338 366 567 609 714 783 983
165 239 386 449 491 634 719 902 928 960
52 125 150 159 262 348 598 720 731 734
100 134 293 350 357 361 367 461 530 998
18 19 207 272 319 445 516 543 716 823
160 248 270 309 491 729 822 880 948 951
6 340 383 434 555 895 899 912 934 973
57 193 277 442 502 644 679 742 890 987
96 128 207 242 395 419 442 611 660 719
59 194 493 578 610 670 676 685 740 825
159 164 202 293 451 556 569 617 742 937
37 123 149 219 378 387 565 764 848 894
93 112 202 236 294 416 559 716 797 970
41 274 318 494 799 848 886 903 908 917
39 47 93 124 142 162 235 547 867 946
52 147 230 237 315 401 766 824 841 996
49 157 218 229 270 397 742 766 808 848
162 274 324 392 459 525 673 687 702 705
12 16 104 124 364 438 465 573 631 950
83 244 261 495 580 906 925 929 987 990
17 40 66 156 264 365 866 893 932 961
53 60 179 183 620 680 840 843 848 999
21 55 67 99 119 164 696 920 942 978
70 118 367 417 429 578 685 768 880 969
4 225 241 247 293 498 536 623 700 794
83 135 164 169 196 559 610 614 661 920
70 236 344 368 397 480 599 773 913 959
34 180 217 289 351 400 589 767 858 974
126 133 153 355 502 525 689 872 887 932
77 121 148 164 322 325 348 385 434 749
156 183 272 354 391 473 553 690 795 904
47 115 121 213 318 395 502 646 660 831
36 328 476 549 585 634 681 751 790 896
68 211 263 304 476 769 852 895 934 992
26 155 284 301 323 414 460 465 709 761
24 27 355 386 421 645 662 663 724 852
188 239 246 257 509 621 650 777 793 859
79 160 449 455 476 671 785 857 880 895
79 91 130 257 594 628 823 829 920 950
73 116 276 456 614 736 755 763 879 890
81 112 389 443 508 509 610 835 943 961
48 276 318 355 511 556 633 768 881 951
73 96 170 440 522 609 636 904 912 928
6 241 248 328 422 505 682 683 847 913
27 44 87 210 542 578 580 643 710 940
232 299 354 392 409 580 616 673 767 782
5 92 164 376 603 719 744 759 963 980
15 237 261 270 337 386 465 573 845 931
52 92 425 495 551 564 648 725 844 895
84 111 350 368 450 557 633 736 755 768
16 169 227 297 448 504 649 800 830 894
128 264 272 349 524 570 587 618 741 924
8 291 306 463 492 546 583 640 756 964
46 64 149 480 523 584 655 725 819 876
41 101 111 207 282 456 522 638 706 833
39 75 153 287 600 641 654 686 737 740
9 263 366 483 509 579 585 734 945 992
2 60 75 106 175 260 547 729 734 744
33 100 134 138 368 523 617 717 745 902
88 138 145 356 359 480 559 594 831 870
43 265 311 452 578 615 657 718 761 827
143 359 382 496 502 558 579 834 865 961
18 115 139 249 331 379 411 502 698 800
159 256 348 456 493 597 598 613 792 973
99 148 283 364 436 508 521 712 973 993
14 75 115 159 189 215 368 414 430 497
38 178 374 393 564 622 649 689 964 993
84 86 230 302 310 465 566 733 755 967
59 310 313 399 457 471 556 574 792 892
64 238 261 326 617 623 746 755 892 895
183 206 211 457 477 500 587 725 731 816
316 367 549 561 562 603 674 911 934 991
120 201 457 459 565 647 655 733 796 884
56 70 150 159 163 274 490 580 873 949
12 62 139 311 329 420 469 591 722 920
223 258 272 490 506 597 701 755 936 981
42 46 117 204 224 437 485 742 864 882
261 330 372 418 513 520 695 699 858 929
353 364 389 397 483 510 589 815 945 961
183 345 380 382 422 499 758 796 827 853
46 197 382 471 774 811 899 925 949 987
194 331 424 457 508 619 665 766 967 984
15 440 520 584 604 610 889 911 984 990
57 186 205 263 295 318 636 783 847 942
17 21 127 345 408 521 535 559 637 813
21 81 211 303 459 590 593 690 833 996
245 276 278 367 383 445 534 623 683 865
173 250 315 397 476 616 635 670 895 988
275 289 337 520 560 561 631 791 803 936
6 27 477 598 644 780 839 927 956 979
20 219 221 370 441 470 484 721 841 944
107 208 211 335 507 651 774 832 979
22 142 157 207 249 355 600 629 729 960
24 239 276 386 437 462 584 703 768 920
133 503 563 633 637 679 747 749 764 956
8 26 128 236 411 532 564 606 629 736
71 325 380 421 594 665 702 757 770 852
245 356 374 546 702 792 812 826 834 890
22 77 175 241 454 457 508 512 863 919
190 383 421 462 545 586 627 748 865 999
83 92 224 270 315 541 587 785 792 795
42 44 64 167 191 630 660 675 769 931
60 61 121 364 560 588 604 623 692 998
32 143 163 167 266 314 362 416 571 690
42 78 106 143 153 379 504 533 658 812
1 53 93 102 324 695 726 811 815 859
29 405 406 481 561 687 774 820 830 861
16 19 330 343 398 578 707 882 911 961
38 45 76 177 348 588 597 776 940 954
15 78 376 406 488 514 540 725 857 926
109 110 194 217 316 376 488 569 637 994
112 294 331 332 492 520 534 539 712 827
